,구,동,평균거주인구,연도
0,종로구,청운효자동,54.5,2018
1,종로구,사직동,79.5,2018
2,종로구,삼청동,20.5,2018
3,종로구,부암동,46.16666666666667,2018
4,종로구,평창동,22.5,2018
5,종로구,무악동,183.3333333333333,2018
6,종로구,교남동,274.0,2018
7,종로구,가회동,80.5,2018
8,종로구,종로1.2.3.4가동,30.833333333333336,2018
9,종로구,종로5.6가동,88.5,2018
10,종로구,이화동,109.5,2018
11,종로구,혜화동,147.83333333333331,2018
12,종로구,창신1동,186.66666666666669,2018
13,종로구,창신2동,355.16666666666663,2018
14,종로구,창신3동,337.16666666666663,2018
15,종로구,숭인1동,259.3333333333333,2018
16,종로구,숭인2동,268.33333333333337,2018
17,중구,소공동,14.333333333333334,2018
18,중구,회현동,55.66666666666667,2018
19,중구,명동,19.5,2018
20,중구,필동,29.0,2018
21,중구,장충동,47.33333333333333,2018
22,중구,광희동,65.83333333333334,2018
23,중구,을지로동,27.666666666666664,2018
24,중구,신당동,133.16666666666669,2018
25,중구,다산동,284.0,2018
26,중구,약수동,361.6666666666666,2018
27,중구,청구동,436.33333333333337,2018
28,중구,신당5동,298.66666666666663,2018
29,중구,동화동,357.5,2018
30,중구,황학동,377.83333333333337,2018
31,중구,중림동,169.0,2018
32,용산구,후암동,211.3333333333333,2018
33,용산구,용산2가동,52.5,2018
34,용산구,남영동,106.16666666666666,2018
35,용산구,청파동,236.16666666666669,2018
36,용산구,원효로1동,240.0,2018
37,용산구,원효로2동,164.0,2018
38,용산구,효창동,192.66666666666669,2018
39,용산구,용문동,446.5,2018
40,용산구,한강로동,45.83333333333333,2018
41,용산구,이촌1동,129.83333333333331,2018
42,용산구,이촌2동,75.83333333333334,2018
43,용산구,이태원1동,120.5,2018
44,용산구,이태원2동,107.16666666666666,2018
45,용산구,한남동,65.0,2018
46,용산구,서빙고동,62.0,2018
47,용산구,보광동,171.83333333333331,2018
48,성동구,왕십리2동,419.6666666666666,2018
49,성동구,왕십리도선동,373.6666666666666,2018
50,성동구,마장동,217.16666666666669,2018
51,성동구,사근동,95.5,2018
52,성동구,행당1동,259.83333333333337,2018
53,성동구,행당2동,547.0,2018
54,성동구,응봉동,303.0,2018
55,성동구,금호1가동,333.0,2018
56,성동구,금호2.3가동,385.0,2018
57,성동구,금호4가동,156.83333333333331,2018
58,성동구,옥수동,223.16666666666669,2018
59,성동구,성수1가1동,74.83333333333334,2018
60,성동구,성수1가2동,160.33333333333331,2018
61,성동구,성수2가1동,160.66666666666669,2018
62,성동구,성수2가3동,108.83333333333334,2018
63,성동구,송정동,195.5,2018
64,성동구,용답동,65.33333333333333,2018
65,광진구,화양동,185.66666666666669,2018
66,광진구,군자동,275.0,2018
67,광진구,중곡1동,263.66666666666663,2018
68,광진구,중곡2동,412.83333333333337,2018
69,광진구,중곡3동,293.0,2018
70,광진구,중곡4동,137.5,2018
71,광진구,능동,104.5,2018
72,광진구,광장동,125.66666666666666,2018
73,광진구,자양1동,360.16666666666663,2018
74,광진구,자양2동,167.16666666666669,2018
75,광진구,자양3동,275.33333333333337,2018
76,광진구,자양4동,174.5,2018
77,광진구,구의1동,407.1666666666666,2018
78,광진구,구의2동,188.16666666666669,2018
79,광진구,구의3동,200.5,2018
80,동대문구,용신동,193.16666666666669,2018
81,동대문구,제기동,210.0,2018
82,동대문구,전농1동,257.5,2018
83,동대문구,전농2동,204.0,2018
84,동대문구,답십리1동,314.83333333333337,2018
85,동대문구,답십리2동,341.66666666666663,2018
86,동대문구,장안1동,283.16666666666663,2018
87,동대문구,장안2동,271.16666666666663,2018
88,동대문구,청량리동,185.16666666666669,2018
89,동대문구,회기동,121.83333333333334,2018
90,동대문구,휘경1동,253.66666666666669,2018
91,동대문구,휘경2동,204.0,2018
92,동대문구,이문1동,273.16666666666663,2018
93,동대문구,이문2동,313.0,2018
94,중랑구,면목2동,360.5,2018
95,중랑구,면목4동,255.0,2018
96,중랑구,면목5동,173.16666666666669,2018
97,중랑구,면목본동,425.83333333333337,2018
98,중랑구,면목7동,181.8333333333333,2018
99,중랑구,면목3.8동,171.0,2018
100,중랑구,상봉1동,283.33333333333337,2018
101,중랑구,상봉2동,272.5,2018
102,중랑구,중화1동,332.5,2018
103,중랑구,중화2동,293.0,2018
104,중랑구,묵1동,295.0,2018
105,중랑구,묵2동,289.16666666666663,2018
106,중랑구,망우본동,104.33333333333334,2018
107,중랑구,망우3동,189.8333333333333,2018
108,중랑구,신내1동,175.16666666666669,2018
109,중랑구,신내2동,245.16666666666669,2018
110,성북구,성북동,43.16666666666667,2018
111,성북구,삼선동,310.0,2018
112,성북구,동선동,217.0,2018
113,성북구,돈암1동,350.66666666666663,2018
114,성북구,돈암2동,454.6666666666666,2018
115,성북구,안암동,117.0,2018
116,성북구,보문동,305.83333333333337,2018
117,성북구,정릉1동,439.0,2018
118,성북구,정릉2동,211.16666666666669,2018
119,성북구,정릉3동,49.5,2018
120,성북구,정릉4동,72.5,2018
121,성북구,길음1동,464.5,2018
122,성북구,길음2동,188.16666666666669,2018
123,성북구,종암동,275.33333333333337,2018
124,성북구,월곡1동,325.66666666666663,2018
125,성북구,월곡2동,153.33333333333331,2018
126,성북구,장위1동,292.66666666666663,2018
127,성북구,장위2동,261.3333333333333,2018
128,성북구,장위3동,180.66666666666669,2018
129,성북구,석관동,188.16666666666669,2018
130,강북구,삼양동,298.0,2018
131,강북구,미아동,273.33333333333337,2018
132,강북구,송중동,272.33333333333337,2018
133,강북구,송천동,315.33333333333337,2018
134,강북구,삼각산동,551.1666666666667,2018
135,강북구,번1동,313.83333333333337,2018
136,강북구,번2동,179.0,2018
137,강북구,번3동,179.83333333333331,2018
138,강북구,수유1동,126.66666666666666,2018
139,강북구,수유2동,375.33333333333337,2018
140,강북구,수유3동,327.16666666666663,2018
141,강북구,우이동,20.0,2018
142,강북구,인수동,115.0,2018
143,도봉구,창1동,245.66666666666669,2018
144,도봉구,창2동,480.33333333333337,2018
145,도봉구,창3동,241.5,2018
146,도봉구,창4동,248.3333333333333,2018
147,도봉구,창5동,381.5,2018
148,도봉구,도봉1동,27.0,2018
149,도봉구,도봉2동,237.5,2018
150,도봉구,쌍문1동,194.16666666666669,2018
151,도봉구,쌍문2동,375.1666666666666,2018
152,도봉구,쌍문3동,344.83333333333337,2018
153,도봉구,쌍문4동,346.66666666666663,2018
154,도봉구,방학1동,292.0,2018
155,도봉구,방학2동,198.3333333333333,2018
156,도봉구,방학3동,159.66666666666669,2018
157,노원구,월계1동,214.3333333333333,2018
158,노원구,월계2동,135.66666666666669,2018
159,노원구,월계3동,262.16666666666663,2018
160,노원구,공릉1동,319.83333333333337,2018
161,노원구,공릉2동,56.66666666666667,2018
162,노원구,하계1동,192.3333333333333,2018
163,노원구,하계2동,471.5,2018
164,노원구,중계본동,131.66666666666669,2018
165,노원구,중계1동,462.5,2018
166,노원구,중계4동,138.0,2018
167,노원구,중계2.3동,424.33333333333337,2018
168,노원구,상계1동,82.0,2018
169,노원구,상계2동,343.83333333333337,2018
170,노원구,상계3.4동,56.16666666666667,2018
171,노원구,상계5동,468.0,2018
172,노원구,상계6.7동,247.66666666666669,2018
173,노원구,상계8동,371.5,2018
174,노원구,상계9동,271.5,2018
175,노원구,상계10동,215.5,2018
176,은평구,녹번동,169.5,2018
177,은평구,불광1동,104.33333333333334,2018
178,은평구,불광2동,232.3333333333333,2018
179,은평구,갈현1동,271.16666666666663,2018
180,은평구,갈현2동,297.66666666666663,2018
181,은평구,구산동,255.5,2018
182,은평구,대조동,377.0,2018
183,은평구,응암1동,233.5,2018
184,은평구,응암2동,254.3333333333333,2018
185,은평구,응암3동,346.16666666666663,2018
186,은평구,역촌동,437.33333333333337,2018
187,은평구,신사1동,340.5,2018
188,은평구,신사2동,208.66666666666669,2018
189,은평구,증산동,187.16666666666669,2018
190,은평구,수색동,107.66666666666666,2018
191,은평구,진관동,43.66666666666667,2018
192,서대문구,천연동,216.16666666666669,2018
193,서대문구,북아현동,363.6666666666666,2018
194,서대문구,충현동,163.0,2018
195,서대문구,신촌동,73.5,2018
196,서대문구,연희동,126.33333333333334,2018
197,서대문구,홍제1동,159.16666666666669,2018
198,서대문구,홍제3동,154.0,2018
199,서대문구,홍제2동,210.8333333333333,2018
200,서대문구,홍은1동,147.83333333333331,2018
201,서대문구,홍은2동,143.83333333333331,2018
202,서대문구,남가좌1동,360.33333333333337,2018
203,서대문구,남가좌2동,288.5,2018
204,서대문구,북가좌1동,317.33333333333337,2018
205,서대문구,북가좌2동,438.5,2018
206,마포구,아현동,311.5,2018
207,마포구,공덕동,419.5,2018
208,마포구,도화동,262.5,2018
209,마포구,용강동,219.5,2018
210,마포구,대흥동,139.66666666666669,2018
211,마포구,염리동,223.0,2018
212,마포구,신수동,232.3333333333333,2018
213,마포구,서강동,133.83333333333331,2018
214,마포구,서교동,149.66666666666669,2018
215,마포구,합정동,106.33333333333334,2018
216,마포구,망원1동,191.8333333333333,2018
217,마포구,망원2동,163.83333333333331,2018
218,마포구,연남동,260.83333333333337,2018
219,마포구,성산1동,233.5,2018
220,마포구,성산2동,203.5,2018
221,마포구,상암동,43.0,2018
222,양천구,목1동,193.3333333333333,2018
223,양천구,목2동,306.16666666666663,2018
224,양천구,목3동,414.5,2018
225,양천구,목4동,474.5,2018
226,양천구,목5동,212.0,2018
227,양천구,신월1동,354.16666666666663,2018
228,양천구,신월2동,374.5,2018
229,양천구,신월3동,181.5,2018
230,양천구,신월4동,414.5,2018
231,양천구,신월5동,300.83333333333337,2018
232,양천구,신월6동,158.33333333333331,2018
233,양천구,신월7동,184.16666666666669,2018
234,양천구,신정1동,312.0,2018
235,양천구,신정2동,355.0,2018
236,양천구,신정3동,175.83333333333331,2018
237,양천구,신정4동,355.83333333333337,2018
238,양천구,신정6동,252.8333333333333,2018
239,양천구,신정7동,263.66666666666663,2018
240,강서구,염창동,208.66666666666669,2018
241,강서구,등촌1동,346.33333333333337,2018
242,강서구,등촌2동,237.3333333333333,2018
243,강서구,등촌3동,325.0,2018
244,강서구,화곡1동,451.0,2018
245,강서구,화곡2동,440.33333333333337,2018
246,강서구,화곡3동,437.83333333333337,2018
247,강서구,화곡4동,266.5,2018
248,강서구,화곡본동,359.16666666666663,2018
249,강서구,화곡6동,238.8333333333333,2018
250,강서구,화곡8동,467.83333333333337,2018
251,강서구,가양1동,63.66666666666666,2018
252,강서구,가양2동,160.16666666666669,2018
253,강서구,가양3동,239.5,2018
254,강서구,발산1동,129.83333333333334,2018
255,강서구,우장산동,365.5,2018
256,강서구,공항동,26.5,2018
257,강서구,방화1동,325.0,2018
258,강서구,방화2동,43.0,2018
259,강서구,방화3동,128.33333333333334,2018
260,구로구,신도림동,274.5,2018
261,구로구,구로1동,216.5,2018
262,구로구,구로2동,147.5,2018
263,구로구,구로3동,244.3333333333333,2018
264,구로구,구로4동,412.83333333333337,2018
265,구로구,구로5동,284.5,2018
266,구로구,가리봉동,244.3333333333333,2018
267,구로구,고척1동,221.3333333333333,2018
268,구로구,고척2동,287.33333333333337,2018
269,구로구,개봉1동,287.0,2018
270,구로구,개봉2동,397.1666666666666,2018
271,구로구,개봉3동,274.0,2018
272,구로구,오류1동,304.16666666666663,2018
273,구로구,오류2동,102.83333333333334,2018
274,구로구,수궁동,94.0,2018
275,금천구,가산동,87.33333333333334,2018
276,금천구,독산1동,186.8333333333333,2018
277,금천구,독산2동,347.16666666666663,2018
278,금천구,독산3동,263.0,2018
279,금천구,독산4동,276.66666666666663,2018
280,금천구,시흥1동,244.66666666666669,2018
281,금천구,시흥2동,200.16666666666669,2018
282,금천구,시흥3동,87.83333333333334,2018
283,금천구,시흥4동,274.5,2018
284,금천구,시흥5동,137.33333333333331,2018
285,영등포구,영등포본동,282.83333333333337,2018
286,영등포구,영등포동,161.66666666666669,2018
287,영등포구,여의동,49.5,2018
288,영등포구,당산1동,277.66666666666663,2018
289,영등포구,당산2동,228.0,2018
290,영등포구,도림동,354.33333333333337,2018
291,영등포구,문래동,182.5,2018
292,영등포구,양평1동,196.8333333333333,2018
293,영등포구,양평2동,87.66666666666666,2018
294,영등포구,신길1동,237.0,2018
295,영등포구,신길3동,313.0,2018
296,영등포구,신길4동,324.66666666666663,2018
297,영등포구,신길5동,223.16666666666669,2018
298,영등포구,신길6동,270.66666666666663,2018
299,영등포구,신길7동,261.5,2018
300,영등포구,대림1동,275.0,2018
301,영등포구,대림2동,225.8333333333333,2018
302,영등포구,대림3동,266.83333333333337,2018
303,동작구,노량진1동,172.33333333333331,2018
304,동작구,노량진2동,237.3333333333333,2018
305,동작구,상도1동,312.33333333333337,2018
306,동작구,상도2동,334.83333333333337,2018
307,동작구,상도3동,390.0,2018
308,동작구,상도4동,314.33333333333337,2018
309,동작구,흑석동,150.0,2018
310,동작구,사당1동,365.5,2018
311,동작구,사당2동,92.16666666666666,2018
312,동작구,사당3동,273.83333333333337,2018
313,동작구,사당4동,334.33333333333337,2018
314,동작구,사당5동,196.3333333333333,2018
315,동작구,대방동,251.8333333333333,2018
316,동작구,신대방1동,357.16666666666663,2018
317,동작구,신대방2동,208.66666666666669,2018
318,관악구,보라매동,324.33333333333337,2018
319,관악구,청림동,560.0,2018
320,관악구,성현동,481.6666666666666,2018
321,관악구,행운동,403.6666666666666,2018
322,관악구,낙성대동,69.83333333333334,2018
323,관악구,청룡동,234.8333333333333,2018
324,관악구,은천동,477.33333333333337,2018
325,관악구,중앙동,393.33333333333337,2018
326,관악구,인헌동,384.6666666666666,2018
327,관악구,남현동,45.0,2018
328,관악구,서원동,358.33333333333337,2018
329,관악구,신원동,341.0,2018
330,관악구,서림동,250.8333333333333,2018
331,관악구,신사동,379.1666666666666,2018
332,관악구,신림동,405.0,2018
333,관악구,난향동,212.5,2018
334,관악구,조원동,269.16666666666663,2018
335,관악구,대학동,29.0,2018
336,관악구,삼성동,103.16666666666666,2018
337,관악구,미성동,238.0,2018
338,관악구,난곡동,299.66666666666663,2018
339,서초구,서초1동,153.33333333333331,2018
340,서초구,서초2동,138.5,2018
341,서초구,서초3동,99.16666666666666,2018
342,서초구,서초4동,336.5,2018
343,서초구,잠원동,187.16666666666669,2018
344,서초구,반포본동,84.5,2018
345,서초구,반포1동,285.5,2018
346,서초구,반포2동,183.5,2018
347,서초구,반포3동,143.5,2018
348,서초구,반포4동,138.66666666666669,2018
349,서초구,방배본동,324.83333333333337,2018
350,서초구,방배1동,247.16666666666669,2018
351,서초구,방배2동,138.0,2018
352,서초구,방배3동,94.0,2018
353,서초구,방배4동,267.5,2018
354,서초구,양재1동,82.83333333333334,2018
355,서초구,양재2동,31.166666666666664,2018
356,서초구,내곡동,14.0,2018
357,강남구,신사동,102.33333333333334,2018
358,강남구,논현1동,187.3333333333333,2018
359,강남구,논현2동,151.0,2018
360,강남구,압구정동,111.5,2018
361,강남구,청담동,124.5,2018
362,강남구,삼성1동,76.83333333333334,2018
363,강남구,삼성2동,238.8333333333333,2018
364,강남구,대치1동,314.5,2018
365,강남구,대치2동,202.16666666666669,2018
366,강남구,대치4동,290.66666666666663,2018
367,강남구,역삼1동,148.83333333333331,2018
368,강남구,역삼2동,322.66666666666663,2018
369,강남구,도곡1동,221.16666666666669,2018
370,강남구,도곡2동,321.66666666666663,2018
371,강남구,개포1동,157.16666666666666,2018
372,강남구,개포2동,68.83333333333333,2018
373,강남구,개포4동,117.66666666666666,2018
374,강남구,세곡동,76.5,2018
375,강남구,일원본동,104.66666666666666,2018
376,강남구,일원1동,178.83333333333331,2018
377,강남구,일원2동,153.33333333333331,2018
378,강남구,수서동,101.33333333333334,2018
379,송파구,풍납1동,144.16666666666669,2018
380,송파구,풍납2동,118.5,2018
381,송파구,거여1동,246.66666666666669,2018
382,송파구,거여2동,347.5,2018
383,송파구,마천1동,382.6666666666666,2018
384,송파구,마천2동,249.16666666666669,2018
385,송파구,방이1동,274.33333333333337,2018
386,송파구,방이2동,327.66666666666663,2018
387,송파구,오륜동,63.0,2018
388,송파구,오금동,228.3333333333333,2018
389,송파구,송파1동,384.0,2018
390,송파구,송파2동,336.83333333333337,2018
391,송파구,석촌동,362.1666666666666,2018
392,송파구,삼전동,335.83333333333337,2018
393,송파구,가락본동,274.83333333333337,2018
394,송파구,가락1동,6.5,2018
395,송파구,가락2동,366.83333333333337,2018
396,송파구,문정1동,358.5,2018
397,송파구,문정2동,116.33333333333334,2018
398,송파구,장지동,271.66666666666663,2018
399,송파구,위례동,101.83333333333334,2018
400,송파구,잠실본동,257.6666666666667,2018
401,송파구,잠실2동,130.0,2018
402,송파구,잠실3동,222.5,2018
403,송파구,잠실4동,366.1666666666666,2018
404,송파구,잠실6동,120.83333333333334,2018
405,송파구,잠실7동,154.83333333333331,2018
406,강동구,강일동,89.83333333333334,2018
407,강동구,상일동,56.5,2018
408,강동구,명일1동,329.5,2018
409,강동구,명일2동,192.8333333333333,2018
410,강동구,고덕1동,142.5,2018
411,강동구,고덕2동,33.5,2018
412,강동구,암사1동,512.6666666666666,2018
413,강동구,암사2동,63.5,2018
414,강동구,암사3동,104.33333333333334,2018
415,강동구,천호1동,442.1666666666666,2018
416,강동구,천호2동,194.5,2018
417,강동구,천호3동,462.33333333333337,2018
418,강동구,성내1동,320.83333333333337,2018
419,강동구,성내2동,406.0,2018
420,강동구,성내3동,371.1666666666666,2018
421,강동구,길동,312.0,2018
422,강동구,둔촌1동,43.333333333333336,2018
423,강동구,둔촌2동,179.83333333333331,2018
0,종로구,청운효자동,53.66666666666667,2019
1,종로구,사직동,79.33333333333334,2019
2,종로구,삼청동,20.0,2019
3,종로구,부암동,45.83333333333333,2019
4,종로구,평창동,22.0,2019
5,종로구,무악동,180.66666666666669,2019
6,종로구,교남동,298.66666666666663,2019
7,종로구,가회동,78.83333333333334,2019
8,종로구,종로1.2.3.4가동,30.0,2019
9,종로구,종로5.6가동,87.83333333333334,2019
10,종로구,이화동,107.5,2019
11,종로구,혜화동,145.83333333333331,2019
12,종로구,창신1동,184.3333333333333,2019
13,종로구,창신2동,341.33333333333337,2019
14,종로구,창신3동,329.16666666666663,2019
15,종로구,숭인1동,237.66666666666669,2019
16,종로구,숭인2동,285.5,2019
17,중구,소공동,13.666666666666668,2019
18,중구,회현동,51.33333333333333,2019
19,중구,명동,28.833333333333336,2019
20,중구,필동,28.0,2019
21,중구,장충동,46.0,2019
22,중구,광희동,66.0,2019
23,중구,을지로동,28.166666666666664,2019
24,중구,신당동,135.83333333333331,2019
25,중구,다산동,274.16666666666663,2019
26,중구,약수동,348.16666666666663,2019
27,중구,청구동,423.33333333333337,2019
28,중구,신당5동,289.33333333333337,2019
29,중구,동화동,343.33333333333337,2019
30,중구,황학동,378.83333333333337,2019
31,중구,중림동,179.16666666666669,2019
32,용산구,후암동,209.5,2019
33,용산구,용산2가동,51.0,2019
34,용산구,남영동,106.0,2019
35,용산구,청파동,233.16666666666669,2019
36,용산구,원효로1동,244.8333333333333,2019
37,용산구,원효로2동,162.33333333333331,2019
38,용산구,효창동,192.8333333333333,2019
39,용산구,용문동,448.6666666666666,2019
40,용산구,한강로동,46.83333333333333,2019
41,용산구,이촌1동,129.5,2019
42,용산구,이촌2동,75.0,2019
43,용산구,이태원1동,118.66666666666666,2019
44,용산구,이태원2동,107.66666666666666,2019
45,용산구,한남동,64.16666666666666,2019
46,용산구,서빙고동,60.83333333333333,2019
47,용산구,보광동,168.33333333333331,2019
48,성동구,왕십리2동,464.6666666666666,2019
49,성동구,왕십리도선동,374.6666666666666,2019
50,성동구,마장동,216.0,2019
51,성동구,사근동,99.0,2019
52,성동구,행당1동,308.5,2019
53,성동구,행당2동,545.5,2019
54,성동구,응봉동,297.5,2019
55,성동구,금호1가동,363.1666666666666,2019
56,성동구,금호2.3가동,379.33333333333337,2019
57,성동구,금호4가동,160.5,2019
58,성동구,옥수동,221.5,2019
59,성동구,성수1가1동,75.0,2019
60,성동구,성수1가2동,153.16666666666669,2019
61,성동구,성수2가1동,155.33333333333331,2019
62,성동구,성수2가3동,106.33333333333334,2019
63,성동구,송정동,192.0,2019
64,성동구,용답동,61.16666666666667,2019
65,광진구,화양동,191.5,2019
66,광진구,군자동,268.16666666666663,2019
67,광진구,중곡1동,269.0,2019
68,광진구,중곡2동,409.0,2019
69,광진구,중곡3동,290.66666666666663,2019
70,광진구,중곡4동,134.16666666666669,2019
71,광진구,능동,105.0,2019
72,광진구,광장동,121.5,2019
73,광진구,자양1동,372.5,2019
74,광진구,자양2동,166.16666666666669,2019
75,광진구,자양3동,269.0,2019
76,광진구,자양4동,181.16666666666669,2019
77,광진구,구의1동,406.0,2019
78,광진구,구의2동,187.8333333333333,2019
79,광진구,구의3동,209.16666666666669,2019
80,동대문구,용신동,190.16666666666669,2019
81,동대문구,제기동,207.5,2019
82,동대문구,전농1동,272.16666666666663,2019
83,동대문구,전농2동,201.5,2019
84,동대문구,답십리1동,329.16666666666663,2019
85,동대문구,답십리2동,335.83333333333337,2019
86,동대문구,장안1동,277.66666666666663,2019
87,동대문구,장안2동,272.16666666666663,2019
88,동대문구,청량리동,179.5,2019
89,동대문구,회기동,122.66666666666666,2019
90,동대문구,휘경1동,250.16666666666669,2019
91,동대문구,휘경2동,202.0,2019
92,동대문구,이문1동,243.3333333333333,2019
93,동대문구,이문2동,306.0,2019
94,중랑구,면목2동,350.0,2019
95,중랑구,면목4동,247.66666666666669,2019
96,중랑구,면목5동,167.33333333333331,2019
97,중랑구,면목본동,423.33333333333337,2019
98,중랑구,면목7동,182.16666666666669,2019
99,중랑구,면목3.8동,163.33333333333331,2019
100,중랑구,상봉1동,286.33333333333337,2019
101,중랑구,상봉2동,284.83333333333337,2019
102,중랑구,중화1동,333.33333333333337,2019
103,중랑구,중화2동,290.0,2019
104,중랑구,묵1동,307.16666666666663,2019
105,중랑구,묵2동,290.5,2019
106,중랑구,망우본동,100.83333333333334,2019
107,중랑구,망우3동,186.16666666666669,2019
108,중랑구,신내1동,171.16666666666669,2019
109,중랑구,신내2동,237.16666666666669,2019
110,성북구,성북동,42.83333333333333,2019
111,성북구,삼선동,307.16666666666663,2019
112,성북구,동선동,216.5,2019
113,성북구,돈암1동,342.33333333333337,2019
114,성북구,돈암2동,454.5,2019
115,성북구,안암동,104.83333333333334,2019
116,성북구,보문동,299.5,2019
117,성북구,정릉1동,431.6666666666666,2019
118,성북구,정릉2동,210.3333333333333,2019
119,성북구,정릉3동,49.0,2019
120,성북구,정릉4동,71.83333333333334,2019
121,성북구,길음1동,463.6666666666666,2019
122,성북구,길음2동,198.16666666666669,2019
123,성북구,종암동,272.5,2019
124,성북구,월곡1동,323.5,2019
125,성북구,월곡2동,151.66666666666669,2019
126,성북구,장위1동,290.83333333333337,2019
127,성북구,장위2동,219.3333333333333,2019
128,성북구,장위3동,175.16666666666669,2019
129,성북구,석관동,184.8333333333333,2019
130,강북구,삼양동,277.83333333333337,2019
131,강북구,미아동,272.16666666666663,2019
132,강북구,송중동,269.66666666666663,2019
133,강북구,송천동,313.0,2019
134,강북구,삼각산동,547.1666666666667,2019
135,강북구,번1동,315.16666666666663,2019
136,강북구,번2동,176.0,2019
137,강북구,번3동,175.0,2019
138,강북구,수유1동,126.5,2019
139,강북구,수유2동,376.1666666666666,2019
140,강북구,수유3동,328.83333333333337,2019
141,강북구,우이동,20.0,2019
142,강북구,인수동,113.0,2019
143,도봉구,창1동,240.3333333333333,2019
144,도봉구,창2동,471.33333333333337,2019
145,도봉구,창3동,236.0,2019
146,도봉구,창4동,245.16666666666669,2019
147,도봉구,창5동,382.5,2019
148,도봉구,도봉1동,26.833333333333336,2019
149,도봉구,도봉2동,237.0,2019
150,도봉구,쌍문1동,185.5,2019
151,도봉구,쌍문2동,376.5,2019
152,도봉구,쌍문3동,339.66666666666663,2019
153,도봉구,쌍문4동,363.1666666666666,2019
154,도봉구,방학1동,290.0,2019
155,도봉구,방학2동,194.16666666666669,2019
156,도봉구,방학3동,156.66666666666669,2019
157,노원구,월계1동,211.16666666666669,2019
158,노원구,월계2동,137.5,2019
159,노원구,월계3동,258.33333333333337,2019
160,노원구,공릉1동,316.0,2019
161,노원구,공릉2동,56.83333333333333,2019
162,노원구,하계1동,191.0,2019
163,노원구,하계2동,463.1666666666666,2019
164,노원구,중계본동,128.16666666666666,2019
165,노원구,중계1동,452.5,2019
166,노원구,중계4동,138.0,2019
167,노원구,중계2.3동,412.1666666666666,2019
168,노원구,상계1동,81.66666666666666,2019
169,노원구,상계2동,339.16666666666663,2019
170,노원구,상계3.4동,54.5,2019
171,노원구,상계5동,469.83333333333337,2019
172,노원구,상계6.7동,243.5,2019
173,노원구,상계8동,365.5,2019
174,노원구,상계9동,267.16666666666663,2019
175,노원구,상계10동,210.16666666666669,2019
176,은평구,녹번동,176.16666666666669,2019
177,은평구,불광1동,101.83333333333334,2019
178,은평구,불광2동,231.66666666666669,2019
179,은평구,갈현1동,269.16666666666663,2019
180,은평구,갈현2동,294.66666666666663,2019
181,은평구,구산동,255.0,2019
182,은평구,대조동,363.1666666666666,2019
183,은평구,응암1동,228.3333333333333,2019
184,은평구,응암2동,230.5,2019
185,은평구,응암3동,360.83333333333337,2019
186,은평구,역촌동,429.6666666666666,2019
187,은평구,신사1동,346.33333333333337,2019
188,은평구,신사2동,207.0,2019
189,은평구,증산동,181.66666666666669,2019
190,은평구,수색동,89.33333333333334,2019
191,은평구,진관동,46.66666666666667,2019
192,서대문구,천연동,213.16666666666669,2019
193,서대문구,북아현동,373.83333333333337,2019
194,서대문구,충현동,158.66666666666669,2019
195,서대문구,신촌동,74.16666666666666,2019
196,서대문구,연희동,125.5,2019
197,서대문구,홍제1동,154.33333333333331,2019
198,서대문구,홍제3동,149.83333333333331,2019
199,서대문구,홍제2동,206.66666666666669,2019
200,서대문구,홍은1동,144.0,2019
201,서대문구,홍은2동,146.5,2019
202,서대문구,남가좌1동,359.16666666666663,2019
203,서대문구,남가좌2동,287.5,2019
204,서대문구,북가좌1동,311.0,2019
205,서대문구,북가좌2동,431.6666666666666,2019
206,마포구,아현동,311.83333333333337,2019
207,마포구,공덕동,418.0,2019
208,마포구,도화동,250.3333333333333,2019
209,마포구,용강동,215.3333333333333,2019
210,마포구,대흥동,132.0,2019
211,마포구,염리동,241.0,2019
212,마포구,신수동,221.0,2019
213,마포구,서강동,127.16666666666666,2019
214,마포구,서교동,135.0,2019
215,마포구,합정동,102.33333333333334,2019
216,마포구,망원1동,185.5,2019
217,마포구,망원2동,154.16666666666669,2019
218,마포구,연남동,245.16666666666669,2019
219,마포구,성산1동,223.5,2019
220,마포구,성산2동,201.3333333333333,2019
221,마포구,상암동,41.83333333333333,2019
222,양천구,목1동,188.8333333333333,2019
223,양천구,목2동,305.0,2019
224,양천구,목3동,429.83333333333337,2019
225,양천구,목4동,466.33333333333337,2019
226,양천구,목5동,210.66666666666669,2019
227,양천구,신월1동,349.0,2019
228,양천구,신월2동,366.1666666666666,2019
229,양천구,신월3동,172.0,2019
230,양천구,신월4동,408.0,2019
231,양천구,신월5동,312.5,2019
232,양천구,신월6동,154.33333333333331,2019
233,양천구,신월7동,180.16666666666669,2019
234,양천구,신정1동,295.83333333333337,2019
235,양천구,신정2동,350.83333333333337,2019
236,양천구,신정3동,169.83333333333331,2019
237,양천구,신정4동,354.0,2019
238,양천구,신정6동,257.5,2019
239,양천구,신정7동,263.83333333333337,2019
240,강서구,염창동,207.3333333333333,2019
241,강서구,등촌1동,349.16666666666663,2019
242,강서구,등촌2동,241.5,2019
243,강서구,등촌3동,314.0,2019
244,강서구,화곡1동,446.1666666666666,2019
245,강서구,화곡2동,429.5,2019
246,강서구,화곡3동,436.0,2019
247,강서구,화곡4동,260.66666666666663,2019
248,강서구,화곡본동,356.0,2019
249,강서구,화곡6동,237.16666666666669,2019
250,강서구,화곡8동,464.0,2019
251,강서구,가양1동,66.16666666666666,2019
252,강서구,가양2동,157.66666666666669,2019
253,강서구,가양3동,236.3333333333333,2019
254,강서구,발산1동,126.83333333333334,2019
255,강서구,우장산동,360.33333333333337,2019
256,강서구,공항동,27.833333333333336,2019
257,강서구,방화1동,321.0,2019
258,강서구,방화2동,43.0,2019
259,강서구,방화3동,125.66666666666666,2019
260,구로구,신도림동,269.33333333333337,2019
261,구로구,구로1동,214.3333333333333,2019
262,구로구,구로2동,143.5,2019
263,구로구,구로3동,240.0,2019
264,구로구,구로4동,399.1666666666666,2019
265,구로구,구로5동,283.0,2019
266,구로구,가리봉동,233.3333333333333,2019
267,구로구,고척1동,216.3333333333333,2019
268,구로구,고척2동,285.0,2019
269,구로구,개봉1동,283.0,2019
270,구로구,개봉2동,389.83333333333337,2019
271,구로구,개봉3동,270.66666666666663,2019
272,구로구,오류1동,314.0,2019
273,구로구,오류2동,102.33333333333334,2019
274,구로구,수궁동,92.66666666666666,2019
275,금천구,가산동,90.5,2019
276,금천구,독산1동,193.5,2019
277,금천구,독산2동,336.0,2019
278,금천구,독산3동,262.0,2019
279,금천구,독산4동,271.66666666666663,2019
280,금천구,시흥1동,237.3333333333333,2019
281,금천구,시흥2동,196.3333333333333,2019
282,금천구,시흥3동,85.0,2019
283,금천구,시흥4동,268.0,2019
284,금천구,시흥5동,137.5,2019
285,영등포구,영등포본동,262.5,2019
286,영등포구,영등포동,181.3333333333333,2019
287,영등포구,여의동,49.33333333333333,2019
288,영등포구,당산1동,279.0,2019
289,영등포구,당산2동,229.5,2019
290,영등포구,도림동,345.16666666666663,2019
291,영등포구,문래동,182.8333333333333,2019
292,영등포구,양평1동,201.3333333333333,2019
293,영등포구,양평2동,87.66666666666666,2019
294,영등포구,신길1동,228.66666666666669,2019
295,영등포구,신길3동,305.0,2019
296,영등포구,신길4동,311.5,2019
297,영등포구,신길5동,202.5,2019
298,영등포구,신길6동,276.33333333333337,2019
299,영등포구,신길7동,262.5,2019
300,영등포구,대림1동,269.33333333333337,2019
301,영등포구,대림2동,220.0,2019
302,영등포구,대림3동,255.0,2019
303,동작구,노량진1동,171.83333333333331,2019
304,동작구,노량진2동,233.5,2019
305,동작구,상도1동,311.16666666666663,2019
306,동작구,상도2동,336.83333333333337,2019
307,동작구,상도3동,388.6666666666666,2019
308,동작구,상도4동,312.66666666666663,2019
309,동작구,흑석동,144.83333333333331,2019
310,동작구,사당1동,365.0,2019
311,동작구,사당2동,91.83333333333334,2019
312,동작구,사당3동,273.83333333333337,2019
313,동작구,사당4동,340.0,2019
314,동작구,사당5동,193.66666666666669,2019
315,동작구,대방동,250.8333333333333,2019
316,동작구,신대방1동,354.0,2019
317,동작구,신대방2동,209.5,2019
318,관악구,보라매동,321.5,2019
319,관악구,청림동,566.1666666666667,2019
320,관악구,성현동,485.5,2019
321,관악구,행운동,403.5,2019
322,관악구,낙성대동,68.83333333333334,2019
323,관악구,청룡동,240.5,2019
324,관악구,은천동,475.0,2019
325,관악구,중앙동,396.5,2019
326,관악구,인헌동,379.0,2019
327,관악구,남현동,45.0,2019
328,관악구,서원동,356.0,2019
329,관악구,신원동,340.5,2019
330,관악구,서림동,249.0,2019
331,관악구,신사동,378.1666666666666,2019
332,관악구,신림동,421.0,2019
333,관악구,난향동,210.3333333333333,2019
334,관악구,조원동,269.33333333333337,2019
335,관악구,대학동,29.166666666666664,2019
336,관악구,삼성동,105.33333333333334,2019
337,관악구,미성동,235.8333333333333,2019
338,관악구,난곡동,292.66666666666663,2019
339,서초구,서초1동,154.0,2019
340,서초구,서초2동,145.83333333333331,2019
341,서초구,서초3동,103.33333333333334,2019
342,서초구,서초4동,354.5,2019
343,서초구,잠원동,184.66666666666669,2019
344,서초구,반포본동,83.5,2019
345,서초구,반포1동,297.5,2019
346,서초구,반포2동,141.5,2019
347,서초구,반포3동,145.66666666666669,2019
348,서초구,반포4동,138.0,2019
349,서초구,방배본동,324.66666666666663,2019
350,서초구,방배1동,251.8333333333333,2019
351,서초구,방배2동,122.33333333333334,2019
352,서초구,방배3동,91.16666666666666,2019
353,서초구,방배4동,253.16666666666669,2019
354,서초구,양재1동,80.83333333333334,2019
355,서초구,양재2동,31.666666666666664,2019
356,서초구,내곡동,14.0,2019
357,강남구,신사동,100.83333333333334,2019
358,강남구,논현1동,187.3333333333333,2019
359,강남구,논현2동,149.83333333333331,2019
360,강남구,압구정동,110.66666666666666,2019
361,강남구,청담동,125.83333333333334,2019
362,강남구,삼성1동,77.66666666666666,2019
363,강남구,삼성2동,242.0,2019
364,강남구,대치1동,320.5,2019
365,강남구,대치2동,196.3333333333333,2019
366,강남구,대치4동,292.83333333333337,2019
367,강남구,역삼1동,152.16666666666669,2019
368,강남구,역삼2동,322.83333333333337,2019
369,강남구,도곡1동,213.0,2019
370,강남구,도곡2동,330.83333333333337,2019
371,강남구,개포1동,87.66666666666666,2019
372,강남구,개포2동,63.5,2019
373,강남구,개포4동,119.5,2019
374,강남구,세곡동,76.0,2019
375,강남구,일원본동,104.5,2019
376,강남구,일원1동,179.5,2019
377,강남구,일원2동,152.16666666666669,2019
378,강남구,수서동,98.66666666666666,2019
379,송파구,풍납1동,145.66666666666669,2019
380,송파구,풍납2동,122.83333333333334,2019
381,송파구,거여1동,243.5,2019
382,송파구,거여2동,330.83333333333337,2019
383,송파구,마천1동,367.33333333333337,2019
384,송파구,마천2동,244.3333333333333,2019
385,송파구,방이1동,282.83333333333337,2019
386,송파구,방이2동,329.0,2019
387,송파구,오륜동,60.83333333333333,2019
388,송파구,오금동,241.0,2019
389,송파구,송파1동,380.6666666666666,2019
390,송파구,송파2동,330.0,2019
391,송파구,석촌동,360.0,2019
392,송파구,삼전동,331.0,2019
393,송파구,가락본동,274.83333333333337,2019
394,송파구,가락1동,38.66666666666666,2019
395,송파구,가락2동,361.83333333333337,2019
396,송파구,문정1동,357.5,2019
397,송파구,문정2동,124.5,2019
398,송파구,장지동,263.83333333333337,2019
399,송파구,위례동,109.83333333333334,2019
400,송파구,잠실본동,254.16666666666669,2019
401,송파구,잠실2동,127.83333333333334,2019
402,송파구,잠실3동,240.5,2019
403,송파구,잠실4동,342.5,2019
404,송파구,잠실6동,118.0,2019
405,송파구,잠실7동,151.83333333333331,2019
406,강동구,강일동,87.66666666666666,2019
407,강동구,상일동,61.5,2019
408,강동구,명일1동,351.33333333333337,2019
409,강동구,명일2동,196.16666666666669,2019
410,강동구,고덕1동,141.83333333333331,2019
411,강동구,고덕2동,31.5,2019
412,강동구,암사1동,503.6666666666666,2019
413,강동구,암사2동,62.66666666666667,2019
414,강동구,암사3동,101.83333333333334,2019
415,강동구,천호1동,430.6666666666666,2019
416,강동구,천호2동,191.8333333333333,2019
417,강동구,천호3동,489.1666666666666,2019
418,강동구,성내1동,316.0,2019
419,강동구,성내2동,398.5,2019
420,강동구,성내3동,370.5,2019
421,강동구,길동,296.5,2019
422,강동구,둔촌1동,3.0,2019
423,강동구,둔촌2동,177.33333333333331,2019
0,종로구,청운효자동,51.83333333333333,2020
1,종로구,사직동,81.16666666666666,2020
2,종로구,삼청동,19.833333333333336,2020
3,종로구,부암동,45.0,2020
4,종로구,평창동,22.0,2020
5,종로구,무악동,180.66666666666669,2020
6,종로구,교남동,296.5,2020
7,종로구,가회동,77.83333333333334,2020
8,종로구,종로1.2.3.4가동,30.0,2020
9,종로구,종로5.6가동,87.0,2020
10,종로구,이화동,104.33333333333334,2020
11,종로구,혜화동,145.0,2020
12,종로구,창신1동,175.5,2020
13,종로구,창신2동,331.5,2020
14,종로구,창신3동,328.33333333333337,2020
15,종로구,숭인1동,260.33333333333337,2020
16,종로구,숭인2동,264.16666666666663,2020
17,중구,소공동,22.166666666666664,2020
18,중구,회현동,57.66666666666667,2020
19,중구,명동,28.0,2020
20,중구,필동,28.0,2020
21,중구,장충동,45.83333333333333,2020
22,중구,광희동,66.66666666666666,2020
23,중구,을지로동,29.5,2020
24,중구,신당동,140.5,2020
25,중구,다산동,269.33333333333337,2020
26,중구,약수동,342.66666666666663,2020
27,중구,청구동,413.6666666666666,2020
28,중구,신당5동,292.83333333333337,2020
29,중구,동화동,339.0,2020
30,중구,황학동,383.1666666666666,2020
31,중구,중림동,258.83333333333337,2020
32,용산구,후암동,206.5,2020
33,용산구,용산2가동,50.5,2020
34,용산구,남영동,105.66666666666666,2020
35,용산구,청파동,228.8333333333333,2020
36,용산구,원효로1동,269.66666666666663,2020
37,용산구,원효로2동,158.33333333333331,2020
38,용산구,효창동,191.5,2020
39,용산구,용문동,436.1666666666666,2020
40,용산구,한강로동,52.33333333333333,2020
41,용산구,이촌1동,131.83333333333331,2020
42,용산구,이촌2동,74.66666666666666,2020
43,용산구,이태원1동,117.0,2020
44,용산구,이태원2동,105.83333333333334,2020
45,용산구,한남동,65.33333333333334,2020
46,용산구,서빙고동,60.0,2020
47,용산구,보광동,159.66666666666669,2020
48,성동구,왕십리2동,456.5,2020
49,성동구,왕십리도선동,377.83333333333337,2020
50,성동구,마장동,215.0,2020
51,성동구,사근동,99.33333333333334,2020
52,성동구,행당1동,280.0,2020
53,성동구,행당2동,536.0,2020
54,성동구,응봉동,293.83333333333337,2020
55,성동구,금호1가동,358.5,2020
56,성동구,금호2.3가동,374.5,2020
57,성동구,금호4가동,157.5,2020
58,성동구,옥수동,218.66666666666669,2020
59,성동구,성수1가1동,74.83333333333334,2020
60,성동구,성수1가2동,142.66666666666669,2020
61,성동구,성수2가1동,151.16666666666669,2020
62,성동구,성수2가3동,107.66666666666666,2020
63,성동구,송정동,186.3333333333333,2020
64,성동구,용답동,51.66666666666667,2020
65,광진구,화양동,195.16666666666669,2020
66,광진구,군자동,269.5,2020
67,광진구,중곡1동,273.0,2020
68,광진구,중곡2동,403.33333333333337,2020
69,광진구,중곡3동,282.83333333333337,2020
70,광진구,중곡4동,129.5,2020
71,광진구,능동,105.16666666666666,2020
72,광진구,광장동,123.83333333333334,2020
73,광진구,자양1동,369.33333333333337,2020
74,광진구,자양2동,161.16666666666669,2020
75,광진구,자양3동,263.16666666666663,2020
76,광진구,자양4동,151.0,2020
77,광진구,구의1동,400.5,2020
78,광진구,구의2동,201.3333333333333,2020
79,광진구,구의3동,204.5,2020
80,동대문구,용신동,191.8333333333333,2020
81,동대문구,제기동,210.0,2020
82,동대문구,전농1동,272.66666666666663,2020
83,동대문구,전농2동,198.3333333333333,2020
84,동대문구,답십리1동,355.16666666666663,2020
85,동대문구,답십리2동,352.5,2020
86,동대문구,장안1동,281.5,2020
87,동대문구,장안2동,280.83333333333337,2020
88,동대문구,청량리동,174.83333333333331,2020
89,동대문구,회기동,122.0,2020
90,동대문구,휘경1동,245.0,2020
91,동대문구,휘경2동,201.8333333333333,2020
92,동대문구,이문1동,189.16666666666669,2020
93,동대문구,이문2동,295.5,2020
94,중랑구,면목2동,343.0,2020
95,중랑구,면목4동,238.8333333333333,2020
96,중랑구,면목5동,179.33333333333331,2020
97,중랑구,면목본동,418.0,2020
98,중랑구,면목7동,179.33333333333331,2020
99,중랑구,면목3.8동,164.16666666666669,2020
100,중랑구,상봉1동,272.5,2020
101,중랑구,상봉2동,291.16666666666663,2020
102,중랑구,중화1동,323.83333333333337,2020
103,중랑구,중화2동,277.66666666666663,2020
104,중랑구,묵1동,302.33333333333337,2020
105,중랑구,묵2동,287.5,2020
106,중랑구,망우본동,99.83333333333334,2020
107,중랑구,망우3동,181.16666666666669,2020
108,중랑구,신내1동,171.33333333333331,2020
109,중랑구,신내2동,231.8333333333333,2020
110,성북구,성북동,42.0,2020
111,성북구,삼선동,295.16666666666663,2020
112,성북구,동선동,214.3333333333333,2020
113,성북구,돈암1동,337.0,2020
114,성북구,돈암2동,451.33333333333337,2020
115,성북구,안암동,60.0,2020
116,성북구,보문동,274.33333333333337,2020
117,성북구,정릉1동,428.83333333333337,2020
118,성북구,정릉2동,207.0,2020
119,성북구,정릉3동,48.83333333333333,2020
120,성북구,정릉4동,70.66666666666666,2020
121,성북구,길음1동,455.33333333333337,2020
122,성북구,길음2동,296.5,2020
123,성북구,종암동,269.5,2020
124,성북구,월곡1동,320.33333333333337,2020
125,성북구,월곡2동,150.16666666666669,2020
126,성북구,장위1동,284.66666666666663,2020
127,성북구,장위2동,201.3333333333333,2020
128,성북구,장위3동,185.8333333333333,2020
129,성북구,석관동,186.8333333333333,2020
130,강북구,삼양동,265.5,2020
131,강북구,미아동,267.83333333333337,2020
132,강북구,송중동,278.33333333333337,2020
133,강북구,송천동,301.83333333333337,2020
134,강북구,삼각산동,535.8333333333333,2020
135,강북구,번1동,310.5,2020
136,강북구,번2동,170.0,2020
137,강북구,번3동,168.83333333333331,2020
138,강북구,수유1동,123.66666666666666,2020
139,강북구,수유2동,371.1666666666666,2020
140,강북구,수유3동,322.5,2020
141,강북구,우이동,20.0,2020
142,강북구,인수동,112.33333333333334,2020
143,도봉구,창1동,235.5,2020
144,도봉구,창2동,461.33333333333337,2020
145,도봉구,창3동,230.0,2020
146,도봉구,창4동,240.16666666666669,2020
147,도봉구,창5동,374.5,2020
148,도봉구,도봉1동,25.833333333333336,2020
149,도봉구,도봉2동,236.0,2020
150,도봉구,쌍문1동,187.5,2020
151,도봉구,쌍문2동,367.0,2020
152,도봉구,쌍문3동,337.0,2020
153,도봉구,쌍문4동,362.33333333333337,2020
154,도봉구,방학1동,283.83333333333337,2020
155,도봉구,방학2동,189.0,2020
156,도봉구,방학3동,154.16666666666669,2020
157,노원구,월계1동,210.8333333333333,2020
158,노원구,월계2동,131.33333333333331,2020
159,노원구,월계3동,253.66666666666669,2020
160,노원구,공릉1동,315.0,2020
161,노원구,공릉2동,55.83333333333333,2020
162,노원구,하계1동,194.5,2020
163,노원구,하계2동,451.83333333333337,2020
164,노원구,중계본동,123.16666666666666,2020
165,노원구,중계1동,448.33333333333337,2020
166,노원구,중계4동,137.33333333333331,2020
167,노원구,중계2.3동,400.6666666666666,2020
168,노원구,상계1동,79.66666666666666,2020
169,노원구,상계2동,333.66666666666663,2020
170,노원구,상계3.4동,52.33333333333333,2020
171,노원구,상계5동,446.83333333333337,2020
172,노원구,상계6.7동,239.8333333333333,2020
173,노원구,상계8동,355.5,2020
174,노원구,상계9동,261.5,2020
175,노원구,상계10동,207.8333333333333,2020
176,은평구,녹번동,196.5,2020
177,은평구,불광1동,100.5,2020
178,은평구,불광2동,229.3333333333333,2020
179,은평구,갈현1동,262.83333333333337,2020
180,은평구,갈현2동,291.33333333333337,2020
181,은평구,구산동,254.0,2020
182,은평구,대조동,318.16666666666663,2020
183,은평구,응암1동,233.3333333333333,2020
184,은평구,응암2동,248.83333333333331,2020
185,은평구,응암3동,357.66666666666663,2020
186,은평구,역촌동,420.6666666666666,2020
187,은평구,신사1동,341.5,2020
188,은평구,신사2동,205.5,2020
189,은평구,증산동,178.66666666666669,2020
190,은평구,수색동,74.16666666666666,2020
191,은평구,진관동,44.83333333333333,2020
192,서대문구,천연동,207.8333333333333,2020
193,서대문구,북아현동,366.5,2020
194,서대문구,충현동,161.5,2020
195,서대문구,신촌동,75.33333333333334,2020
196,서대문구,연희동,127.0,2020
197,서대문구,홍제1동,165.5,2020
198,서대문구,홍제3동,148.33333333333331,2020
199,서대문구,홍제2동,204.5,2020
200,서대문구,홍은1동,144.83333333333331,2020
201,서대문구,홍은2동,133.66666666666669,2020
202,서대문구,남가좌1동,352.5,2020
203,서대문구,남가좌2동,326.0,2020
204,서대문구,북가좌1동,309.66666666666663,2020
205,서대문구,북가좌2동,423.33333333333337,2020
206,마포구,아현동,304.33333333333337,2020
207,마포구,공덕동,370.1666666666666,2020
208,마포구,도화동,218.66666666666669,2020
209,마포구,용강동,196.5,2020
210,마포구,대흥동,113.0,2020
211,마포구,염리동,267.5,2020
212,마포구,신수동,184.5,2020
213,마포구,서강동,107.5,2020
214,마포구,서교동,119.83333333333334,2020
215,마포구,합정동,105.16666666666666,2020
216,마포구,망원1동,154.5,2020
217,마포구,망원2동,126.16666666666669,2020
218,마포구,연남동,203.8333333333333,2020
219,마포구,성산1동,188.5,2020
220,마포구,성산2동,178.0,2020
221,마포구,상암동,36.83333333333333,2020
222,양천구,목1동,202.66666666666669,2020
223,양천구,목2동,303.83333333333337,2020
224,양천구,목3동,427.83333333333337,2020
225,양천구,목4동,460.6666666666666,2020
226,양천구,목5동,208.3333333333333,2020
227,양천구,신월1동,342.5,2020
228,양천구,신월2동,360.16666666666663,2020
229,양천구,신월3동,175.66666666666669,2020
230,양천구,신월4동,401.1666666666666,2020
231,양천구,신월5동,288.33333333333337,2020
232,양천구,신월6동,178.16666666666669,2020
233,양천구,신월7동,174.66666666666669,2020
234,양천구,신정1동,294.0,2020
235,양천구,신정2동,343.66666666666663,2020
236,양천구,신정3동,168.16666666666669,2020
237,양천구,신정4동,347.0,2020
238,양천구,신정6동,259.5,2020
239,양천구,신정7동,266.83333333333337,2020
240,강서구,염창동,214.0,2020
241,강서구,등촌1동,361.83333333333337,2020
242,강서구,등촌2동,237.8333333333333,2020
243,강서구,등촌3동,307.0,2020
244,강서구,화곡1동,443.83333333333337,2020
245,강서구,화곡2동,416.83333333333337,2020
246,강서구,화곡3동,432.6666666666666,2020
247,강서구,화곡4동,252.3333333333333,2020
248,강서구,화곡본동,356.0,2020
249,강서구,화곡6동,237.3333333333333,2020
250,강서구,화곡8동,455.33333333333337,2020
251,강서구,가양1동,67.16666666666666,2020
252,강서구,가양2동,150.16666666666669,2020
253,강서구,가양3동,231.5,2020
254,강서구,발산1동,125.66666666666666,2020
255,강서구,우장산동,350.66666666666663,2020
256,강서구,공항동,27.0,2020
257,강서구,방화1동,319.5,2020
258,강서구,방화2동,42.83333333333333,2020
259,강서구,방화3동,123.33333333333334,2020
260,구로구,신도림동,280.16666666666663,2020
261,구로구,구로1동,211.0,2020
262,구로구,구로2동,140.16666666666669,2020
263,구로구,구로3동,234.3333333333333,2020
264,구로구,구로4동,388.1666666666666,2020
265,구로구,구로5동,277.16666666666663,2020
266,구로구,가리봉동,224.66666666666669,2020
267,구로구,고척1동,217.16666666666669,2020
268,구로구,고척2동,278.33333333333337,2020
269,구로구,개봉1동,280.16666666666663,2020
270,구로구,개봉2동,382.33333333333337,2020
271,구로구,개봉3동,267.83333333333337,2020
272,구로구,오류1동,319.66666666666663,2020
273,구로구,오류2동,102.83333333333334,2020
274,구로구,수궁동,90.66666666666666,2020
275,금천구,가산동,94.66666666666666,2020
276,금천구,독산1동,211.8333333333333,2020
277,금천구,독산2동,324.83333333333337,2020
278,금천구,독산3동,256.0,2020
279,금천구,독산4동,263.66666666666663,2020
280,금천구,시흥1동,238.3333333333333,2020
281,금천구,시흥2동,192.16666666666669,2020
282,금천구,시흥3동,84.83333333333334,2020
283,금천구,시흥4동,262.0,2020
284,금천구,시흥5동,134.5,2020
285,영등포구,영등포본동,259.16666666666663,2020
286,영등포구,영등포동,190.3333333333333,2020
287,영등포구,여의동,51.0,2020
288,영등포구,당산1동,278.83333333333337,2020
289,영등포구,당산2동,234.3333333333333,2020
290,영등포구,도림동,344.66666666666663,2020
291,영등포구,문래동,183.5,2020
292,영등포구,양평1동,202.5,2020
293,영등포구,양평2동,86.16666666666666,2020
294,영등포구,신길1동,227.0,2020
295,영등포구,신길3동,303.83333333333337,2020
296,영등포구,신길4동,307.66666666666663,2020
297,영등포구,신길5동,197.0,2020
298,영등포구,신길6동,291.66666666666663,2020
299,영등포구,신길7동,269.83333333333337,2020
300,영등포구,대림1동,267.66666666666663,2020
301,영등포구,대림2동,219.3333333333333,2020
302,영등포구,대림3동,253.3333333333333,2020
303,동작구,노량진1동,170.83333333333331,2020
304,동작구,노량진2동,225.5,2020
305,동작구,상도1동,306.16666666666663,2020
306,동작구,상도2동,358.83333333333337,2020
307,동작구,상도3동,385.6666666666666,2020
308,동작구,상도4동,310.0,2020
309,동작구,흑석동,158.66666666666669,2020
310,동작구,사당1동,369.33333333333337,2020
311,동작구,사당2동,90.66666666666666,2020
312,동작구,사당3동,286.5,2020
313,동작구,사당4동,339.16666666666663,2020
314,동작구,사당5동,197.16666666666669,2020
315,동작구,대방동,249.0,2020
316,동작구,신대방1동,348.33333333333337,2020
317,동작구,신대방2동,206.5,2020
318,관악구,보라매동,312.66666666666663,2020
319,관악구,청림동,528.8333333333333,2020
320,관악구,성현동,532.5,2020
321,관악구,행운동,395.1666666666666,2020
322,관악구,낙성대동,67.83333333333334,2020
323,관악구,청룡동,251.16666666666663,2020
324,관악구,은천동,463.6666666666666,2020
325,관악구,중앙동,394.0,2020
326,관악구,인헌동,367.33333333333337,2020
327,관악구,남현동,44.83333333333333,2020
328,관악구,서원동,354.66666666666663,2020
329,관악구,신원동,332.5,2020
330,관악구,서림동,259.16666666666663,2020
331,관악구,신사동,373.6666666666666,2020
332,관악구,신림동,426.6666666666666,2020
333,관악구,난향동,206.0,2020
334,관악구,조원동,266.33333333333337,2020
335,관악구,대학동,30.0,2020
336,관악구,삼성동,96.16666666666666,2020
337,관악구,미성동,233.8333333333333,2020
338,관악구,난곡동,284.66666666666663,2020
339,서초구,서초1동,153.66666666666669,2020
340,서초구,서초2동,154.0,2020
341,서초구,서초3동,100.83333333333334,2020
342,서초구,서초4동,352.66666666666663,2020
343,서초구,잠원동,178.16666666666669,2020
344,서초구,반포본동,80.83333333333334,2020
345,서초구,반포1동,308.0,2020
346,서초구,반포2동,128.83333333333331,2020
347,서초구,반포3동,144.0,2020
348,서초구,반포4동,137.83333333333331,2020
349,서초구,방배본동,322.5,2020
350,서초구,방배1동,250.66666666666669,2020
351,서초구,방배2동,108.5,2020
352,서초구,방배3동,91.33333333333334,2020
353,서초구,방배4동,249.0,2020
354,서초구,양재1동,79.66666666666666,2020
355,서초구,양재2동,30.0,2020
356,서초구,내곡동,14.0,2020
357,강남구,신사동,99.33333333333334,2020
358,강남구,논현1동,183.8333333333333,2020
359,강남구,논현2동,149.16666666666669,2020
360,강남구,압구정동,108.83333333333334,2020
361,강남구,청담동,123.0,2020
362,강남구,삼성1동,75.0,2020
363,강남구,삼성2동,241.8333333333333,2020
364,강남구,대치1동,317.16666666666663,2020
365,강남구,대치2동,187.3333333333333,2020
366,강남구,대치4동,286.66666666666663,2020
367,강남구,역삼1동,152.83333333333331,2020
368,강남구,역삼2동,323.0,2020
369,강남구,도곡1동,213.5,2020
370,강남구,도곡2동,334.33333333333337,2020
371,강남구,개포1동,70.16666666666666,2020
372,강남구,개포2동,91.5,2020
373,강남구,개포4동,121.5,2020
374,강남구,세곡동,75.83333333333334,2020
375,강남구,일원본동,101.83333333333334,2020
376,강남구,일원1동,170.83333333333331,2020
377,강남구,일원2동,172.33333333333331,2020
378,강남구,수서동,96.16666666666666,2020
379,송파구,풍납1동,137.66666666666669,2020
380,송파구,풍납2동,123.0,2020
381,송파구,거여1동,254.3333333333333,2020
382,송파구,거여2동,332.66666666666663,2020
383,송파구,마천1동,356.5,2020
384,송파구,마천2동,240.0,2020
385,송파구,방이1동,281.33333333333337,2020
386,송파구,방이2동,335.33333333333337,2020
387,송파구,오륜동,59.83333333333333,2020
388,송파구,오금동,239.8333333333333,2020
389,송파구,송파1동,372.1666666666666,2020
390,송파구,송파2동,325.0,2020
391,송파구,석촌동,353.33333333333337,2020
392,송파구,삼전동,324.5,2020
393,송파구,가락본동,268.16666666666663,2020
394,송파구,가락1동,202.5,2020
395,송파구,가락2동,359.66666666666663,2020
396,송파구,문정1동,343.66666666666663,2020
397,송파구,문정2동,126.66666666666666,2020
398,송파구,장지동,249.5,2020
399,송파구,위례동,110.33333333333334,2020
400,송파구,잠실본동,254.3333333333333,2020
401,송파구,잠실2동,126.66666666666666,2020
402,송파구,잠실3동,237.3333333333333,2020
403,송파구,잠실4동,264.0,2020
404,송파구,잠실6동,123.0,2020
405,송파구,잠실7동,150.16666666666669,2020
406,강동구,강일동,87.5,2020
407,강동구,상일동,79.83333333333334,2020
408,강동구,명일1동,355.33333333333337,2020
409,강동구,명일2동,191.66666666666669,2020
410,강동구,고덕1동,140.16666666666669,2020
411,강동구,고덕2동,39.66666666666667,2020
412,강동구,암사1동,490.0,2020
413,강동구,암사2동,61.83333333333333,2020
414,강동구,암사3동,100.83333333333334,2020
415,강동구,천호1동,417.5,2020
416,강동구,천호2동,190.66666666666669,2020
417,강동구,천호3동,477.83333333333337,2020
418,강동구,성내1동,310.33333333333337,2020
419,강동구,성내2동,390.6666666666666,2020
420,강동구,성내3동,367.5,2020
421,강동구,길동,289.66666666666663,2020
422,강동구,둔촌1동,2.5,2020
423,강동구,둔촌2동,172.5,2020
0,종로구,청운효자동,51.0,2021
1,종로구,사직동,82.0,2021
2,종로구,삼청동,19.0,2021
3,종로구,부암동,45.0,2021
4,종로구,평창동,22.0,2021
5,종로구,무악동,189.0,2021
6,종로구,교남동,294.0,2021
7,종로구,가회동,77.0,2021
8,종로구,종로1.2.3.4가동,30.0,2021
9,종로구,종로5.6가동,87.0,2021
10,종로구,이화동,101.0,2021
11,종로구,혜화동,145.0,2021
12,종로구,창신1동,173.0,2021
13,종로구,창신2동,324.0,2021
14,종로구,창신3동,320.0,2021
15,종로구,숭인1동,257.0,2021
16,종로구,숭인2동,270.0,2021
17,중구,소공동,23.0,2021
18,중구,회현동,56.0,2021
19,중구,명동,28.0,2021
20,중구,필동,28.0,2021
21,중구,장충동,45.0,2021
22,중구,광희동,70.0,2021
23,중구,을지로동,32.0,2021
24,중구,신당동,143.0,2021
25,중구,다산동,266.0,2021
26,중구,약수동,336.0,2021
27,중구,청구동,407.0,2021
28,중구,신당5동,327.0,2021
29,중구,동화동,334.0,2021
30,중구,황학동,384.0,2021
31,중구,중림동,253.0,2021
32,용산구,후암동,204.0,2021
33,용산구,용산2가동,48.0,2021
34,용산구,남영동,104.0,2021
35,용산구,청파동,228.0,2021
36,용산구,원효로1동,273.0,2021
37,용산구,원효로2동,155.0,2021
38,용산구,효창동,214.0,2021
39,용산구,용문동,432.0,2021
40,용산구,한강로동,59.0,2021
41,용산구,이촌1동,131.0,2021
42,용산구,이촌2동,73.0,2021
43,용산구,이태원1동,117.0,2021
44,용산구,이태원2동,105.0,2021
45,용산구,한남동,67.0,2021
46,용산구,서빙고동,60.0,2021
47,용산구,보광동,158.0,2021
48,성동구,왕십리2동,449.0,2021
49,성동구,왕십리도선동,377.0,2021
50,성동구,마장동,210.0,2021
51,성동구,사근동,101.0,2021
52,성동구,행당1동,250.0,2021
53,성동구,행당2동,526.0,2021
54,성동구,응봉동,288.0,2021
55,성동구,금호1가동,356.0,2021
56,성동구,금호2.3가동,367.0,2021
57,성동구,금호4가동,155.0,2021
58,성동구,옥수동,217.0,2021
59,성동구,성수1가1동,74.0,2021
60,성동구,성수1가2동,136.0,2021
61,성동구,성수2가1동,147.0,2021
62,성동구,성수2가3동,106.0,2021
63,성동구,송정동,183.0,2021
64,성동구,용답동,50.0,2021
65,광진구,화양동,201.0,2021
66,광진구,군자동,272.0,2021
67,광진구,중곡1동,268.0,2021
68,광진구,중곡2동,400.0,2021
69,광진구,중곡3동,277.0,2021
70,광진구,중곡4동,127.0,2021
71,광진구,능동,106.0,2021
72,광진구,광장동,123.0,2021
73,광진구,자양1동,366.0,2021
74,광진구,자양2동,157.0,2021
75,광진구,자양3동,259.0,2021
76,광진구,자양4동,146.0,2021
77,광진구,구의1동,398.0,2021
78,광진구,구의2동,198.0,2021
79,광진구,구의3동,202.0,2021
80,동대문구,용신동,196.0,2021
81,동대문구,제기동,210.0,2021
82,동대문구,전농1동,271.0,2021
83,동대문구,전농2동,195.0,2021
84,동대문구,답십리1동,356.0,2021
85,동대문구,답십리2동,340.0,2021
86,동대문구,장안1동,284.0,2021
87,동대문구,장안2동,295.0,2021
88,동대문구,청량리동,164.0,2021
89,동대문구,회기동,127.0,2021
90,동대문구,휘경1동,265.0,2021
91,동대문구,휘경2동,201.0,2021
92,동대문구,이문1동,185.0,2021
93,동대문구,이문2동,293.0,2021
94,중랑구,면목2동,333.0,2021
95,중랑구,면목4동,228.0,2021
96,중랑구,면목5동,256.0,2021
97,중랑구,면목본동,408.0,2021
98,중랑구,면목7동,186.0,2021
99,중랑구,면목3.8동,160.0,2021
100,중랑구,상봉1동,270.0,2021
101,중랑구,상봉2동,302.0,2021
102,중랑구,중화1동,318.0,2021
103,중랑구,중화2동,266.0,2021
104,중랑구,묵1동,299.0,2021
105,중랑구,묵2동,285.0,2021
106,중랑구,망우본동,99.0,2021
107,중랑구,망우3동,177.0,2021
108,중랑구,신내1동,168.0,2021
109,중랑구,신내2동,226.0,2021
110,성북구,성북동,42.0,2021
111,성북구,삼선동,281.0,2021
112,성북구,동선동,216.0,2021
113,성북구,돈암1동,327.0,2021
114,성북구,돈암2동,448.0,2021
115,성북구,안암동,115.0,2021
116,성북구,보문동,286.0,2021
117,성북구,정릉1동,448.0,2021
118,성북구,정릉2동,207.0,2021
119,성북구,정릉3동,48.0,2021
120,성북구,정릉4동,69.0,2021
121,성북구,길음1동,447.0,2021
122,성북구,길음2동,309.0,2021
123,성북구,종암동,267.0,2021
124,성북구,월곡1동,317.0,2021
125,성북구,월곡2동,151.0,2021
126,성북구,장위1동,283.0,2021
127,성북구,장위2동,203.0,2021
128,성북구,장위3동,260.0,2021
129,성북구,석관동,201.0,2021
130,강북구,삼양동,258.0,2021
131,강북구,미아동,267.0,2021
132,강북구,송중동,280.0,2021
133,강북구,송천동,296.0,2021
134,강북구,삼각산동,525.0,2021
135,강북구,번1동,308.0,2021
136,강북구,번2동,165.0,2021
137,강북구,번3동,163.0,2021
138,강북구,수유1동,122.0,2021
139,강북구,수유2동,367.0,2021
140,강북구,수유3동,320.0,2021
141,강북구,우이동,20.0,2021
142,강북구,인수동,109.0,2021
143,도봉구,창1동,228.0,2021
144,도봉구,창2동,453.0,2021
145,도봉구,창3동,225.0,2021
146,도봉구,창4동,236.0,2021
147,도봉구,창5동,372.0,2021
148,도봉구,도봉1동,25.0,2021
149,도봉구,도봉2동,231.0,2021
150,도봉구,쌍문1동,185.0,2021
151,도봉구,쌍문2동,357.0,2021
152,도봉구,쌍문3동,332.0,2021
153,도봉구,쌍문4동,354.0,2021
154,도봉구,방학1동,278.0,2021
155,도봉구,방학2동,184.0,2021
156,도봉구,방학3동,150.0,2021
157,노원구,월계1동,205.0,2021
158,노원구,월계2동,138.0,2021
159,노원구,월계3동,247.0,2021
160,노원구,공릉1동,310.0,2021
161,노원구,공릉2동,55.0,2021
162,노원구,하계1동,187.0,2021
163,노원구,하계2동,441.0,2021
164,노원구,중계본동,119.0,2021
165,노원구,중계1동,440.0,2021
166,노원구,중계4동,134.0,2021
167,노원구,중계2.3동,389.0,2021
168,노원구,상계1동,78.0,2021
169,노원구,상계2동,327.0,2021
170,노원구,상계3.4동,54.0,2021
171,노원구,상계5동,436.0,2021
172,노원구,상계6.7동,234.0,2021
173,노원구,상계8동,343.0,2021
174,노원구,상계9동,254.0,2021
175,노원구,상계10동,217.0,2021
176,은평구,녹번동,194.0,2021
177,은평구,불광1동,98.0,2021
178,은평구,불광2동,226.0,2021
179,은평구,갈현1동,252.0,2021
180,은평구,갈현2동,283.0,2021
181,은평구,구산동,249.0,2021
182,은평구,대조동,314.0,2021
183,은평구,응암1동,275.0,2021
184,은평구,응암2동,328.0,2021
185,은평구,응암3동,371.0,2021
186,은평구,역촌동,409.0,2021
187,은평구,신사1동,334.0,2021
188,은평구,신사2동,198.0,2021
189,은평구,증산동,172.0,2021
190,은평구,수색동,90.0,2021
191,은평구,진관동,44.0,2021
192,서대문구,천연동,202.0,2021
193,서대문구,북아현동,359.0,2021
194,서대문구,충현동,184.0,2021
195,서대문구,신촌동,77.0,2021
196,서대문구,연희동,122.0,2021
197,서대문구,홍제1동,163.0,2021
198,서대문구,홍제3동,145.0,2021
199,서대문구,홍제2동,202.0,2021
200,서대문구,홍은1동,149.0,2021
201,서대문구,홍은2동,132.0,2021
202,서대문구,남가좌1동,340.0,2021
203,서대문구,남가좌2동,381.0,2021
204,서대문구,북가좌1동,303.0,2021
205,서대문구,북가좌2동,415.0,2021
206,마포구,아현동,321.0,2021
207,마포구,공덕동,406.0,2021
208,마포구,도화동,252.0,2021
209,마포구,용강동,219.0,2021
210,마포구,대흥동,168.0,2021
211,마포구,염리동,250.0,2021
212,마포구,신수동,252.0,2021
213,마포구,서강동,130.0,2021
214,마포구,서교동,144.0,2021
215,마포구,합정동,111.0,2021
216,마포구,망원1동,187.0,2021
217,마포구,망원2동,157.0,2021
218,마포구,연남동,243.0,2021
219,마포구,성산1동,226.0,2021
220,마포구,성산2동,203.0,2021
221,마포구,상암동,41.0,2021
222,양천구,목1동,201.0,2021
223,양천구,목2동,298.0,2021
224,양천구,목3동,422.0,2021
225,양천구,목4동,449.0,2021
226,양천구,목5동,205.0,2021
227,양천구,신월1동,335.0,2021
228,양천구,신월2동,351.0,2021
229,양천구,신월3동,169.0,2021
230,양천구,신월4동,392.0,2021
231,양천구,신월5동,280.0,2021
232,양천구,신월6동,314.0,2021
233,양천구,신월7동,168.0,2021
234,양천구,신정1동,289.0,2021
235,양천구,신정2동,337.0,2021
236,양천구,신정3동,164.0,2021
237,양천구,신정4동,337.0,2021
238,양천구,신정6동,257.0,2021
239,양천구,신정7동,261.0,2021
240,강서구,염창동,214.0,2021
241,강서구,등촌1동,371.0,2021
242,강서구,등촌2동,232.0,2021
243,강서구,등촌3동,297.0,2021
244,강서구,화곡1동,428.0,2021
245,강서구,화곡2동,391.0,2021
246,강서구,화곡3동,416.0,2021
247,강서구,화곡4동,244.0,2021
248,강서구,화곡본동,381.0,2021
249,강서구,화곡6동,234.0,2021
250,강서구,화곡8동,437.0,2021
251,강서구,가양1동,68.0,2021
252,강서구,가양2동,146.0,2021
253,강서구,가양3동,224.0,2021
254,강서구,발산1동,124.0,2021
255,강서구,우장산동,344.0,2021
256,강서구,공항동,27.0,2021
257,강서구,방화1동,312.0,2021
258,강서구,방화2동,42.0,2021
259,강서구,방화3동,120.0,2021
260,구로구,신도림동,276.0,2021
261,구로구,구로1동,211.0,2021
262,구로구,구로2동,136.0,2021
263,구로구,구로3동,231.0,2021
264,구로구,구로4동,379.0,2021
265,구로구,구로5동,273.0,2021
266,구로구,가리봉동,223.0,2021
267,구로구,고척1동,213.0,2021
268,구로구,고척2동,270.0,2021
269,구로구,개봉1동,291.0,2021
270,구로구,개봉2동,374.0,2021
271,구로구,개봉3동,262.0,2021
272,구로구,오류1동,323.0,2021
273,구로구,오류2동,122.0,2021
274,구로구,수궁동,89.0,2021
275,금천구,가산동,103.0,2021
276,금천구,독산1동,216.0,2021
277,금천구,독산2동,319.0,2021
278,금천구,독산3동,251.0,2021
279,금천구,독산4동,257.0,2021
280,금천구,시흥1동,235.0,2021
281,금천구,시흥2동,188.0,2021
282,금천구,시흥3동,84.0,2021
283,금천구,시흥4동,257.0,2021
284,금천구,시흥5동,132.0,2021
285,영등포구,영등포본동,255.0,2021
286,영등포구,영등포동,202.0,2021
287,영등포구,여의동,51.0,2021
288,영등포구,당산1동,278.0,2021
289,영등포구,당산2동,246.0,2021
290,영등포구,도림동,338.0,2021
291,영등포구,문래동,191.0,2021
292,영등포구,양평1동,200.0,2021
293,영등포구,양평2동,87.0,2021
294,영등포구,신길1동,227.0,2021
295,영등포구,신길3동,323.0,2021
296,영등포구,신길4동,351.0,2021
297,영등포구,신길5동,232.0,2021
298,영등포구,신길6동,310.0,2021
299,영등포구,신길7동,319.0,2021
300,영등포구,대림1동,301.0,2021
301,영등포구,대림2동,216.0,2021
302,영등포구,대림3동,245.0,2021
303,동작구,노량진1동,170.0,2021
304,동작구,노량진2동,223.0,2021
305,동작구,상도1동,302.0,2021
306,동작구,상도2동,348.0,2021
307,동작구,상도3동,379.0,2021
308,동작구,상도4동,305.0,2021
309,동작구,흑석동,157.0,2021
310,동작구,사당1동,366.0,2021
311,동작구,사당2동,89.0,2021
312,동작구,사당3동,279.0,2021
313,동작구,사당4동,335.0,2021
314,동작구,사당5동,223.0,2021
315,동작구,대방동,244.0,2021
316,동작구,신대방1동,345.0,2021
317,동작구,신대방2동,204.0,2021
318,관악구,보라매동,306.0,2021
319,관악구,청림동,513.0,2021
320,관악구,성현동,480.0,2021
321,관악구,행운동,391.0,2021
322,관악구,낙성대동,67.0,2021
323,관악구,청룡동,292.0,2021
324,관악구,은천동,457.0,2021
325,관악구,중앙동,394.0,2021
326,관악구,인헌동,359.0,2021
327,관악구,남현동,44.0,2021
328,관악구,서원동,348.0,2021
329,관악구,신원동,330.0,2021
330,관악구,서림동,260.0,2021
331,관악구,신사동,372.0,2021
332,관악구,신림동,430.0,2021
333,관악구,난향동,201.0,2021
334,관악구,조원동,268.0,2021
335,관악구,대학동,30.0,2021
336,관악구,삼성동,92.0,2021
337,관악구,미성동,228.0,2021
338,관악구,난곡동,278.0,2021
339,서초구,서초1동,152.0,2021
340,서초구,서초2동,174.0,2021
341,서초구,서초3동,105.0,2021
342,서초구,서초4동,356.0,2021
343,서초구,잠원동,154.0,2021
344,서초구,반포본동,80.0,2021
345,서초구,반포1동,323.0,2021
346,서초구,반포2동,128.0,2021
347,서초구,반포3동,169.0,2021
348,서초구,반포4동,137.0,2021
349,서초구,방배본동,320.0,2021
350,서초구,방배1동,249.0,2021
351,서초구,방배2동,106.0,2021
352,서초구,방배3동,88.0,2021
353,서초구,방배4동,249.0,2021
354,서초구,양재1동,78.0,2021
355,서초구,양재2동,30.0,2021
356,서초구,내곡동,14.0,2021
357,강남구,신사동,96.0,2021
358,강남구,논현1동,183.0,2021
359,강남구,논현2동,150.0,2021
360,강남구,압구정동,108.0,2021
361,강남구,청담동,113.0,2021
362,강남구,삼성1동,70.0,2021
363,강남구,삼성2동,241.0,2021
364,강남구,대치1동,313.0,2021
365,강남구,대치2동,184.0,2021
366,강남구,대치4동,285.0,2021
367,강남구,역삼1동,152.0,2021
368,강남구,역삼2동,328.0,2021
369,강남구,도곡1동,216.0,2021
370,강남구,도곡2동,331.0,2021
371,강남구,개포1동,66.0,2021
372,강남구,개포2동,94.0,2021
373,강남구,개포4동,144.0,2021
374,강남구,세곡동,75.0,2021
375,강남구,일원본동,101.0,2021
376,강남구,일원1동,165.0,2021
377,강남구,일원2동,169.0,2021
378,강남구,수서동,92.0,2021
379,송파구,풍납1동,131.0,2021
380,송파구,풍납2동,128.0,2021
381,송파구,거여1동,246.0,2021
382,송파구,거여2동,371.0,2021
383,송파구,마천1동,344.0,2021
384,송파구,마천2동,235.0,2021
385,송파구,방이1동,278.0,2021
386,송파구,방이2동,342.0,2021
387,송파구,오륜동,59.0,2021
388,송파구,오금동,234.0,2021
389,송파구,송파1동,363.0,2021
390,송파구,송파2동,325.0,2021
391,송파구,석촌동,345.0,2021
392,송파구,삼전동,317.0,2021
393,송파구,가락본동,264.0,2021
394,송파구,가락1동,205.0,2021
395,송파구,가락2동,353.0,2021
396,송파구,문정1동,337.0,2021
397,송파구,문정2동,125.0,2021
398,송파구,장지동,232.0,2021
399,송파구,위례동,117.0,2021
400,송파구,잠실본동,251.0,2021
401,송파구,잠실2동,125.0,2021
402,송파구,잠실3동,234.0,2021
403,송파구,잠실4동,259.0,2021
404,송파구,잠실6동,123.0,2021
405,송파구,잠실7동,146.0,2021
406,강동구,강일동,95.0,2021
407,강동구,상일동,184.0,2021
408,강동구,명일1동,417.0,2021
409,강동구,명일2동,190.0,2021
410,강동구,고덕1동,136.0,2021
411,강동구,고덕2동,93.0,2021
412,강동구,암사1동,480.0,2021
413,강동구,암사2동,66.0,2021
414,강동구,암사3동,100.0,2021
415,강동구,천호1동,410.0,2021
416,강동구,천호2동,189.0,2021
417,강동구,천호3동,467.0,2021
418,강동구,성내1동,307.0,2021
419,강동구,성내2동,389.0,2021
420,강동구,성내3동,365.0,2021
421,강동구,길동,293.0,2021
422,강동구,둔촌1동,0.0,2021
423,강동구,둔촌2동,165.0,2021
0,종로구,청운효자동,51.0,2022
1,종로구,사직동,82.0,2022
2,종로구,삼청동,19.0,2022
3,종로구,부암동,45.0,2022
4,종로구,평창동,22.0,2022
5,종로구,무악동,189.0,2022
6,종로구,교남동,294.0,2022
7,종로구,가회동,77.0,2022
8,종로구,종로1.2.3.4가동,30.0,2022
9,종로구,종로5.6가동,87.0,2022
10,종로구,이화동,101.0,2022
11,종로구,혜화동,145.0,2022
12,종로구,창신1동,173.0,2022
13,종로구,창신2동,324.0,2022
14,종로구,창신3동,320.0,2022
15,종로구,숭인1동,257.0,2022
16,종로구,숭인2동,270.0,2022
17,중구,소공동,23.0,2022
18,중구,회현동,56.0,2022
19,중구,명동,28.0,2022
20,중구,필동,28.0,2022
21,중구,장충동,45.0,2022
22,중구,광희동,70.0,2022
23,중구,을지로동,32.0,2022
24,중구,신당동,143.0,2022
25,중구,다산동,266.0,2022
26,중구,약수동,336.0,2022
27,중구,청구동,407.0,2022
28,중구,신당5동,327.0,2022
29,중구,동화동,334.0,2022
30,중구,황학동,384.0,2022
31,중구,중림동,253.0,2022
32,용산구,후암동,204.0,2022
33,용산구,용산2가동,48.0,2022
34,용산구,남영동,104.0,2022
35,용산구,청파동,228.0,2022
36,용산구,원효로1동,273.0,2022
37,용산구,원효로2동,155.0,2022
38,용산구,효창동,214.0,2022
39,용산구,용문동,432.0,2022
40,용산구,한강로동,59.0,2022
41,용산구,이촌1동,131.0,2022
42,용산구,이촌2동,73.0,2022
43,용산구,이태원1동,117.0,2022
44,용산구,이태원2동,105.0,2022
45,용산구,한남동,67.0,2022
46,용산구,서빙고동,60.0,2022
47,용산구,보광동,158.0,2022
48,성동구,왕십리2동,449.0,2022
49,성동구,왕십리도선동,377.0,2022
50,성동구,마장동,210.0,2022
51,성동구,사근동,101.0,2022
52,성동구,행당1동,250.0,2022
53,성동구,행당2동,526.0,2022
54,성동구,응봉동,288.0,2022
55,성동구,금호1가동,356.0,2022
56,성동구,금호2.3가동,367.0,2022
57,성동구,금호4가동,155.0,2022
58,성동구,옥수동,217.0,2022
59,성동구,성수1가1동,74.0,2022
60,성동구,성수1가2동,136.0,2022
61,성동구,성수2가1동,147.0,2022
62,성동구,성수2가3동,106.0,2022
63,성동구,송정동,183.0,2022
64,성동구,용답동,50.0,2022
65,광진구,화양동,201.0,2022
66,광진구,군자동,272.0,2022
67,광진구,중곡1동,268.0,2022
68,광진구,중곡2동,400.0,2022
69,광진구,중곡3동,277.0,2022
70,광진구,중곡4동,127.0,2022
71,광진구,능동,106.0,2022
72,광진구,광장동,123.0,2022
73,광진구,자양1동,366.0,2022
74,광진구,자양2동,157.0,2022
75,광진구,자양3동,259.0,2022
76,광진구,자양4동,146.0,2022
77,광진구,구의1동,398.0,2022
78,광진구,구의2동,198.0,2022
79,광진구,구의3동,202.0,2022
80,동대문구,용신동,196.0,2022
81,동대문구,제기동,210.0,2022
82,동대문구,전농1동,271.0,2022
83,동대문구,전농2동,195.0,2022
84,동대문구,답십리1동,356.0,2022
85,동대문구,답십리2동,340.0,2022
86,동대문구,장안1동,284.0,2022
87,동대문구,장안2동,295.0,2022
88,동대문구,청량리동,164.0,2022
89,동대문구,회기동,127.0,2022
90,동대문구,휘경1동,265.0,2022
91,동대문구,휘경2동,201.0,2022
92,동대문구,이문1동,185.0,2022
93,동대문구,이문2동,293.0,2022
94,중랑구,면목2동,333.0,2022
95,중랑구,면목4동,228.0,2022
96,중랑구,면목5동,256.0,2022
97,중랑구,면목본동,408.0,2022
98,중랑구,면목7동,186.0,2022
99,중랑구,면목3.8동,160.0,2022
100,중랑구,상봉1동,270.0,2022
101,중랑구,상봉2동,302.0,2022
102,중랑구,중화1동,318.0,2022
103,중랑구,중화2동,266.0,2022
104,중랑구,묵1동,299.0,2022
105,중랑구,묵2동,285.0,2022
106,중랑구,망우본동,99.0,2022
107,중랑구,망우3동,177.0,2022
108,중랑구,신내1동,168.0,2022
109,중랑구,신내2동,226.0,2022
110,성북구,성북동,42.0,2022
111,성북구,삼선동,281.0,2022
112,성북구,동선동,216.0,2022
113,성북구,돈암1동,327.0,2022
114,성북구,돈암2동,448.0,2022
115,성북구,안암동,115.0,2022
116,성북구,보문동,286.0,2022
117,성북구,정릉1동,448.0,2022
118,성북구,정릉2동,207.0,2022
119,성북구,정릉3동,48.0,2022
120,성북구,정릉4동,69.0,2022
121,성북구,길음1동,447.0,2022
122,성북구,길음2동,309.0,2022
123,성북구,종암동,267.0,2022
124,성북구,월곡1동,317.0,2022
125,성북구,월곡2동,151.0,2022
126,성북구,장위1동,283.0,2022
127,성북구,장위2동,203.0,2022
128,성북구,장위3동,260.0,2022
129,성북구,석관동,201.0,2022
130,강북구,삼양동,258.0,2022
131,강북구,미아동,267.0,2022
132,강북구,송중동,280.0,2022
133,강북구,송천동,296.0,2022
134,강북구,삼각산동,525.0,2022
135,강북구,번1동,308.0,2022
136,강북구,번2동,165.0,2022
137,강북구,번3동,163.0,2022
138,강북구,수유1동,122.0,2022
139,강북구,수유2동,367.0,2022
140,강북구,수유3동,320.0,2022
141,강북구,우이동,20.0,2022
142,강북구,인수동,109.0,2022
143,도봉구,창1동,228.0,2022
144,도봉구,창2동,453.0,2022
145,도봉구,창3동,225.0,2022
146,도봉구,창4동,236.0,2022
147,도봉구,창5동,372.0,2022
148,도봉구,도봉1동,25.0,2022
149,도봉구,도봉2동,231.0,2022
150,도봉구,쌍문1동,185.0,2022
151,도봉구,쌍문2동,357.0,2022
152,도봉구,쌍문3동,332.0,2022
153,도봉구,쌍문4동,354.0,2022
154,도봉구,방학1동,278.0,2022
155,도봉구,방학2동,184.0,2022
156,도봉구,방학3동,150.0,2022
157,노원구,월계1동,205.0,2022
158,노원구,월계2동,138.0,2022
159,노원구,월계3동,247.0,2022
160,노원구,공릉1동,310.0,2022
161,노원구,공릉2동,55.0,2022
162,노원구,하계1동,187.0,2022
163,노원구,하계2동,441.0,2022
164,노원구,중계본동,119.0,2022
165,노원구,중계1동,440.0,2022
166,노원구,중계4동,134.0,2022
167,노원구,중계2.3동,389.0,2022
168,노원구,상계1동,78.0,2022
169,노원구,상계2동,327.0,2022
170,노원구,상계3.4동,54.0,2022
171,노원구,상계5동,436.0,2022
172,노원구,상계6.7동,234.0,2022
173,노원구,상계8동,343.0,2022
174,노원구,상계9동,254.0,2022
175,노원구,상계10동,217.0,2022
176,은평구,녹번동,194.0,2022
177,은평구,불광1동,98.0,2022
178,은평구,불광2동,226.0,2022
179,은평구,갈현1동,252.0,2022
180,은평구,갈현2동,283.0,2022
181,은평구,구산동,249.0,2022
182,은평구,대조동,314.0,2022
183,은평구,응암1동,275.0,2022
184,은평구,응암2동,328.0,2022
185,은평구,응암3동,371.0,2022
186,은평구,역촌동,409.0,2022
187,은평구,신사1동,334.0,2022
188,은평구,신사2동,198.0,2022
189,은평구,증산동,172.0,2022
190,은평구,수색동,90.0,2022
191,은평구,진관동,44.0,2022
192,서대문구,천연동,202.0,2022
193,서대문구,북아현동,359.0,2022
194,서대문구,충현동,184.0,2022
195,서대문구,신촌동,77.0,2022
196,서대문구,연희동,122.0,2022
197,서대문구,홍제1동,163.0,2022
198,서대문구,홍제3동,145.0,2022
199,서대문구,홍제2동,202.0,2022
200,서대문구,홍은1동,149.0,2022
201,서대문구,홍은2동,132.0,2022
202,서대문구,남가좌1동,340.0,2022
203,서대문구,남가좌2동,381.0,2022
204,서대문구,북가좌1동,303.0,2022
205,서대문구,북가좌2동,415.0,2022
206,마포구,아현동,321.0,2022
207,마포구,공덕동,406.0,2022
208,마포구,도화동,252.0,2022
209,마포구,용강동,219.0,2022
210,마포구,대흥동,168.0,2022
211,마포구,염리동,250.0,2022
212,마포구,신수동,252.0,2022
213,마포구,서강동,130.0,2022
214,마포구,서교동,144.0,2022
215,마포구,합정동,111.0,2022
216,마포구,망원1동,187.0,2022
217,마포구,망원2동,157.0,2022
218,마포구,연남동,243.0,2022
219,마포구,성산1동,226.0,2022
220,마포구,성산2동,203.0,2022
221,마포구,상암동,41.0,2022
222,양천구,목1동,201.0,2022
223,양천구,목2동,298.0,2022
224,양천구,목3동,422.0,2022
225,양천구,목4동,449.0,2022
226,양천구,목5동,205.0,2022
227,양천구,신월1동,335.0,2022
228,양천구,신월2동,351.0,2022
229,양천구,신월3동,169.0,2022
230,양천구,신월4동,392.0,2022
231,양천구,신월5동,280.0,2022
232,양천구,신월6동,314.0,2022
233,양천구,신월7동,168.0,2022
234,양천구,신정1동,289.0,2022
235,양천구,신정2동,337.0,2022
236,양천구,신정3동,164.0,2022
237,양천구,신정4동,337.0,2022
238,양천구,신정6동,257.0,2022
239,양천구,신정7동,261.0,2022
240,강서구,염창동,214.0,2022
241,강서구,등촌1동,371.0,2022
242,강서구,등촌2동,232.0,2022
243,강서구,등촌3동,297.0,2022
244,강서구,화곡1동,428.0,2022
245,강서구,화곡2동,391.0,2022
246,강서구,화곡3동,416.0,2022
247,강서구,화곡4동,244.0,2022
248,강서구,화곡본동,381.0,2022
249,강서구,화곡6동,234.0,2022
250,강서구,화곡8동,437.0,2022
251,강서구,가양1동,68.0,2022
252,강서구,가양2동,146.0,2022
253,강서구,가양3동,224.0,2022
254,강서구,발산1동,124.0,2022
255,강서구,우장산동,344.0,2022
256,강서구,공항동,27.0,2022
257,강서구,방화1동,312.0,2022
258,강서구,방화2동,42.0,2022
259,강서구,방화3동,120.0,2022
260,구로구,신도림동,276.0,2022
261,구로구,구로1동,211.0,2022
262,구로구,구로2동,136.0,2022
263,구로구,구로3동,231.0,2022
264,구로구,구로4동,379.0,2022
265,구로구,구로5동,273.0,2022
266,구로구,가리봉동,223.0,2022
267,구로구,고척1동,213.0,2022
268,구로구,고척2동,270.0,2022
269,구로구,개봉1동,291.0,2022
270,구로구,개봉2동,374.0,2022
271,구로구,개봉3동,262.0,2022
272,구로구,오류1동,323.0,2022
273,구로구,오류2동,122.0,2022
274,구로구,수궁동,89.0,2022
275,금천구,가산동,103.0,2022
276,금천구,독산1동,216.0,2022
277,금천구,독산2동,319.0,2022
278,금천구,독산3동,251.0,2022
279,금천구,독산4동,257.0,2022
280,금천구,시흥1동,235.0,2022
281,금천구,시흥2동,188.0,2022
282,금천구,시흥3동,84.0,2022
283,금천구,시흥4동,257.0,2022
284,금천구,시흥5동,132.0,2022
285,영등포구,영등포본동,255.0,2022
286,영등포구,영등포동,202.0,2022
287,영등포구,여의동,51.0,2022
288,영등포구,당산1동,278.0,2022
289,영등포구,당산2동,246.0,2022
290,영등포구,도림동,338.0,2022
291,영등포구,문래동,191.0,2022
292,영등포구,양평1동,200.0,2022
293,영등포구,양평2동,87.0,2022
294,영등포구,신길1동,227.0,2022
295,영등포구,신길3동,323.0,2022
296,영등포구,신길4동,351.0,2022
297,영등포구,신길5동,232.0,2022
298,영등포구,신길6동,310.0,2022
299,영등포구,신길7동,319.0,2022
300,영등포구,대림1동,301.0,2022
301,영등포구,대림2동,216.0,2022
302,영등포구,대림3동,245.0,2022
303,동작구,노량진1동,170.0,2022
304,동작구,노량진2동,223.0,2022
305,동작구,상도1동,302.0,2022
306,동작구,상도2동,348.0,2022
307,동작구,상도3동,379.0,2022
308,동작구,상도4동,305.0,2022
309,동작구,흑석동,157.0,2022
310,동작구,사당1동,366.0,2022
311,동작구,사당2동,89.0,2022
312,동작구,사당3동,279.0,2022
313,동작구,사당4동,335.0,2022
314,동작구,사당5동,223.0,2022
315,동작구,대방동,244.0,2022
316,동작구,신대방1동,345.0,2022
317,동작구,신대방2동,204.0,2022
318,관악구,보라매동,306.0,2022
319,관악구,청림동,513.0,2022
320,관악구,성현동,480.0,2022
321,관악구,행운동,391.0,2022
322,관악구,낙성대동,67.0,2022
323,관악구,청룡동,292.0,2022
324,관악구,은천동,457.0,2022
325,관악구,중앙동,394.0,2022
326,관악구,인헌동,359.0,2022
327,관악구,남현동,44.0,2022
328,관악구,서원동,348.0,2022
329,관악구,신원동,330.0,2022
330,관악구,서림동,260.0,2022
331,관악구,신사동,372.0,2022
332,관악구,신림동,430.0,2022
333,관악구,난향동,201.0,2022
334,관악구,조원동,268.0,2022
335,관악구,대학동,30.0,2022
336,관악구,삼성동,92.0,2022
337,관악구,미성동,228.0,2022
338,관악구,난곡동,278.0,2022
339,서초구,서초1동,152.0,2022
340,서초구,서초2동,174.0,2022
341,서초구,서초3동,105.0,2022
342,서초구,서초4동,356.0,2022
343,서초구,잠원동,154.0,2022
344,서초구,반포본동,80.0,2022
345,서초구,반포1동,323.0,2022
346,서초구,반포2동,128.0,2022
347,서초구,반포3동,169.0,2022
348,서초구,반포4동,137.0,2022
349,서초구,방배본동,320.0,2022
350,서초구,방배1동,249.0,2022
351,서초구,방배2동,106.0,2022
352,서초구,방배3동,88.0,2022
353,서초구,방배4동,249.0,2022
354,서초구,양재1동,78.0,2022
355,서초구,양재2동,30.0,2022
356,서초구,내곡동,14.0,2022
357,강남구,신사동,96.0,2022
358,강남구,논현1동,183.0,2022
359,강남구,논현2동,150.0,2022
360,강남구,압구정동,108.0,2022
361,강남구,청담동,113.0,2022
362,강남구,삼성1동,70.0,2022
363,강남구,삼성2동,241.0,2022
364,강남구,대치1동,313.0,2022
365,강남구,대치2동,184.0,2022
366,강남구,대치4동,285.0,2022
367,강남구,역삼1동,152.0,2022
368,강남구,역삼2동,328.0,2022
369,강남구,도곡1동,216.0,2022
370,강남구,도곡2동,331.0,2022
371,강남구,개포1동,66.0,2022
372,강남구,개포2동,94.0,2022
373,강남구,개포4동,144.0,2022
374,강남구,세곡동,75.0,2022
375,강남구,일원본동,101.0,2022
376,강남구,일원1동,165.0,2022
377,강남구,일원2동,169.0,2022
378,강남구,수서동,92.0,2022
379,송파구,풍납1동,131.0,2022
380,송파구,풍납2동,128.0,2022
381,송파구,거여1동,246.0,2022
382,송파구,거여2동,371.0,2022
383,송파구,마천1동,344.0,2022
384,송파구,마천2동,235.0,2022
385,송파구,방이1동,278.0,2022
386,송파구,방이2동,342.0,2022
387,송파구,오륜동,59.0,2022
388,송파구,오금동,234.0,2022
389,송파구,송파1동,363.0,2022
390,송파구,송파2동,325.0,2022
391,송파구,석촌동,345.0,2022
392,송파구,삼전동,317.0,2022
393,송파구,가락본동,264.0,2022
394,송파구,가락1동,205.0,2022
395,송파구,가락2동,353.0,2022
396,송파구,문정1동,337.0,2022
397,송파구,문정2동,125.0,2022
398,송파구,장지동,232.0,2022
399,송파구,위례동,117.0,2022
400,송파구,잠실본동,251.0,2022
401,송파구,잠실2동,125.0,2022
402,송파구,잠실3동,234.0,2022
403,송파구,잠실4동,259.0,2022
404,송파구,잠실6동,123.0,2022
405,송파구,잠실7동,146.0,2022
406,강동구,강일동,95.0,2022
407,강동구,상일동,184.0,2022
408,강동구,명일1동,417.0,2022
409,강동구,명일2동,190.0,2022
410,강동구,고덕1동,136.0,2022
411,강동구,고덕2동,93.0,2022
412,강동구,암사1동,480.0,2022
413,강동구,암사2동,66.0,2022
414,강동구,암사3동,100.0,2022
415,강동구,천호1동,410.0,2022
416,강동구,천호2동,189.0,2022
417,강동구,천호3동,467.0,2022
418,강동구,성내1동,307.0,2022
419,강동구,성내2동,389.0,2022
420,강동구,성내3동,365.0,2022
421,강동구,길동,293.0,2022
422,강동구,둔촌1동,0.0,2022
423,강동구,둔촌2동,165.0,2022
