구,동,평균유동인구
종로구,청운효자동,13988.666666666668
종로구,사직동,31652.5
종로구,삼청동,5726.333333333334
종로구,부암동,4217.833333333334
종로구,평창동,1648.0
종로구,무악동,36718.5
종로구,교남동,79139.0
종로구,가회동,19455.0
종로구,종로1.2.3.4가동,29439.166666666664
종로구,종로5.6가동,72024.83333333334
종로구,이화동,42034.0
종로구,혜화동,70785.16666666666
종로구,창신1동,118648.0
종로구,창신2동,184893.8333333333
종로구,창신3동,55953.5
종로구,숭인1동,97979.5
종로구,숭인2동,145265.8333333333
중구,소공동,27977.5
중구,회현동,33226.66666666667
중구,명동,53154.16666666667
중구,필동,15820.333333333332
중구,장충동,17057.833333333336
중구,광희동,44083.83333333333
중구,을지로동,61701.5
중구,신당동,113899.33333333334
중구,다산동,80235.83333333334
중구,약수동,40390.33333333333
중구,청구동,117222.16666666666
중구,신당5동,120788.16666666666
중구,동화동,86136.83333333334
중구,황학동,162556.8333333333
중구,중림동,38328.83333333333
용산구,후암동,40207.33333333333
용산구,용산2가동,16507.5
용산구,남영동,30798.333333333336
용산구,청파동,79843.16666666666
용산구,원효로1동,74965.66666666666
용산구,원효로2동,32769.666666666664
용산구,효창동,75856.16666666666
용산구,용문동,101408.5
용산구,한강로동,14540.833333333332
용산구,이촌1동,27537.166666666664
용산구,이촌2동,11717.833333333332
용산구,이태원1동,46141.5
용산구,이태원2동,35380.0
용산구,한남동,15616.833333333332
용산구,서빙고동,6028.333333333334
용산구,보광동,40318.16666666667
성동구,왕십리2동,93248.33333333334
성동구,왕십리도선동,62867.83333333333
성동구,마장동,48805.33333333333
성동구,사근동,21267.5
성동구,행당1동,92375.66666666666
성동구,행당2동,81490.83333333334
성동구,응봉동,53765.5
성동구,금호1가동,78908.16666666666
성동구,금호2.3가동,97955.33333333334
성동구,금호4가동,20210.166666666664
성동구,옥수동,26852.833333333336
성동구,성수1가1동,12553.333333333332
성동구,성수1가2동,54158.5
성동구,성수2가1동,41328.83333333333
성동구,성수2가3동,40680.83333333333
성동구,송정동,46263.66666666667
성동구,용답동,13175.833333333332
광진구,화양동,88964.83333333334
광진구,군자동,77612.83333333334
광진구,중곡1동,67849.5
광진구,중곡2동,90479.83333333334
광진구,중곡3동,86114.0
광진구,중곡4동,37161.66666666667
광진구,능동,19742.166666666664
광진구,광장동,24419.666666666664
광진구,자양1동,144168.0
광진구,자양2동,33108.33333333333
광진구,자양3동,74159.66666666666
광진구,자양4동,63573.0
광진구,구의1동,126500.66666666666
광진구,구의2동,46866.66666666667
광진구,구의3동,47326.66666666667
동대문구,용신동,76028.16666666666
동대문구,제기동,90702.0
동대문구,전농1동,108237.16666666666
동대문구,전농2동,28214.166666666664
동대문구,답십리1동,85481.16666666666
동대문구,답십리2동,63331.33333333333
동대문구,장안1동,66530.83333333334
동대문구,장안2동,71232.83333333334
동대문구,청량리동,51810.83333333333
동대문구,회기동,61649.83333333333
동대문구,휘경1동,111353.33333333334
동대문구,휘경2동,48451.83333333333
동대문구,이문1동,101750.5
동대문구,이문2동,71962.16666666666
중랑구,면목2동,81150.5
중랑구,면목4동,70331.0
중랑구,면목5동,46531.0
중랑구,면목본동,132589.8333333333
중랑구,면목7동,50338.83333333333
중랑구,면목3.8동,41988.5
중랑구,상봉1동,69428.33333333333
중랑구,상봉2동,99146.66666666666
중랑구,중화1동,80815.83333333334
중랑구,중화2동,72318.83333333334
중랑구,묵1동,62688.5
중랑구,묵2동,83443.16666666666
중랑구,망우본동,30797.333333333336
중랑구,망우3동,42775.16666666667
중랑구,신내1동,22098.833333333336
중랑구,신내2동,30962.166666666664
성북구,성북동,6377.833333333334
성북구,삼선동,94888.83333333334
성북구,동선동,118749.16666666666
성북구,돈암1동,70754.33333333334
성북구,돈암2동,41290.33333333333
성북구,안암동,42253.5
성북구,보문동,103858.16666666666
성북구,정릉1동,131311.66666666666
성북구,정릉2동,42183.66666666667
성북구,정릉3동,7669.833333333334
성북구,정릉4동,9609.333333333332
성북구,길음1동,84803.0
성북구,길음2동,61814.0
성북구,종암동,66059.16666666666
성북구,월곡1동,57757.66666666667
성북구,월곡2동,56043.16666666667
성북구,장위1동,103020.5
성북구,장위2동,82666.0
성북구,장위3동,45706.33333333333
성북구,석관동,50490.33333333333
강북구,삼양동,93480.5
강북구,미아동,64723.16666666667
강북구,송중동,100469.66666666666
강북구,송천동,123847.16666666666
강북구,삼각산동,59652.83333333333
강북구,번1동,119374.83333333334
강북구,번2동,30967.666666666664
강북구,번3동,28335.666666666664
강북구,수유1동,36372.0
강북구,수유2동,113854.0
강북구,수유3동,123291.33333333334
강북구,우이동,3566.166666666667
강북구,인수동,29748.5
도봉구,창1동,49587.66666666667
도봉구,창2동,118171.66666666666
도봉구,창3동,61485.0
도봉구,창4동,33890.33333333333
도봉구,창5동,77447.5
도봉구,도봉1동,4397.666666666666
도봉구,도봉2동,24096.666666666664
도봉구,쌍문1동,37817.5
도봉구,쌍문2동,102322.33333333334
도봉구,쌍문3동,97101.33333333334
도봉구,쌍문4동,57313.83333333333
도봉구,방학1동,70497.33333333333
도봉구,방학2동,37296.0
도봉구,방학3동,18614.0
노원구,월계1동,46333.66666666667
노원구,월계2동,18119.666666666664
노원구,월계3동,17995.0
노원구,공릉1동,90448.33333333334
노원구,공릉2동,10407.833333333332
노원구,하계1동,32420.833333333336
노원구,하계2동,59349.16666666667
노원구,중계본동,19006.333333333336
노원구,중계1동,57885.66666666667
노원구,중계4동,21694.333333333336
노원구,중계2.3동,52415.83333333333
노원구,상계1동,12082.5
노원구,상계2동,162658.1666666667
노원구,상계3.4동,12939.0
노원구,상계5동,116043.16666666666
노원구,상계6.7동,39582.0
노원구,상계8동,18722.5
노원구,상계9동,27724.333333333336
노원구,상계10동,35918.0
은평구,녹번동,43363.33333333333
은평구,불광1동,19323.666666666664
은평구,불광2동,54083.16666666667
은평구,갈현1동,96099.66666666666
은평구,갈현2동,71628.0
은평구,구산동,53594.16666666667
은평구,대조동,143986.1666666667
은평구,응암1동,62615.0
은평구,응암2동,50583.33333333333
은평구,응암3동,124202.66666666666
은평구,역촌동,135674.1666666667
은평구,신사1동,91330.66666666666
은평구,신사2동,50891.66666666667
은평구,증산동,43606.33333333333
은평구,수색동,25146.0
은평구,진관동,4269.5
서대문구,천연동,39392.5
서대문구,북아현동,271131.6666666666
서대문구,충현동,89396.0
서대문구,신촌동,48704.33333333333
서대문구,연희동,30796.333333333336
서대문구,홍제1동,47811.33333333333
서대문구,홍제3동,43914.0
서대문구,홍제2동,26547.833333333336
서대문구,홍은1동,21040.0
서대문구,홍은2동,28072.5
서대문구,남가좌1동,28722.5
서대문구,남가좌2동,80290.5
서대문구,북가좌1동,51170.33333333333
서대문구,북가좌2동,143719.8333333333
마포구,아현동,76772.5
마포구,공덕동,143041.0
마포구,도화동,64114.83333333333
마포구,용강동,65316.5
마포구,대흥동,73764.33333333334
마포구,염리동,73209.16666666666
마포구,신수동,55290.83333333333
마포구,서강동,31118.0
마포구,서교동,113421.0
마포구,합정동,29231.833333333336
마포구,망원1동,58179.33333333333
마포구,망원2동,54703.33333333333
마포구,연남동,86774.5
마포구,성산1동,55506.66666666667
마포구,성산2동,37818.16666666667
마포구,상암동,6600.166666666666
양천구,목1동,33607.0
양천구,목2동,68344.5
양천구,목3동,112700.5
양천구,목4동,107963.0
양천구,목5동,23043.5
양천구,신월1동,75447.16666666666
양천구,신월2동,93753.66666666666
양천구,신월3동,34556.83333333333
양천구,신월4동,103980.5
양천구,신월5동,54971.33333333333
양천구,신월6동,44973.16666666667
양천구,신월7동,24392.833333333336
양천구,신정1동,42843.0
양천구,신정2동,65065.0
양천구,신정3동,26390.5
양천구,신정4동,106683.33333333334
양천구,신정6동,18120.166666666664
양천구,신정7동,27474.666666666664
강서구,염창동,43990.66666666667
강서구,등촌1동,62353.33333333333
강서구,등촌2동,48799.66666666667
강서구,등촌3동,51909.83333333333
강서구,화곡1동,152035.5
강서구,화곡2동,101293.83333333334
강서구,화곡3동,80419.66666666666
강서구,화곡4동,58338.5
강서구,화곡본동,86572.0
강서구,화곡6동,64577.16666666667
강서구,화곡8동,152726.1666666667
강서구,가양1동,4534.833333333334
강서구,가양2동,19179.0
강서구,가양3동,32337.5
강서구,발산1동,18890.833333333336
강서구,우장산동,62022.66666666667
강서구,공항동,4690.666666666666
강서구,방화1동,53984.16666666667
강서구,방화2동,7794.833333333334
강서구,방화3동,15069.333333333332
구로구,신도림동,41442.0
구로구,구로1동,15700.166666666668
구로구,구로2동,41940.5
구로구,구로3동,82297.16666666666
구로구,구로4동,108566.5
구로구,구로5동,65976.0
구로구,가리봉동,78799.0
구로구,고척1동,41367.66666666667
구로구,고척2동,59944.16666666667
구로구,개봉1동,52991.5
구로구,개봉2동,54701.66666666667
구로구,개봉3동,38379.16666666667
구로구,오류1동,49432.16666666667
구로구,오류2동,13603.833333333332
구로구,수궁동,12420.333333333332
금천구,가산동,21745.166666666664
금천구,독산1동,22915.666666666664
금천구,독산2동,70452.83333333334
금천구,독산3동,62814.5
금천구,독산4동,58787.16666666667
금천구,시흥1동,42429.66666666667
금천구,시흥2동,10304.166666666668
금천구,시흥3동,16555.5
금천구,시흥4동,48572.0
금천구,시흥5동,21168.333333333336
영등포구,영등포본동,93308.0
영등포구,영등포동,67091.83333333334
영등포구,여의동,8807.666666666668
영등포구,당산1동,76103.16666666666
영등포구,당산2동,49785.33333333333
영등포구,도림동,116043.0
영등포구,문래동,38638.33333333333
영등포구,양평1동,47178.33333333333
영등포구,양평2동,16004.166666666668
영등포구,신길1동,84253.16666666666
영등포구,신길3동,98424.66666666666
영등포구,신길4동,86348.33333333334
영등포구,신길5동,64529.83333333333
영등포구,신길6동,87558.5
영등포구,신길7동,58189.0
영등포구,대림1동,112564.16666666666
영등포구,대림2동,80805.5
영등포구,대림3동,70056.33333333334
동작구,노량진1동,48881.66666666667
동작구,노량진2동,79191.83333333334
동작구,상도1동,66759.5
동작구,상도2동,71622.66666666666
동작구,상도3동,94063.5
동작구,상도4동,70433.0
동작구,흑석동,38240.16666666667
동작구,사당1동,109729.16666666666
동작구,사당2동,24682.666666666664
동작구,사당3동,43670.66666666667
동작구,사당4동,100029.66666666666
동작구,사당5동,39555.83333333333
동작구,대방동,34400.33333333333
동작구,신대방1동,39709.0
동작구,신대방2동,49638.83333333333
관악구,보라매동,73430.66666666666
관악구,청림동,78306.83333333334
관악구,성현동,92106.5
관악구,행운동,116921.0
관악구,낙성대동,23528.166666666664
관악구,청룡동,79851.5
관악구,은천동,116165.83333333334
관악구,중앙동,133796.16666666666
관악구,인헌동,85732.16666666666
관악구,남현동,16490.0
관악구,서원동,91632.66666666666
관악구,신원동,116555.5
관악구,서림동,54088.33333333333
관악구,신사동,117771.66666666666
관악구,신림동,183028.5
관악구,난향동,18473.666666666664
관악구,조원동,87993.16666666666
관악구,대학동,10328.666666666668
관악구,삼성동,20095.166666666664
관악구,미성동,46560.66666666667
관악구,난곡동,72065.0
서초구,서초1동,58890.16666666667
서초구,서초2동,60627.16666666667
서초구,서초3동,39351.5
서초구,서초4동,76385.0
서초구,잠원동,35604.16666666667
서초구,반포본동,6504.0
서초구,반포1동,66274.66666666666
서초구,반포2동,17286.833333333336
서초구,반포3동,22464.333333333336
서초구,반포4동,39161.16666666667
서초구,방배본동,89101.0
서초구,방배1동,75458.0
서초구,방배2동,28616.666666666664
서초구,방배3동,17318.5
서초구,방배4동,77014.5
서초구,양재1동,13466.833333333332
서초구,양재2동,7920.333333333334
서초구,내곡동,234.66666666666669
강남구,신사동,41023.33333333333
강남구,논현1동,82929.0
강남구,논현2동,79949.83333333334
강남구,압구정동,31442.333333333336
강남구,청담동,41361.0
강남구,삼성1동,26827.5
강남구,삼성2동,69790.33333333334
강남구,대치1동,51859.33333333333
강남구,대치2동,31202.166666666664
강남구,대치4동,120233.16666666666
강남구,역삼1동,78972.66666666666
강남구,역삼2동,83754.33333333334
강남구,도곡1동,47098.33333333333
강남구,도곡2동,40245.5
강남구,개포1동,10482.833333333332
강남구,개포2동,7578.0
강남구,개포4동,28082.5
강남구,세곡동,4565.833333333334
강남구,일원본동,12671.5
강남구,일원1동,38307.16666666667
강남구,일원2동,10072.166666666668
강남구,수서동,11596.5
송파구,풍납1동,46710.66666666667
송파구,풍납2동,32573.666666666664
송파구,거여1동,82306.83333333334
송파구,거여2동,81739.66666666666
송파구,마천1동,64749.83333333333
송파구,마천2동,49078.5
송파구,방이1동,70253.16666666666
송파구,방이2동,95112.66666666666
송파구,오륜동,1669.1666666666663
송파구,오금동,44616.5
송파구,송파1동,89274.0
송파구,송파2동,47218.33333333333
송파구,석촌동,78541.16666666666
송파구,삼전동,68335.16666666666
송파구,가락본동,78899.0
송파구,가락1동,4984.833333333334
송파구,가락2동,80669.5
송파구,문정1동,91639.33333333334
송파구,문정2동,8115.833333333333
송파구,장지동,52564.0
송파구,위례동,5453.833333333334
송파구,잠실본동,71794.66666666666
송파구,잠실2동,9121.333333333332
송파구,잠실3동,25535.333333333336
송파구,잠실4동,29288.0
송파구,잠실6동,21368.166666666664
송파구,잠실7동,11214.333333333332
강동구,강일동,9444.166666666668
강동구,상일동,11655.833333333332
강동구,명일1동,105140.5
강동구,명일2동,23812.833333333336
강동구,고덕1동,15443.333333333332
강동구,고덕2동,5355.166666666666
강동구,암사1동,123040.0
강동구,암사2동,10642.166666666668
강동구,암사3동,6748.333333333334
강동구,천호1동,148205.1666666667
강동구,천호2동,61798.66666666667
강동구,천호3동,165980.6666666667
강동구,성내1동,104386.16666666666
강동구,성내2동,177772.6666666667
강동구,성내3동,130534.16666666669
강동구,길동,96809.16666666666
강동구,둔촌1동,11326.5
강동구,둔촌2동,47646.16666666667
종로구,청운효자동,13512.833333333332
종로구,사직동,26880.666666666664
종로구,삼청동,4994.166666666666
종로구,부암동,4129.333333333334
종로구,평창동,1440.8333333333337
종로구,무악동,36727.0
종로구,교남동,64190.0
종로구,가회동,19217.0
종로구,종로1.2.3.4가동,27120.0
종로구,종로5.6가동,71163.0
종로구,이화동,41971.16666666667
종로구,혜화동,67396.83333333334
종로구,창신1동,110105.0
종로구,창신2동,181782.6666666667
종로구,창신3동,51425.0
종로구,숭인1동,101204.16666666666
종로구,숭인2동,143884.8333333333
중구,소공동,26604.833333333336
중구,회현동,33763.0
중구,명동,49649.5
중구,필동,13740.0
중구,장충동,17188.666666666664
중구,광희동,44546.0
중구,을지로동,60690.33333333333
중구,신당동,111328.5
중구,다산동,78032.66666666666
중구,약수동,41987.5
중구,청구동,115908.16666666666
중구,신당5동,101825.83333333334
중구,동화동,81057.83333333334
중구,황학동,161802.8333333333
중구,중림동,45101.83333333333
용산구,후암동,38582.0
용산구,용산2가동,15888.5
용산구,남영동,26776.5
용산구,청파동,80655.66666666666
용산구,원효로1동,80389.0
용산구,원효로2동,32119.333333333336
용산구,효창동,74155.0
용산구,용문동,103142.5
용산구,한강로동,14565.833333333332
용산구,이촌1동,26818.166666666664
용산구,이촌2동,10972.333333333332
용산구,이태원1동,41812.16666666667
용산구,이태원2동,35825.33333333333
용산구,한남동,16080.0
용산구,서빙고동,5939.0
용산구,보광동,38644.5
성동구,왕십리2동,113950.16666666666
성동구,왕십리도선동,60459.5
성동구,마장동,44883.33333333333
성동구,사근동,22419.833333333336
성동구,행당1동,99093.66666666666
성동구,행당2동,76447.0
성동구,응봉동,54484.66666666667
성동구,금호1가동,87110.5
성동구,금호2.3가동,95847.5
성동구,금호4가동,21581.833333333336
성동구,옥수동,25879.333333333336
성동구,성수1가1동,12787.166666666668
성동구,성수1가2동,49708.16666666667
성동구,성수2가1동,39713.33333333333
성동구,성수2가3동,44561.5
성동구,송정동,47716.16666666667
성동구,용답동,12690.5
광진구,화양동,85780.66666666666
광진구,군자동,75247.0
광진구,중곡1동,64443.33333333333
광진구,중곡2동,88458.5
광진구,중곡3동,86066.5
광진구,중곡4동,34918.0
광진구,능동,18240.166666666664
광진구,광장동,23498.0
광진구,자양1동,141205.3333333333
광진구,자양2동,31827.0
광진구,자양3동,73653.66666666666
광진구,자양4동,64252.0
광진구,구의1동,123621.16666666666
광진구,구의2동,48856.83333333333
광진구,구의3동,45370.83333333333
동대문구,용신동,72799.33333333334
동대문구,제기동,88163.66666666666
동대문구,전농1동,102913.66666666666
동대문구,전농2동,26556.166666666664
동대문구,답십리1동,87278.33333333334
동대문구,답십리2동,67306.0
동대문구,장안1동,70131.83333333334
동대문구,장안2동,64383.83333333333
동대문구,청량리동,48859.83333333333
동대문구,회기동,57736.16666666667
동대문구,휘경1동,107224.16666666666
동대문구,휘경2동,44634.5
동대문구,이문1동,85754.0
동대문구,이문2동,63826.16666666667
중랑구,면목2동,80770.66666666666
중랑구,면목4동,70085.66666666666
중랑구,면목5동,40676.5
중랑구,면목본동,129588.66666666666
중랑구,면목7동,50616.83333333333
중랑구,면목3.8동,38664.5
중랑구,상봉1동,64235.83333333333
중랑구,상봉2동,98462.66666666666
중랑구,중화1동,89673.0
중랑구,중화2동,74138.16666666666
중랑구,묵1동,60709.33333333333
중랑구,묵2동,78188.5
중랑구,망우본동,29878.333333333336
중랑구,망우3동,42382.0
중랑구,신내1동,20986.0
중랑구,신내2동,29946.666666666664
성북구,성북동,6116.333333333334
성북구,삼선동,91877.83333333334
성북구,동선동,117573.5
성북구,돈암1동,68977.0
성북구,돈암2동,45406.66666666667
성북구,안암동,41366.83333333333
성북구,보문동,91967.5
성북구,정릉1동,115085.33333333334
성북구,정릉2동,45264.83333333333
성북구,정릉3동,7628.166666666666
성북구,정릉4동,9720.166666666668
성북구,길음1동,83548.0
성북구,길음2동,78134.16666666666
성북구,종암동,63027.33333333333
성북구,월곡1동,63280.5
성북구,월곡2동,52792.66666666667
성북구,장위1동,102695.83333333334
성북구,장위2동,73011.66666666666
성북구,장위3동,38704.66666666667
성북구,석관동,48323.0
강북구,삼양동,88491.0
강북구,미아동,60373.33333333333
강북구,송중동,95527.66666666666
강북구,송천동,119208.16666666666
강북구,삼각산동,55755.83333333333
강북구,번1동,116258.66666666666
강북구,번2동,33010.166666666664
강북구,번3동,27276.666666666664
강북구,수유1동,35906.66666666667
강북구,수유2동,110990.0
강북구,수유3동,124577.5
강북구,우이동,3411.0
강북구,인수동,29208.666666666664
도봉구,창1동,47947.5
도봉구,창2동,122864.16666666666
도봉구,창3동,60453.83333333333
도봉구,창4동,33097.666666666664
도봉구,창5동,76702.16666666666
도봉구,도봉1동,3708.0
도봉구,도봉2동,23110.833333333336
도봉구,쌍문1동,36121.0
도봉구,쌍문2동,94508.33333333334
도봉구,쌍문3동,97855.0
도봉구,쌍문4동,54473.83333333333
도봉구,방학1동,60420.0
도봉구,방학2동,38269.5
도봉구,방학3동,18286.5
노원구,월계1동,50306.33333333333
노원구,월계2동,17439.0
노원구,월계3동,16090.333333333332
노원구,공릉1동,89809.5
노원구,공릉2동,10057.166666666668
노원구,하계1동,30509.166666666664
노원구,하계2동,61074.66666666667
노원구,중계본동,19555.166666666664
노원구,중계1동,62191.33333333333
노원구,중계4동,21265.666666666664
노원구,중계2.3동,53469.33333333333
노원구,상계1동,12038.833333333332
노원구,상계2동,170262.5
노원구,상계3.4동,11649.0
노원구,상계5동,106661.5
노원구,상계6.7동,40744.5
노원구,상계8동,16744.833333333336
노원구,상계9동,28312.0
노원구,상계10동,33374.16666666667
은평구,녹번동,45411.33333333333
은평구,불광1동,18834.666666666664
은평구,불광2동,53659.83333333333
은평구,갈현1동,100788.33333333334
은평구,갈현2동,68732.0
은평구,구산동,49792.5
은평구,대조동,131929.66666666666
은평구,응암1동,65088.0
은평구,응암2동,45475.16666666667
은평구,응암3동,120409.66666666666
은평구,역촌동,129319.16666666666
은평구,신사1동,88726.66666666666
은평구,신사2동,47724.33333333333
은평구,증산동,40738.0
은평구,수색동,21011.333333333336
은평구,진관동,4012.166666666667
서대문구,천연동,43937.0
서대문구,북아현동,310501.0
서대문구,충현동,87970.16666666666
서대문구,신촌동,43282.33333333333
서대문구,연희동,31242.833333333336
서대문구,홍제1동,48145.33333333333
서대문구,홍제3동,41991.83333333333
서대문구,홍제2동,31467.0
서대문구,홍은1동,21839.5
서대문구,홍은2동,25455.333333333336
서대문구,남가좌1동,28904.0
서대문구,남가좌2동,83813.16666666666
서대문구,북가좌1동,45361.33333333333
서대문구,북가좌2동,149598.3333333333
마포구,아현동,73315.5
마포구,공덕동,141807.3333333333
마포구,도화동,62492.0
마포구,용강동,68519.16666666666
마포구,대흥동,66058.83333333334
마포구,염리동,80119.66666666666
마포구,신수동,54507.16666666667
마포구,서강동,30314.5
마포구,서교동,107706.66666666666
마포구,합정동,29098.666666666664
마포구,망원1동,56957.33333333333
마포구,망원2동,55142.5
마포구,연남동,93786.83333333334
마포구,성산1동,56515.5
마포구,성산2동,35302.0
마포구,상암동,6374.0
양천구,목1동,32799.5
양천구,목2동,66612.5
양천구,목3동,109002.5
양천구,목4동,103214.33333333334
양천구,목5동,23657.5
양천구,신월1동,69142.66666666666
양천구,신월2동,89805.5
양천구,신월3동,33186.0
양천구,신월4동,102089.5
양천구,신월5동,50581.33333333333
양천구,신월6동,41849.5
양천구,신월7동,21891.833333333336
양천구,신정1동,41244.66666666667
양천구,신정2동,66223.5
양천구,신정3동,26489.833333333336
양천구,신정4동,105353.5
양천구,신정6동,16791.166666666664
양천구,신정7동,27966.833333333336
강서구,염창동,44690.16666666667
강서구,등촌1동,65034.16666666667
강서구,등촌2동,46718.83333333333
강서구,등촌3동,43785.0
강서구,화곡1동,150035.8333333333
강서구,화곡2동,98016.16666666666
강서구,화곡3동,74307.0
강서구,화곡4동,58300.66666666667
강서구,화곡본동,88036.0
강서구,화곡6동,56614.0
강서구,화곡8동,143749.6666666667
강서구,가양1동,4259.666666666666
강서구,가양2동,17673.833333333332
강서구,가양3동,28672.833333333336
강서구,발산1동,18986.666666666664
강서구,우장산동,65023.0
강서구,공항동,4642.166666666666
강서구,방화1동,56310.83333333333
강서구,방화2동,9148.166666666668
강서구,방화3동,14783.5
구로구,신도림동,42036.0
구로구,구로1동,15403.0
구로구,구로2동,41664.33333333333
구로구,구로3동,76271.66666666666
구로구,구로4동,101990.66666666666
구로구,구로5동,60716.5
구로구,가리봉동,69163.0
구로구,고척1동,40352.0
구로구,고척2동,59896.5
구로구,개봉1동,51877.16666666667
구로구,개봉2동,50054.33333333333
구로구,개봉3동,37378.66666666667
구로구,오류1동,44581.33333333333
구로구,오류2동,13397.5
구로구,수궁동,13009.5
금천구,가산동,20554.166666666664
금천구,독산1동,22636.833333333336
금천구,독산2동,65453.5
금천구,독산3동,60235.5
금천구,독산4동,64920.0
금천구,시흥1동,41076.16666666667
금천구,시흥2동,11375.166666666668
금천구,시흥3동,15924.666666666668
금천구,시흥4동,46370.16666666667
금천구,시흥5동,21081.0
영등포구,영등포본동,89891.5
영등포구,영등포동,64855.5
영등포구,여의동,8666.333333333332
영등포구,당산1동,76698.16666666666
영등포구,당산2동,47449.0
영등포구,도림동,111002.66666666666
영등포구,문래동,38662.16666666667
영등포구,양평1동,40763.33333333333
영등포구,양평2동,16233.833333333334
영등포구,신길1동,76960.83333333334
영등포구,신길3동,99715.66666666666
영등포구,신길4동,93896.83333333334
영등포구,신길5동,54268.66666666667
영등포구,신길6동,82348.33333333334
영등포구,신길7동,55012.33333333333
영등포구,대림1동,99775.66666666666
영등포구,대림2동,79791.33333333334
영등포구,대림3동,67505.16666666666
동작구,노량진1동,44360.83333333333
동작구,노량진2동,74438.5
동작구,상도1동,67704.33333333334
동작구,상도2동,70138.0
동작구,상도3동,87624.16666666666
동작구,상도4동,71542.16666666666
동작구,흑석동,40284.5
동작구,사당1동,106993.0
동작구,사당2동,23273.666666666664
동작구,사당3동,45178.83333333333
동작구,사당4동,101803.16666666666
동작구,사당5동,33799.66666666667
동작구,대방동,33492.5
동작구,신대방1동,39637.16666666667
동작구,신대방2동,49978.66666666667
관악구,보라매동,66079.16666666667
관악구,청림동,85532.16666666666
관악구,성현동,94475.83333333334
관악구,행운동,106563.16666666666
관악구,낙성대동,23628.5
관악구,청룡동,88361.16666666666
관악구,은천동,108900.33333333334
관악구,중앙동,136807.8333333333
관악구,인헌동,83181.16666666666
관악구,남현동,16346.166666666668
관악구,서원동,91624.33333333334
관악구,신원동,119808.33333333334
관악구,서림동,50460.5
관악구,신사동,117195.33333333334
관악구,신림동,163126.0
관악구,난향동,17930.166666666664
관악구,조원동,96341.5
관악구,대학동,9530.666666666668
관악구,삼성동,19400.0
관악구,미성동,43816.16666666667
관악구,난곡동,67034.83333333333
서초구,서초1동,57204.0
서초구,서초2동,59179.66666666667
서초구,서초3동,39780.5
서초구,서초4동,75085.33333333334
서초구,잠원동,35444.0
서초구,반포본동,6015.0
서초구,반포1동,67752.33333333334
서초구,반포2동,14456.833333333332
서초구,반포3동,19955.666666666664
서초구,반포4동,41143.5
서초구,방배본동,83991.5
서초구,방배1동,64648.33333333333
서초구,방배2동,28644.0
서초구,방배3동,17575.166666666664
서초구,방배4동,72616.66666666666
서초구,양재1동,13003.666666666668
서초구,양재2동,7839.0
서초구,내곡동,231.3333333333333
강남구,신사동,39169.5
강남구,논현1동,81451.16666666666
강남구,논현2동,78902.83333333334
강남구,압구정동,31283.333333333336
강남구,청담동,38878.66666666667
강남구,삼성1동,25380.333333333336
강남구,삼성2동,70171.83333333334
강남구,대치1동,54623.83333333333
강남구,대치2동,30245.166666666664
강남구,대치4동,125629.5
강남구,역삼1동,77386.5
강남구,역삼2동,91536.5
강남구,도곡1동,47173.66666666667
강남구,도곡2동,41263.66666666667
강남구,개포1동,8106.5
강남구,개포2동,7958.5
강남구,개포4동,25761.0
강남구,세곡동,4613.333333333334
강남구,일원본동,12691.166666666668
강남구,일원1동,38552.66666666667
강남구,일원2동,9654.166666666668
강남구,수서동,11311.833333333332
송파구,풍납1동,48194.0
송파구,풍납2동,32408.833333333336
송파구,거여1동,72366.83333333334
송파구,거여2동,84503.66666666666
송파구,마천1동,63256.5
송파구,마천2동,49940.5
송파구,방이1동,68932.5
송파구,방이2동,95977.5
송파구,오륜동,1793.0
송파구,오금동,45363.5
송파구,송파1동,93598.16666666666
송파구,송파2동,48154.66666666667
송파구,석촌동,78179.16666666666
송파구,삼전동,68809.16666666666
송파구,가락본동,77920.83333333334
송파구,가락1동,8721.333333333332
송파구,가락2동,82831.66666666666
송파구,문정1동,90479.5
송파구,문정2동,8833.166666666668
송파구,장지동,54555.83333333333
송파구,위례동,6314.833333333334
송파구,잠실본동,70180.16666666666
송파구,잠실2동,8871.166666666668
송파구,잠실3동,24997.5
송파구,잠실4동,24017.666666666664
송파구,잠실6동,20642.333333333336
송파구,잠실7동,10427.666666666668
강동구,강일동,7991.666666666666
강동구,상일동,10203.833333333332
강동구,명일1동,93969.16666666666
강동구,명일2동,23188.833333333336
강동구,고덕1동,11118.666666666668
강동구,고덕2동,5464.666666666666
강동구,암사1동,137734.1666666667
강동구,암사2동,10944.166666666668
강동구,암사3동,6123.0
강동구,천호1동,199463.3333333333
강동구,천호2동,60379.83333333333
강동구,천호3동,160180.3333333333
강동구,성내1동,100977.33333333334
강동구,성내2동,163503.5
강동구,성내3동,132377.66666666666
강동구,길동,92677.0
강동구,둔촌1동,12116.833333333332
강동구,둔촌2동,46549.16666666667
종로구,청운효자동,13323.0
종로구,사직동,23602.666666666664
종로구,삼청동,4383.5
종로구,부암동,4737.666666666666
종로구,평창동,1495.1666666666663
종로구,무악동,36092.5
종로구,교남동,67778.83333333334
종로구,가회동,16168.0
종로구,종로1.2.3.4가동,22120.333333333336
종로구,종로5.6가동,62754.33333333333
종로구,이화동,39704.16666666667
종로구,혜화동,59913.33333333333
종로구,창신1동,91550.66666666666
종로구,창신2동,187471.5
종로구,창신3동,55378.0
종로구,숭인1동,98968.0
종로구,숭인2동,133211.1666666667
중구,소공동,20820.166666666664
중구,회현동,27559.0
중구,명동,37360.0
중구,필동,10123.5
중구,장충동,14786.166666666668
중구,광희동,42016.33333333333
중구,을지로동,54805.5
중구,신당동,104840.66666666666
중구,다산동,74516.16666666666
중구,약수동,50020.83333333333
중구,청구동,114988.16666666666
중구,신당5동,101732.5
중구,동화동,86855.16666666666
중구,황학동,162364.8333333333
중구,중림동,44821.5
용산구,후암동,40417.33333333333
용산구,용산2가동,16895.5
용산구,남영동,23110.5
용산구,청파동,78555.66666666666
용산구,원효로1동,85206.0
용산구,원효로2동,34776.83333333333
용산구,효창동,77076.5
용산구,용문동,96645.33333333334
용산구,한강로동,13667.666666666668
용산구,이촌1동,27745.0
용산구,이촌2동,12264.333333333332
용산구,이태원1동,32069.333333333336
용산구,이태원2동,36238.0
용산구,한남동,17073.0
용산구,서빙고동,6291.833333333334
용산구,보광동,38298.33333333333
성동구,왕십리2동,127107.0
성동구,왕십리도선동,67882.0
성동구,마장동,41349.66666666667
성동구,사근동,22985.166666666664
성동구,행당1동,81139.66666666666
성동구,행당2동,83621.5
성동구,응봉동,54832.0
성동구,금호1가동,82204.83333333334
성동구,금호2.3가동,92000.33333333334
성동구,금호4가동,24888.833333333336
성동구,옥수동,24070.833333333336
성동구,성수1가1동,12627.333333333332
성동구,성수1가2동,54446.83333333333
성동구,성수2가1동,40943.0
성동구,성수2가3동,47937.16666666667
성동구,송정동,49580.0
성동구,용답동,12233.166666666668
광진구,화양동,80086.66666666666
광진구,군자동,73360.0
광진구,중곡1동,68989.0
광진구,중곡2동,92164.33333333334
광진구,중곡3동,83450.16666666666
광진구,중곡4동,33179.166666666664
광진구,능동,18443.166666666664
광진구,광장동,23085.833333333336
광진구,자양1동,137184.1666666667
광진구,자양2동,31308.833333333336
광진구,자양3동,76799.16666666666
광진구,자양4동,63746.16666666667
광진구,구의1동,124203.16666666669
광진구,구의2동,48436.66666666667
광진구,구의3동,43097.5
동대문구,용신동,74438.5
동대문구,제기동,76760.16666666666
동대문구,전농1동,104162.16666666666
동대문구,전농2동,26465.0
동대문구,답십리1동,90396.5
동대문구,답십리2동,74946.83333333334
동대문구,장안1동,69994.33333333334
동대문구,장안2동,66264.0
동대문구,청량리동,47649.16666666667
동대문구,회기동,56470.66666666667
동대문구,휘경1동,104541.5
동대문구,휘경2동,45117.33333333333
동대문구,이문1동,81386.33333333334
동대문구,이문2동,61932.0
중랑구,면목2동,87511.83333333334
중랑구,면목4동,72669.33333333334
중랑구,면목5동,38324.0
중랑구,면목본동,125209.33333333334
중랑구,면목7동,54139.0
중랑구,면목3.8동,38272.5
중랑구,상봉1동,63682.33333333333
중랑구,상봉2동,91185.66666666666
중랑구,중화1동,94937.33333333334
중랑구,중화2동,81087.0
중랑구,묵1동,59082.16666666667
중랑구,묵2동,78971.0
중랑구,망우본동,32414.0
중랑구,망우3동,43908.5
중랑구,신내1동,22871.0
중랑구,신내2동,30493.5
성북구,성북동,6378.0
성북구,삼선동,83890.16666666666
성북구,동선동,104575.83333333334
성북구,돈암1동,58729.16666666667
성북구,돈암2동,69589.5
성북구,안암동,34966.66666666667
성북구,보문동,90442.33333333334
성북구,정릉1동,115106.16666666666
성북구,정릉2동,44801.0
성북구,정릉3동,7651.5
성북구,정릉4동,9481.333333333332
성북구,길음1동,89332.33333333334
성북구,길음2동,88850.0
성북구,종암동,66536.16666666666
성북구,월곡1동,71485.16666666666
성북구,월곡2동,52584.33333333333
성북구,장위1동,101013.33333333334
성북구,장위2동,75245.66666666666
성북구,장위3동,44326.83333333333
성북구,석관동,48989.66666666667
강북구,삼양동,84469.83333333334
강북구,미아동,62801.16666666667
강북구,송중동,99182.0
강북구,송천동,121865.33333333334
강북구,삼각산동,53041.66666666667
강북구,번1동,116545.5
강북구,번2동,34883.33333333333
강북구,번3동,29327.333333333336
강북구,수유1동,35055.16666666667
강북구,수유2동,109894.83333333334
강북구,수유3동,123259.33333333334
강북구,우이동,3508.666666666667
강북구,인수동,30365.166666666664
도봉구,창1동,45836.16666666667
도봉구,창2동,128346.83333333334
도봉구,창3동,66525.66666666667
도봉구,창4동,30358.166666666664
도봉구,창5동,67672.16666666667
도봉구,도봉1동,3912.333333333333
도봉구,도봉2동,22189.833333333336
도봉구,쌍문1동,35150.83333333333
도봉구,쌍문2동,100101.33333333334
도봉구,쌍문3동,100808.33333333334
도봉구,쌍문4동,55784.16666666667
도봉구,방학1동,62701.33333333333
도봉구,방학2동,31431.0
도봉구,방학3동,19816.0
노원구,월계1동,50472.16666666667
노원구,월계2동,17659.333333333336
노원구,월계3동,17148.666666666664
노원구,공릉1동,94592.16666666666
노원구,공릉2동,9564.5
노원구,하계1동,30317.5
노원구,하계2동,54615.0
노원구,중계본동,21850.166666666664
노원구,중계1동,63040.83333333333
노원구,중계4동,21802.166666666664
노원구,중계2.3동,54681.33333333333
노원구,상계1동,12929.333333333332
노원구,상계2동,174647.5
노원구,상계3.4동,12859.333333333332
노원구,상계5동,113578.0
노원구,상계6.7동,39549.16666666667
노원구,상계8동,19344.666666666664
노원구,상계9동,27912.833333333336
노원구,상계10동,30721.5
은평구,녹번동,47391.83333333333
은평구,불광1동,18722.833333333336
은평구,불광2동,54912.66666666667
은평구,갈현1동,98845.66666666666
은평구,갈현2동,71059.33333333334
은평구,구산동,50764.66666666667
은평구,대조동,129517.0
은평구,응암1동,69517.83333333334
은평구,응암2동,53317.33333333333
은평구,응암3동,122489.16666666666
은평구,역촌동,135048.5
은평구,신사1동,87493.5
은평구,신사2동,49262.5
은평구,증산동,45867.83333333333
은평구,수색동,20225.5
은평구,진관동,4491.666666666666
서대문구,천연동,41573.5
서대문구,북아현동,326692.6666666666
서대문구,충현동,81980.5
서대문구,신촌동,36556.0
서대문구,연희동,29690.166666666664
서대문구,홍제1동,42599.66666666667
서대문구,홍제3동,39872.5
서대문구,홍제2동,36973.0
서대문구,홍은1동,22069.0
서대문구,홍은2동,26979.666666666664
서대문구,남가좌1동,29486.5
서대문구,남가좌2동,81135.0
서대문구,북가좌1동,47474.83333333333
서대문구,북가좌2동,152882.6666666667
마포구,아현동,73207.83333333334
마포구,공덕동,143989.1666666667
마포구,도화동,58206.0
마포구,용강동,77320.5
마포구,대흥동,60743.0
마포구,염리동,83084.5
마포구,신수동,53075.66666666667
마포구,서강동,30636.333333333336
마포구,서교동,94654.33333333334
마포구,합정동,27405.333333333336
마포구,망원1동,55115.16666666667
마포구,망원2동,57396.0
마포구,연남동,93595.83333333334
마포구,성산1동,60068.16666666667
마포구,성산2동,34939.33333333333
마포구,상암동,6597.5
양천구,목1동,31674.166666666664
양천구,목2동,68847.16666666666
양천구,목3동,108576.16666666666
양천구,목4동,116162.5
양천구,목5동,24866.0
양천구,신월1동,71033.83333333334
양천구,신월2동,87696.0
양천구,신월3동,32595.5
양천구,신월4동,103587.33333333334
양천구,신월5동,52197.0
양천구,신월6동,40711.33333333333
양천구,신월7동,21436.166666666664
양천구,신정1동,43973.0
양천구,신정2동,71298.5
양천구,신정3동,27485.833333333336
양천구,신정4동,107347.33333333334
양천구,신정6동,15745.333333333332
양천구,신정7동,29409.5
강서구,염창동,44530.83333333333
강서구,등촌1동,71380.83333333334
강서구,등촌2동,50641.0
강서구,등촌3동,45490.33333333333
강서구,화곡1동,159618.1666666667
강서구,화곡2동,90837.16666666666
강서구,화곡3동,78550.33333333334
강서구,화곡4동,58899.66666666667
강서구,화곡본동,95172.33333333334
강서구,화곡6동,51862.66666666667
강서구,화곡8동,140255.0
강서구,가양1동,4402.333333333334
강서구,가양2동,19351.333333333336
강서구,가양3동,26011.333333333336
강서구,발산1동,20010.5
강서구,우장산동,66930.0
강서구,공항동,4344.833333333334
강서구,방화1동,57303.5
강서구,방화2동,8768.5
강서구,방화3동,14898.333333333332
구로구,신도림동,41814.33333333333
구로구,구로1동,16842.5
구로구,구로2동,45500.33333333333
구로구,구로3동,75239.0
구로구,구로4동,95357.0
구로구,구로5동,58241.16666666667
구로구,가리봉동,67362.83333333334
구로구,고척1동,39092.33333333333
구로구,고척2동,59930.83333333333
구로구,개봉1동,53036.83333333333
구로구,개봉2동,49943.33333333333
구로구,개봉3동,37409.33333333333
구로구,오류1동,46466.33333333333
구로구,오류2동,14708.5
구로구,수궁동,12216.166666666668
금천구,가산동,21379.5
금천구,독산1동,22078.0
금천구,독산2동,60716.33333333333
금천구,독산3동,62019.33333333333
금천구,독산4동,78322.5
금천구,시흥1동,39660.33333333333
금천구,시흥2동,12318.333333333332
금천구,시흥3동,15199.5
금천구,시흥4동,45623.33333333333
금천구,시흥5동,21481.166666666664
영등포구,영등포본동,79438.66666666666
영등포구,영등포동,59131.83333333333
영등포구,여의동,8163.5
영등포구,당산1동,75932.33333333334
영등포구,당산2동,48408.16666666667
영등포구,도림동,102878.33333333334
영등포구,문래동,39545.33333333333
영등포구,양평1동,42431.5
영등포구,양평2동,16669.333333333332
영등포구,신길1동,78502.5
영등포구,신길3동,102441.0
영등포구,신길4동,95976.33333333334
영등포구,신길5동,50908.33333333333
영등포구,신길6동,81673.83333333334
영등포구,신길7동,58221.66666666667
영등포구,대림1동,113075.33333333334
영등포구,대림2동,83627.5
영등포구,대림3동,61253.0
동작구,노량진1동,42230.5
동작구,노량진2동,79235.83333333334
동작구,상도1동,65504.16666666667
동작구,상도2동,72324.33333333334
동작구,상도3동,90047.83333333334
동작구,상도4동,76803.16666666666
동작구,흑석동,38688.33333333333
동작구,사당1동,106027.66666666666
동작구,사당2동,22672.0
동작구,사당3동,48646.16666666667
동작구,사당4동,98922.33333333334
동작구,사당5동,43457.0
동작구,대방동,33122.83333333333
동작구,신대방1동,40428.66666666667
동작구,신대방2동,50982.83333333333
관악구,보라매동,65304.33333333333
관악구,청림동,90178.16666666666
관악구,성현동,90591.83333333334
관악구,행운동,102847.16666666666
관악구,낙성대동,21913.333333333336
관악구,청룡동,95732.83333333334
관악구,은천동,114642.33333333334
관악구,중앙동,158247.6666666667
관악구,인헌동,92138.66666666666
관악구,남현동,16857.666666666664
관악구,서원동,86951.33333333334
관악구,신원동,119555.33333333334
관악구,서림동,52709.5
관악구,신사동,116471.5
관악구,신림동,153121.1666666667
관악구,난향동,18563.5
관악구,조원동,92003.5
관악구,대학동,9147.666666666668
관악구,삼성동,20037.5
관악구,미성동,44983.33333333333
관악구,난곡동,66960.83333333334
서초구,서초1동,52033.66666666667
서초구,서초2동,56062.0
서초구,서초3동,38374.66666666667
서초구,서초4동,70131.5
서초구,잠원동,34701.0
서초구,반포본동,6048.166666666666
서초구,반포1동,69230.66666666666
서초구,반포2동,13383.833333333332
서초구,반포3동,18481.666666666664
서초구,반포4동,40755.16666666667
서초구,방배본동,83898.83333333334
서초구,방배1동,64250.66666666667
서초구,방배2동,27536.833333333336
서초구,방배3동,16812.333333333336
서초구,방배4동,75578.33333333334
서초구,양재1동,13325.833333333332
서초구,양재2동,7810.666666666666
서초구,내곡동,219.0
강남구,신사동,37351.16666666667
강남구,논현1동,82798.0
강남구,논현2동,81025.0
강남구,압구정동,29970.166666666664
강남구,청담동,39960.33333333333
강남구,삼성1동,22094.5
강남구,삼성2동,73306.66666666666
강남구,대치1동,58105.16666666667
강남구,대치2동,29187.333333333336
강남구,대치4동,130671.66666666669
강남구,역삼1동,74861.33333333334
강남구,역삼2동,95905.5
강남구,도곡1동,47359.83333333333
강남구,도곡2동,44016.0
강남구,개포1동,8199.166666666668
강남구,개포2동,10869.833333333332
강남구,개포4동,24563.333333333336
강남구,세곡동,5105.166666666666
강남구,일원본동,13455.666666666668
강남구,일원1동,36710.0
강남구,일원2동,9653.0
강남구,수서동,11176.333333333332
송파구,풍납1동,45320.0
송파구,풍납2동,33505.16666666667
송파구,거여1동,68821.66666666666
송파구,거여2동,84401.33333333334
송파구,마천1동,70780.5
송파구,마천2동,54380.66666666667
송파구,방이1동,66864.83333333334
송파구,방이2동,95414.0
송파구,오륜동,1835.6666666666663
송파구,오금동,47333.33333333333
송파구,송파1동,93485.33333333334
송파구,송파2동,54608.33333333333
송파구,석촌동,85035.16666666666
송파구,삼전동,73401.66666666666
송파구,가락본동,74982.66666666666
송파구,가락1동,11111.5
송파구,가락2동,84930.33333333334
송파구,문정1동,89580.33333333334
송파구,문정2동,8362.0
송파구,장지동,55807.66666666667
송파구,위례동,6178.5
송파구,잠실본동,67897.16666666667
송파구,잠실2동,8572.833333333332
송파구,잠실3동,23198.5
송파구,잠실4동,21591.833333333336
송파구,잠실6동,19050.166666666664
송파구,잠실7동,10615.0
강동구,강일동,9790.5
강동구,상일동,15850.166666666666
강동구,명일1동,100719.66666666666
강동구,명일2동,21639.166666666664
강동구,고덕1동,14785.166666666666
강동구,고덕2동,8885.666666666668
강동구,암사1동,133712.5
강동구,암사2동,11223.833333333332
강동구,암사3동,6693.333333333334
강동구,천호1동,200387.8333333333
강동구,천호2동,62748.16666666667
강동구,천호3동,153325.3333333333
강동구,성내1동,100855.83333333334
강동구,성내2동,156013.8333333333
강동구,성내3동,127869.33333333334
강동구,길동,94248.33333333334
강동구,둔촌1동,13153.666666666668
강동구,둔촌2동,46648.83333333333
종로구,청운효자동,13645.166666666668
종로구,사직동,22098.166666666664
종로구,삼청동,4392.333333333334
종로구,부암동,4609.166666666666
종로구,평창동,1362.8333333333337
종로구,무악동,36022.5
종로구,교남동,71187.5
종로구,가회동,14579.5
종로구,종로1.2.3.4가동,20225.5
종로구,종로5.6가동,61820.0
종로구,이화동,37616.66666666667
종로구,혜화동,57447.83333333333
종로구,창신1동,85902.33333333334
종로구,창신2동,189510.3333333333
종로구,창신3동,61578.333333333336
종로구,숭인1동,96638.66666666666
종로구,숭인2동,123976.33333333334
중구,소공동,19700.166666666664
중구,회현동,25140.666666666664
중구,명동,33557.0
중구,필동,9909.166666666668
중구,장충동,14216.166666666668
중구,광희동,40510.16666666667
중구,을지로동,53632.5
중구,신당동,101087.16666666666
중구,다산동,69853.0
중구,약수동,44971.16666666667
중구,청구동,110425.33333333334
중구,신당5동,96385.5
중구,동화동,76707.5
중구,황학동,157598.3333333333
중구,중림동,44114.5
용산구,후암동,39044.33333333333
용산구,용산2가동,17239.5
용산구,남영동,22697.0
용산구,청파동,72576.16666666666
용산구,원효로1동,84498.66666666666
용산구,원효로2동,35111.33333333333
용산구,효창동,77696.83333333334
용산구,용문동,93394.66666666666
용산구,한강로동,14508.666666666668
용산구,이촌1동,25848.833333333336
용산구,이촌2동,10534.5
용산구,이태원1동,32534.0
용산구,이태원2동,32678.0
용산구,한남동,15442.5
용산구,서빙고동,6070.333333333334
용산구,보광동,36061.66666666667
성동구,왕십리2동,112227.83333333334
성동구,왕십리도선동,69345.16666666666
성동구,마장동,38477.83333333333
성동구,사근동,21510.833333333336
성동구,행당1동,65974.16666666667
성동구,행당2동,86426.5
성동구,응봉동,50754.5
성동구,금호1가동,91944.0
성동구,금호2.3가동,89512.16666666666
성동구,금호4가동,23381.833333333336
성동구,옥수동,23778.833333333336
성동구,성수1가1동,13247.833333333332
성동구,성수1가2동,51962.5
성동구,성수2가1동,39850.16666666667
성동구,성수2가3동,46959.5
성동구,송정동,49808.83333333333
성동구,용답동,13377.5
광진구,화양동,75958.0
광진구,군자동,74012.83333333334
광진구,중곡1동,66392.5
광진구,중곡2동,86179.16666666666
광진구,중곡3동,78086.0
광진구,중곡4동,32006.5
광진구,능동,17907.833333333336
광진구,광장동,20960.666666666664
광진구,자양1동,130579.5
광진구,자양2동,30586.333333333336
광진구,자양3동,72938.33333333334
광진구,자양4동,61321.5
광진구,구의1동,140769.3333333333
광진구,구의2동,40593.33333333333
광진구,구의3동,44163.0
동대문구,용신동,71235.33333333334
동대문구,제기동,77539.83333333334
동대문구,전농1동,100854.83333333334
동대문구,전농2동,26587.166666666664
동대문구,답십리1동,84685.16666666666
동대문구,답십리2동,69166.66666666666
동대문구,장안1동,66465.66666666666
동대문구,장안2동,66466.0
동대문구,청량리동,42090.0
동대문구,회기동,54678.33333333333
동대문구,휘경1동,99485.5
동대문구,휘경2동,42317.0
동대문구,이문1동,81186.66666666666
동대문구,이문2동,59431.33333333333
중랑구,면목2동,80718.33333333334
중랑구,면목4동,69366.66666666666
중랑구,면목5동,38006.66666666667
중랑구,면목본동,120315.5
중랑구,면목7동,53459.16666666667
중랑구,면목3.8동,36275.16666666667
중랑구,상봉1동,61291.66666666667
중랑구,상봉2동,91431.0
중랑구,중화1동,94321.33333333334
중랑구,중화2동,75443.66666666666
중랑구,묵1동,59267.5
중랑구,묵2동,79463.83333333334
중랑구,망우본동,34804.16666666667
중랑구,망우3동,41195.33333333333
중랑구,신내1동,23027.666666666664
중랑구,신내2동,29883.166666666664
성북구,성북동,6475.166666666666
성북구,삼선동,82226.5
성북구,동선동,111344.66666666666
성북구,돈암1동,56018.33333333333
성북구,돈암2동,70519.33333333334
성북구,안암동,35784.16666666667
성북구,보문동,83067.16666666666
성북구,정릉1동,105965.5
성북구,정릉2동,43564.83333333333
성북구,정릉3동,7486.166666666666
성북구,정릉4동,9152.0
성북구,길음1동,86910.33333333334
성북구,길음2동,83123.66666666666
성북구,종암동,66827.16666666666
성북구,월곡1동,72270.33333333334
성북구,월곡2동,46051.5
성북구,장위1동,108188.5
성북구,장위2동,62931.16666666667
성북구,장위3동,35682.0
성북구,석관동,48448.33333333333
강북구,삼양동,85230.33333333334
강북구,미아동,60701.83333333333
강북구,송중동,97435.33333333334
강북구,송천동,115847.66666666666
강북구,삼각산동,53112.33333333333
강북구,번1동,108756.66666666666
강북구,번2동,35601.16666666667
강북구,번3동,26831.5
강북구,수유1동,34323.16666666667
강북구,수유2동,100405.66666666666
강북구,수유3동,117210.5
강북구,우이동,3503.333333333333
강북구,인수동,29759.666666666664
도봉구,창1동,43618.33333333333
도봉구,창2동,138606.0
도봉구,창3동,55385.5
도봉구,창4동,29716.833333333336
도봉구,창5동,61282.5
도봉구,도봉1동,3993.166666666667
도봉구,도봉2동,24406.0
도봉구,쌍문1동,34531.5
도봉구,쌍문2동,93381.83333333334
도봉구,쌍문3동,101124.33333333334
도봉구,쌍문4동,54331.83333333333
도봉구,방학1동,61814.5
도봉구,방학2동,32603.333333333336
도봉구,방학3동,17785.0
노원구,월계1동,46774.33333333333
노원구,월계2동,17167.833333333336
노원구,월계3동,17365.0
노원구,공릉1동,93459.83333333334
노원구,공릉2동,9253.666666666668
노원구,하계1동,29509.666666666664
노원구,하계2동,55398.0
노원구,중계본동,20441.333333333336
노원구,중계1동,64326.16666666667
노원구,중계4동,19609.166666666664
노원구,중계2.3동,50411.66666666667
노원구,상계1동,12901.833333333332
노원구,상계2동,157984.0
노원구,상계3.4동,12042.166666666668
노원구,상계5동,104899.16666666666
노원구,상계6.7동,46226.0
노원구,상계8동,17872.5
노원구,상계9동,26329.833333333336
노원구,상계10동,27538.0
은평구,녹번동,45588.5
은평구,불광1동,16540.833333333332
은평구,불광2동,51563.66666666667
은평구,갈현1동,93501.83333333334
은평구,갈현2동,69871.83333333334
은평구,구산동,50552.33333333333
은평구,대조동,124776.16666666666
은평구,응암1동,72666.33333333334
은평구,응암2동,45873.16666666667
은평구,응암3동,122599.66666666666
은평구,역촌동,134551.1666666667
은평구,신사1동,88817.83333333334
은평구,신사2동,45925.16666666667
은평구,증산동,43653.83333333333
은평구,수색동,20708.833333333336
은평구,진관동,4653.5
서대문구,천연동,40375.16666666667
서대문구,북아현동,351401.1666666666
서대문구,충현동,87591.5
서대문구,신촌동,33667.83333333333
서대문구,연희동,27155.333333333336
서대문구,홍제1동,39989.83333333333
서대문구,홍제3동,37562.33333333333
서대문구,홍제2동,37553.83333333333
서대문구,홍은1동,22581.833333333336
서대문구,홍은2동,26946.833333333336
서대문구,남가좌1동,23508.166666666664
서대문구,남가좌2동,77639.5
서대문구,북가좌1동,44485.33333333333
서대문구,북가좌2동,148113.1666666667
마포구,아현동,72617.0
마포구,공덕동,141261.0
마포구,도화동,53167.33333333333
마포구,용강동,78246.33333333334
마포구,대흥동,56518.66666666667
마포구,염리동,80268.0
마포구,신수동,52325.5
마포구,서강동,28621.333333333336
마포구,서교동,85620.66666666666
마포구,합정동,26219.0
마포구,망원1동,56971.83333333333
마포구,망원2동,54898.16666666667
마포구,연남동,93094.66666666666
마포구,성산1동,57335.0
마포구,성산2동,33767.66666666667
마포구,상암동,6287.0
양천구,목1동,29812.666666666664
양천구,목2동,64892.16666666667
양천구,목3동,106890.66666666666
양천구,목4동,115992.33333333334
양천구,목5동,24572.833333333336
양천구,신월1동,70675.0
양천구,신월2동,89346.0
양천구,신월3동,32117.0
양천구,신월4동,94896.0
양천구,신월5동,43074.66666666667
양천구,신월6동,38960.16666666667
양천구,신월7동,18387.0
양천구,신정1동,43722.0
양천구,신정2동,66149.5
양천구,신정3동,29832.5
양천구,신정4동,100441.0
양천구,신정6동,18247.5
양천구,신정7동,27447.833333333336
강서구,염창동,44497.16666666667
강서구,등촌1동,75783.0
강서구,등촌2동,46845.16666666667
강서구,등촌3동,50103.83333333333
강서구,화곡1동,159363.6666666667
강서구,화곡2동,92735.66666666666
강서구,화곡3동,76170.0
강서구,화곡4동,55751.66666666667
강서구,화곡본동,94834.33333333334
강서구,화곡6동,51010.16666666667
강서구,화곡8동,145440.5
강서구,가양1동,4484.166666666666
강서구,가양2동,18980.5
강서구,가양3동,25318.166666666664
강서구,발산1동,19791.5
강서구,우장산동,64397.83333333333
강서구,공항동,4063.833333333333
강서구,방화1동,54864.16666666667
강서구,방화2동,7160.833333333334
강서구,방화3동,13835.333333333332
구로구,신도림동,39347.16666666667
구로구,구로1동,16268.5
구로구,구로2동,44266.83333333333
구로구,구로3동,68029.33333333334
구로구,구로4동,102673.66666666666
구로구,구로5동,58199.16666666667
구로구,가리봉동,76513.16666666666
구로구,고척1동,37884.66666666667
구로구,고척2동,57576.83333333333
구로구,개봉1동,52136.83333333333
구로구,개봉2동,47219.66666666667
구로구,개봉3동,38262.66666666667
구로구,오류1동,43565.16666666667
구로구,오류2동,14583.166666666668
구로구,수궁동,11367.833333333332
금천구,가산동,23962.166666666664
금천구,독산1동,20897.833333333336
금천구,독산2동,67912.83333333334
금천구,독산3동,61953.83333333333
금천구,독산4동,64685.33333333333
금천구,시흥1동,36660.33333333333
금천구,시흥2동,13288.833333333332
금천구,시흥3동,14366.166666666668
금천구,시흥4동,44187.33333333333
금천구,시흥5동,20353.666666666664
영등포구,영등포본동,75939.66666666666
영등포구,영등포동,61403.16666666667
영등포구,여의동,8141.666666666667
영등포구,당산1동,71334.0
영등포구,당산2동,45208.5
영등포구,도림동,98199.5
영등포구,문래동,36420.33333333333
영등포구,양평1동,41136.33333333333
영등포구,양평2동,16115.833333333334
영등포구,신길1동,77302.66666666666
영등포구,신길3동,91231.33333333334
영등포구,신길4동,107433.33333333334
영등포구,신길5동,53189.83333333333
영등포구,신길6동,91495.33333333334
영등포구,신길7동,57265.83333333333
영등포구,대림1동,141165.3333333333
영등포구,대림2동,90078.0
영등포구,대림3동,61232.66666666667
동작구,노량진1동,35277.33333333333
동작구,노량진2동,67445.33333333334
동작구,상도1동,60273.5
동작구,상도2동,66331.83333333333
동작구,상도3동,95947.0
동작구,상도4동,74711.66666666666
동작구,흑석동,35635.16666666667
동작구,사당1동,102447.16666666666
동작구,사당2동,21160.333333333336
동작구,사당3동,47045.5
동작구,사당4동,97132.83333333334
동작구,사당5동,40828.0
동작구,대방동,35003.16666666667
동작구,신대방1동,39775.66666666667
동작구,신대방2동,46842.16666666667
관악구,보라매동,58286.16666666667
관악구,청림동,95955.0
관악구,성현동,78995.0
관악구,행운동,101238.0
관악구,낙성대동,21326.333333333336
관악구,청룡동,93102.66666666666
관악구,은천동,114147.16666666666
관악구,중앙동,148131.3333333333
관악구,인헌동,91109.16666666666
관악구,남현동,15195.833333333332
관악구,서원동,81640.66666666666
관악구,신원동,116204.16666666666
관악구,서림동,48759.0
관악구,신사동,112294.16666666666
관악구,신림동,151050.8333333333
관악구,난향동,18695.833333333336
관악구,조원동,93308.83333333334
관악구,대학동,8638.333333333332
관악구,삼성동,19109.833333333336
관악구,미성동,42647.5
관악구,난곡동,66270.16666666666
서초구,서초1동,52111.83333333333
서초구,서초2동,57819.5
서초구,서초3동,38464.66666666667
서초구,서초4동,67111.16666666666
서초구,잠원동,31523.166666666664
서초구,반포본동,4925.0
서초구,반포1동,63296.83333333333
서초구,반포2동,14188.5
서초구,반포3동,19134.833333333336
서초구,반포4동,42385.5
서초구,방배본동,77332.66666666666
서초구,방배1동,66485.0
서초구,방배2동,24923.5
서초구,방배3동,16171.833333333332
서초구,방배4동,73708.0
서초구,양재1동,13718.0
서초구,양재2동,7731.666666666666
서초구,내곡동,190.8333333333333
강남구,신사동,35701.33333333333
강남구,논현1동,76527.16666666666
강남구,논현2동,79392.66666666666
강남구,압구정동,27697.333333333336
강남구,청담동,40144.33333333333
강남구,삼성1동,19656.5
강남구,삼성2동,69355.83333333334
강남구,대치1동,56311.5
강남구,대치2동,27045.833333333336
강남구,대치4동,133278.3333333333
강남구,역삼1동,68439.0
강남구,역삼2동,92659.66666666666
강남구,도곡1동,50126.33333333333
강남구,도곡2동,42818.33333333333
강남구,개포1동,10665.5
강남구,개포2동,10194.5
강남구,개포4동,24693.833333333336
강남구,세곡동,5028.833333333334
강남구,일원본동,12133.5
강남구,일원1동,35003.66666666667
강남구,일원2동,9954.0
강남구,수서동,10070.0
송파구,풍납1동,43917.66666666667
송파구,풍납2동,31332.333333333336
송파구,거여1동,68364.5
송파구,거여2동,99838.0
송파구,마천1동,68859.33333333334
송파구,마천2동,52418.5
송파구,방이1동,71156.33333333334
송파구,방이2동,89968.33333333334
송파구,오륜동,1681.3333333333337
송파구,오금동,48087.0
송파구,송파1동,95478.0
송파구,송파2동,50361.83333333333
송파구,석촌동,84037.83333333334
송파구,삼전동,69846.16666666666
송파구,가락본동,77179.5
송파구,가락1동,9846.5
송파구,가락2동,75969.5
송파구,문정1동,83022.33333333334
송파구,문정2동,7674.833333333334
송파구,장지동,55443.0
송파구,위례동,6244.166666666666
송파구,잠실본동,63425.83333333333
송파구,잠실2동,7880.166666666666
송파구,잠실3동,19032.666666666664
송파구,잠실4동,20143.666666666664
송파구,잠실6동,18605.666666666664
송파구,잠실7동,9123.5
강동구,강일동,9810.333333333332
강동구,상일동,21613.166666666664
강동구,명일1동,103266.16666666666
강동구,명일2동,21486.666666666664
강동구,고덕1동,17372.666666666664
강동구,고덕2동,11047.166666666668
강동구,암사1동,122045.83333333334
강동구,암사2동,9022.0
강동구,암사3동,7876.666666666666
강동구,천호1동,158096.1666666667
강동구,천호2동,58708.0
강동구,천호3동,147636.1666666667
강동구,성내1동,98015.33333333334
강동구,성내2동,156187.0
강동구,성내3동,126040.83333333334
강동구,길동,96024.16666666666
강동구,둔촌1동,11766.0
강동구,둔촌2동,42585.0
종로구,청운효자동,13676.833333333332
종로구,사직동,21816.666666666664
종로구,삼청동,4547.833333333334
종로구,부암동,4436.166666666666
종로구,평창동,1126.5
종로구,무악동,35228.66666666667
종로구,교남동,79097.16666666666
종로구,가회동,15522.5
종로구,종로1.2.3.4가동,22052.5
종로구,종로5.6가동,63953.5
종로구,이화동,38468.0
종로구,혜화동,61992.66666666667
종로구,창신1동,75749.16666666666
종로구,창신2동,194472.1666666667
종로구,창신3동,72872.33333333334
종로구,숭인1동,84690.0
종로구,숭인2동,119280.83333333334
중구,소공동,21746.833333333336
중구,회현동,26552.333333333336
중구,명동,39169.16666666667
중구,필동,10915.666666666668
중구,장충동,15258.5
중구,광희동,41466.33333333333
중구,을지로동,58353.83333333333
중구,신당동,103354.16666666666
중구,다산동,66762.83333333334
중구,약수동,41235.83333333333
중구,청구동,99367.5
중구,신당5동,90149.0
중구,동화동,73718.0
중구,황학동,158439.8333333333
중구,중림동,44093.33333333333
용산구,후암동,37943.16666666667
용산구,용산2가동,16663.833333333332
용산구,남영동,23737.333333333336
용산구,청파동,76798.0
용산구,원효로1동,85648.5
용산구,원효로2동,37111.0
용산구,효창동,73365.5
용산구,용문동,85780.33333333334
용산구,한강로동,14685.833333333332
용산구,이촌1동,25428.833333333336
용산구,이촌2동,10585.0
용산구,이태원1동,39178.83333333333
용산구,이태원2동,31952.833333333336
용산구,한남동,15475.5
용산구,서빙고동,5929.5
용산구,보광동,33285.166666666664
성동구,왕십리2동,109563.0
성동구,왕십리도선동,72979.0
성동구,마장동,36168.0
성동구,사근동,22448.166666666664
성동구,행당1동,66775.83333333334
성동구,행당2동,87044.16666666666
성동구,응봉동,47575.16666666667
성동구,금호1가동,90219.66666666666
성동구,금호2.3가동,88900.33333333334
성동구,금호4가동,21471.666666666664
성동구,옥수동,22322.5
성동구,성수1가1동,14273.833333333332
성동구,성수1가2동,47656.66666666667
성동구,성수2가1동,36737.5
성동구,성수2가3동,46921.66666666667
성동구,송정동,50595.33333333333
성동구,용답동,13090.0
광진구,화양동,86027.83333333334
광진구,군자동,74556.5
광진구,중곡1동,62206.0
광진구,중곡2동,82555.16666666666
광진구,중곡3동,74603.16666666666
광진구,중곡4동,31339.0
광진구,능동,18258.5
광진구,광장동,20741.833333333336
광진구,자양1동,128463.33333333334
광진구,자양2동,32517.666666666664
광진구,자양3동,71448.0
광진구,자양4동,65061.5
광진구,구의1동,145328.0
광진구,구의2동,38029.83333333333
광진구,구의3동,41979.33333333333
동대문구,용신동,72548.33333333334
동대문구,제기동,79153.5
동대문구,전농1동,97846.5
동대문구,전농2동,25212.666666666664
동대문구,답십리1동,82567.0
동대문구,답십리2동,72114.66666666666
동대문구,장안1동,65751.66666666666
동대문구,장안2동,67231.0
동대문구,청량리동,41750.83333333333
동대문구,회기동,56888.16666666667
동대문구,휘경1동,106085.16666666666
동대문구,휘경2동,43700.83333333333
동대문구,이문1동,80716.16666666666
동대문구,이문2동,52802.33333333333
중랑구,면목2동,76099.33333333334
중랑구,면목4동,68243.66666666666
중랑구,면목5동,45242.5
중랑구,면목본동,112782.0
중랑구,면목7동,51462.83333333333
중랑구,면목3.8동,35093.0
중랑구,상봉1동,57445.5
중랑구,상봉2동,95604.0
중랑구,중화1동,91441.83333333334
중랑구,중화2동,69106.0
중랑구,묵1동,56267.0
중랑구,묵2동,82004.66666666666
중랑구,망우본동,32076.5
중랑구,망우3동,40782.16666666667
중랑구,신내1동,23477.833333333336
중랑구,신내2동,28343.833333333336
성북구,성북동,6468.5
성북구,삼선동,83154.16666666666
성북구,동선동,102189.16666666666
성북구,돈암1동,47998.83333333333
성북구,돈암2동,68755.33333333334
성북구,안암동,39174.0
성북구,보문동,82708.0
성북구,정릉1동,104446.5
성북구,정릉2동,41206.5
성북구,정릉3동,7611.166666666666
성북구,정릉4동,8747.833333333332
성북구,길음1동,80418.5
성북구,길음2동,93241.83333333334
성북구,종암동,63585.5
성북구,월곡1동,71833.83333333334
성북구,월곡2동,45627.33333333333
성북구,장위1동,125629.0
성북구,장위2동,59963.0
성북구,장위3동,33431.83333333333
성북구,석관동,44393.33333333333
강북구,삼양동,83779.66666666666
강북구,미아동,58659.66666666667
강북구,송중동,98740.33333333334
강북구,송천동,116135.33333333334
강북구,삼각산동,45628.0
강북구,번1동,97479.0
강북구,번2동,34421.5
강북구,번3동,25103.166666666664
강북구,수유1동,33660.5
강북구,수유2동,95555.16666666666
강북구,수유3동,116526.0
강북구,우이동,3332.333333333333
강북구,인수동,28897.166666666664
도봉구,창1동,44476.66666666667
도봉구,창2동,136624.3333333333
도봉구,창3동,53045.5
도봉구,창4동,27942.0
도봉구,창5동,57591.5
도봉구,도봉1동,3931.333333333333
도봉구,도봉2동,23921.166666666664
도봉구,쌍문1동,35191.33333333333
도봉구,쌍문2동,85786.33333333334
도봉구,쌍문3동,100052.16666666666
도봉구,쌍문4동,52890.5
도봉구,방학1동,57650.33333333333
도봉구,방학2동,28413.0
도봉구,방학3동,16153.0
노원구,월계1동,43278.83333333333
노원구,월계2동,17374.166666666664
노원구,월계3동,16043.0
노원구,공릉1동,95436.66666666666
노원구,공릉2동,10023.833333333332
노원구,하계1동,27820.0
노원구,하계2동,58696.0
노원구,중계본동,17289.5
노원구,중계1동,61482.0
노원구,중계4동,17631.166666666664
노원구,중계2.3동,48599.66666666667
노원구,상계1동,12464.166666666668
노원구,상계2동,158475.1666666667
노원구,상계3.4동,10703.5
노원구,상계5동,94466.16666666666
노원구,상계6.7동,42666.16666666667
노원구,상계8동,17495.333333333336
노원구,상계9동,26632.333333333336
노원구,상계10동,23599.5
은평구,녹번동,46509.33333333333
은평구,불광1동,14167.166666666668
은평구,불광2동,49136.16666666667
은평구,갈현1동,89732.5
은평구,갈현2동,67105.16666666666
은평구,구산동,49035.66666666667
은평구,대조동,140030.6666666667
은평구,응암1동,64597.16666666667
은평구,응암2동,28710.833333333336
은평구,응암3동,124929.0
은평구,역촌동,140065.0
은평구,신사1동,89736.0
은평구,신사2동,40406.66666666667
은평구,증산동,46315.0
은평구,수색동,19590.0
은평구,진관동,4787.0
서대문구,천연동,37126.66666666667
서대문구,북아현동,369826.8333333334
서대문구,충현동,94681.66666666666
서대문구,신촌동,38381.16666666667
서대문구,연희동,26992.833333333336
서대문구,홍제1동,40421.5
서대문구,홍제3동,38340.83333333333
서대문구,홍제2동,38616.66666666667
서대문구,홍은1동,22565.666666666664
서대문구,홍은2동,24993.833333333336
서대문구,남가좌1동,14116.666666666668
서대문구,남가좌2동,73148.0
서대문구,북가좌1동,44469.33333333333
서대문구,북가좌2동,149981.5
마포구,아현동,71774.0
마포구,공덕동,142500.8333333333
마포구,도화동,40606.0
마포구,용강동,78697.66666666666
마포구,대흥동,62934.33333333333
마포구,염리동,81223.83333333334
마포구,신수동,50611.83333333333
마포구,서강동,27572.5
마포구,서교동,92355.16666666666
마포구,합정동,26390.333333333336
마포구,망원1동,56594.5
마포구,망원2동,52276.0
마포구,연남동,89452.83333333334
마포구,성산1동,54130.33333333333
마포구,성산2동,33966.83333333333
마포구,상암동,6215.166666666666
양천구,목1동,29927.333333333336
양천구,목2동,65606.66666666667
양천구,목3동,97436.33333333334
양천구,목4동,118533.66666666666
양천구,목5동,23288.666666666664
양천구,신월1동,73291.33333333334
양천구,신월2동,85381.0
양천구,신월3동,32752.5
양천구,신월4동,86676.5
양천구,신월5동,34497.33333333333
양천구,신월6동,33422.833333333336
양천구,신월7동,17927.833333333336
양천구,신정1동,44672.66666666667
양천구,신정2동,61298.5
양천구,신정3동,32482.166666666668
양천구,신정4동,99120.83333333334
양천구,신정6동,18223.333333333336
양천구,신정7동,24423.833333333336
강서구,염창동,43429.16666666667
강서구,등촌1동,75359.83333333334
강서구,등촌2동,46389.16666666667
강서구,등촌3동,55491.5
강서구,화곡1동,152157.0
강서구,화곡2동,86197.83333333334
강서구,화곡3동,72954.16666666666
강서구,화곡4동,52201.33333333333
강서구,화곡본동,92905.5
강서구,화곡6동,49376.66666666667
강서구,화곡8동,147860.0
강서구,가양1동,4467.333333333334
강서구,가양2동,18068.833333333336
강서구,가양3동,25190.833333333336
강서구,발산1동,19081.666666666664
강서구,우장산동,54566.5
강서구,공항동,3659.333333333333
강서구,방화1동,53042.33333333333
강서구,방화2동,6112.833333333334
강서구,방화3동,13549.0
구로구,신도림동,38190.66666666667
구로구,구로1동,15748.5
구로구,구로2동,43510.83333333333
구로구,구로3동,70643.66666666666
구로구,구로4동,110602.16666666666
구로구,구로5동,58321.16666666667
구로구,가리봉동,75304.16666666666
구로구,고척1동,38880.83333333333
구로구,고척2동,55657.16666666667
구로구,개봉1동,50332.83333333333
구로구,개봉2동,45522.33333333333
구로구,개봉3동,39865.0
구로구,오류1동,43906.33333333333
구로구,오류2동,13727.166666666668
구로구,수궁동,9345.666666666668
금천구,가산동,24572.833333333336
금천구,독산1동,20809.5
금천구,독산2동,68538.66666666666
금천구,독산3동,63087.0
금천구,독산4동,63911.0
금천구,시흥1동,34808.83333333333
금천구,시흥2동,12587.333333333332
금천구,시흥3동,15325.833333333332
금천구,시흥4동,41849.0
금천구,시흥5동,18472.666666666664
영등포구,영등포본동,72815.33333333334
영등포구,영등포동,62632.83333333333
영등포구,여의동,8539.0
영등포구,당산1동,75928.5
영등포구,당산2동,44058.33333333333
영등포구,도림동,100347.66666666666
영등포구,문래동,35208.5
영등포구,양평1동,42517.5
영등포구,양평2동,16881.333333333336
영등포구,신길1동,76852.0
영등포구,신길3동,84984.33333333334
영등포구,신길4동,107050.66666666666
영등포구,신길5동,59707.833333333336
영등포구,신길6동,94595.0
영등포구,신길7동,57182.5
영등포구,대림1동,133659.66666666666
영등포구,대림2동,100342.83333333334
영등포구,대림3동,62986.5
동작구,노량진1동,36034.33333333333
동작구,노량진2동,63993.83333333333
동작구,상도1동,56906.16666666667
동작구,상도2동,65367.33333333333
동작구,상도3동,92637.33333333334
동작구,상도4동,68518.5
동작구,흑석동,33978.0
동작구,사당1동,102220.33333333334
동작구,사당2동,21604.166666666664
동작구,사당3동,49509.33333333333
동작구,사당4동,94206.66666666666
동작구,사당5동,40547.0
동작구,대방동,34545.83333333333
동작구,신대방1동,39745.0
동작구,신대방2동,44406.5
관악구,보라매동,48372.33333333333
관악구,청림동,92526.83333333334
관악구,성현동,69778.33333333334
관악구,행운동,103413.66666666666
관악구,낙성대동,21261.333333333336
관악구,청룡동,91949.66666666666
관악구,은천동,119790.5
관악구,중앙동,141799.1666666667
관악구,인헌동,94934.0
관악구,남현동,14060.5
관악구,서원동,82513.0
관악구,신원동,120086.33333333334
관악구,서림동,45142.83333333333
관악구,신사동,112582.66666666666
관악구,신림동,162758.0
관악구,난향동,19595.5
관악구,조원동,92442.83333333334
관악구,대학동,8503.333333333332
관악구,삼성동,17880.166666666664
관악구,미성동,41204.0
관악구,난곡동,68298.0
서초구,서초1동,54491.5
서초구,서초2동,60481.0
서초구,서초3동,38201.0
서초구,서초4동,67953.5
서초구,잠원동,31333.5
서초구,반포본동,1645.6666666666663
서초구,반포1동,64522.0
서초구,반포2동,13334.5
서초구,반포3동,20185.333333333336
서초구,반포4동,44759.0
서초구,방배본동,68641.66666666666
서초구,방배1동,67766.33333333333
서초구,방배2동,24059.0
서초구,방배3동,12817.666666666668
서초구,방배4동,77130.16666666666
서초구,양재1동,14706.166666666668
서초구,양재2동,7769.666666666666
서초구,내곡동,157.33333333333331
강남구,신사동,36014.33333333333
강남구,논현1동,78993.33333333334
강남구,논현2동,77894.33333333334
강남구,압구정동,28364.166666666664
강남구,청담동,39481.16666666667
강남구,삼성1동,19761.5
강남구,삼성2동,70481.33333333334
강남구,대치1동,56480.66666666667
강남구,대치2동,27973.666666666664
강남구,대치4동,136631.5
강남구,역삼1동,70332.33333333334
강남구,역삼2동,95658.33333333334
강남구,도곡1동,55651.66666666667
강남구,도곡2동,41328.83333333333
강남구,개포1동,10043.166666666668
강남구,개포2동,10305.333333333332
강남구,개포4동,24289.333333333336
강남구,세곡동,4814.166666666666
강남구,일원본동,9876.166666666668
강남구,일원1동,29709.166666666664
강남구,일원2동,10552.166666666668
강남구,수서동,9124.5
송파구,풍납1동,42062.83333333333
송파구,풍납2동,26572.166666666664
송파구,거여1동,71406.16666666666
송파구,거여2동,134644.5
송파구,마천1동,64327.5
송파구,마천2동,49408.16666666667
송파구,방이1동,71507.83333333334
송파구,방이2동,94117.33333333334
송파구,오륜동,1591.1666666666663
송파구,오금동,47797.0
송파구,송파1동,97365.33333333334
송파구,송파2동,46705.83333333333
송파구,석촌동,75982.33333333334
송파구,삼전동,69582.33333333334
송파구,가락본동,80068.83333333334
송파구,가락1동,9173.833333333332
송파구,가락2동,72844.66666666666
송파구,문정1동,83296.16666666666
송파구,문정2동,7375.833333333334
송파구,장지동,54830.16666666667
송파구,위례동,6186.666666666666
송파구,잠실본동,64277.83333333333
송파구,잠실2동,6874.833333333334
송파구,잠실3동,21087.0
송파구,잠실4동,19785.5
송파구,잠실6동,18440.166666666664
송파구,잠실7동,6974.5
강동구,강일동,9627.333333333332
강동구,상일동,22253.833333333336
강동구,명일1동,91060.16666666666
강동구,명일2동,20713.0
강동구,고덕1동,17034.666666666664
강동구,고덕2동,10442.5
강동구,암사1동,119367.33333333334
강동구,암사2동,9790.0
강동구,암사3동,6924.5
강동구,천호1동,153365.8333333333
강동구,천호2동,58881.83333333333
강동구,천호3동,140073.0
강동구,성내1동,95642.16666666666
강동구,성내2동,150514.5
강동구,성내3동,127091.16666666666
강동구,길동,100750.83333333334
강동구,둔촌1동,9407.833333333332
강동구,둔촌2동,44231.0
