,구별,동별,연도,주차장면수
0,종로구,사직동,2018,15562
1,종로구,사직동,2019,14217
2,종로구,사직동,2020,14146
3,종로구,사직동,2021,14232
4,종로구,사직동,2022,12605
5,종로구,삼청동,2018,2064
6,종로구,삼청동,2019,1853
7,종로구,삼청동,2020,1867
8,종로구,삼청동,2021,1840
9,종로구,삼청동,2022,2237
10,종로구,부암동,2018,3522
11,종로구,부암동,2019,3474
12,종로구,부암동,2020,3485
13,종로구,부암동,2021,3494
14,종로구,부암동,2022,3533
15,종로구,평창동,2018,9587
16,종로구,평창동,2019,9620
17,종로구,평창동,2020,9614
18,종로구,평창동,2021,9505
19,종로구,평창동,2022,9390
20,종로구,무악동,2018,2891
21,종로구,무악동,2019,3249
22,종로구,무악동,2020,3249
23,종로구,무악동,2021,3249
24,종로구,무악동,2022,3185
25,종로구,교남동,2018,1429
26,종로구,교남동,2019,5254
27,종로구,교남동,2020,5261
28,종로구,교남동,2021,4927
29,종로구,교남동,2022,5240
30,종로구,가회동,2018,2787
31,종로구,가회동,2019,2942
32,종로구,가회동,2020,2955
33,종로구,가회동,2021,2914
34,종로구,가회동,2022,3238
35,종로구,종로1.2.3.4가동,2018,18736
36,종로구,종로1.2.3.4가동,2019,18101
37,종로구,종로1.2.3.4가동,2020,18146
38,종로구,종로1.2.3.4가동,2021,19276
39,종로구,종로1.2.3.4가동,2022,18551
40,종로구,종로5.6가동,2018,5094
41,종로구,종로5.6가동,2019,5203
42,종로구,종로5.6가동,2020,4882
43,종로구,종로5.6가동,2021,5276
44,종로구,종로5.6가동,2022,4754
45,종로구,이화동,2018,10252
46,종로구,이화동,2019,9643
47,종로구,이화동,2020,9590
48,종로구,이화동,2021,9607
49,종로구,이화동,2022,8766
50,종로구,창신1동,2018,2337
51,종로구,창신1동,2019,2286
52,종로구,창신1동,2020,2291
53,종로구,창신1동,2021,2388
54,종로구,창신1동,2022,2175
55,종로구,창신2동,2018,935
56,종로구,창신2동,2019,995
57,종로구,창신2동,2020,993
58,종로구,창신2동,2021,999
59,종로구,창신2동,2022,917
60,종로구,창신3동,2018,1538
61,종로구,창신3동,2019,1712
62,종로구,창신3동,2020,1781
63,종로구,창신3동,2021,1722
64,종로구,창신3동,2022,1637
65,종로구,숭인1동,2018,1737
66,종로구,숭인1동,2019,1832
67,종로구,숭인1동,2020,1831
68,종로구,숭인1동,2021,1860
69,종로구,숭인1동,2022,1512
70,종로구,숭인2동,2018,3593
71,종로구,숭인2동,2019,3561
72,종로구,숭인2동,2020,3551
73,종로구,숭인2동,2021,3674
74,종로구,숭인2동,2022,3776
75,종로구,청운효자동,2018,5585
76,종로구,청운효자동,2019,4774
77,종로구,청운효자동,2020,4771
78,종로구,청운효자동,2021,4663
79,종로구,청운효자동,2022,4592
80,종로구,혜화동,2018,6836
81,종로구,혜화동,2019,6634
82,종로구,혜화동,2020,6635
83,종로구,혜화동,2021,6724
84,종로구,혜화동,2022,5954
85,중구,소공동,2018,14053
86,중구,소공동,2019,13973
87,중구,소공동,2020,14076
88,중구,소공동,2021,14056
89,중구,소공동,2022,14062
90,중구,회현동,2018,12487
91,중구,회현동,2019,12348
92,중구,회현동,2020,12208
93,중구,회현동,2021,11896
94,중구,회현동,2022,11806
95,중구,명동,2018,14525
96,중구,명동,2019,14470
97,중구,명동,2020,13938
98,중구,명동,2021,14869
99,중구,명동,2022,15101
100,중구,필동,2018,5163
101,중구,필동,2019,4996
102,중구,필동,2020,5001
103,중구,필동,2021,4870
104,중구,필동,2022,4903
105,중구,장충동,2018,4638
106,중구,장충동,2019,4658
107,중구,장충동,2020,5485
108,중구,장충동,2021,5467
109,중구,장충동,2022,5458
110,중구,광희동,2018,9944
111,중구,광희동,2019,8647
112,중구,광희동,2020,8709
113,중구,광희동,2021,8616
114,중구,광희동,2022,8776
115,중구,을지로동,2018,5112
116,중구,을지로동,2019,4714
117,중구,을지로동,2020,4989
118,중구,을지로동,2021,4865
119,중구,을지로동,2022,4828
120,중구,신당5동,2018,2984
121,중구,신당5동,2019,3097
122,중구,신당5동,2020,6547
123,중구,신당5동,2021,2975
124,중구,신당5동,2022,2794
125,중구,황학동,2018,5957
126,중구,황학동,2019,6140
127,중구,황학동,2020,6226
128,중구,황학동,2021,6584
129,중구,황학동,2022,6894
130,중구,중림동,2018,6226
131,중구,중림동,2019,5982
132,중구,중림동,2020,5346
133,중구,중림동,2021,5365
134,중구,중림동,2022,5383
135,중구,신당동,2018,6988
136,중구,신당동,2019,8079
137,중구,신당동,2020,4182
138,중구,신당동,2021,7755
139,중구,신당동,2022,7819
140,중구,다산동,2018,4735
141,중구,다산동,2019,4819
142,중구,다산동,2020,4761
143,중구,다산동,2021,4795
144,중구,다산동,2022,4827
145,중구,약수동,2018,6134
146,중구,약수동,2019,6189
147,중구,약수동,2020,6144
148,중구,약수동,2021,6309
149,중구,약수동,2022,6341
150,중구,청구동,2018,5132
151,중구,청구동,2019,5128
152,중구,청구동,2020,5144
153,중구,청구동,2021,5142
154,중구,청구동,2022,5147
155,중구,동화동,2018,4162
156,중구,동화동,2019,4159
157,중구,동화동,2020,4982
158,중구,동화동,2021,4997
159,중구,동화동,2022,5014
160,용산구,후암동,2018,4669
161,용산구,후암동,2019,4600
162,용산구,후암동,2020,4853
163,용산구,후암동,2021,4204
164,용산구,후암동,2022,4578
165,용산구,용산2가동,2018,1955
166,용산구,용산2가동,2019,2014
167,용산구,용산2가동,2020,2068
168,용산구,용산2가동,2021,1199
169,용산구,용산2가동,2022,1177
170,용산구,남영동,2018,5579
171,용산구,남영동,2019,5578
172,용산구,남영동,2020,5587
173,용산구,남영동,2021,5512
174,용산구,남영동,2022,5552
175,용산구,원효로2동,2018,5765
176,용산구,원효로2동,2019,5812
177,용산구,원효로2동,2020,5640
178,용산구,원효로2동,2021,5281
179,용산구,원효로2동,2022,6196
180,용산구,효창동,2018,3379
181,용산구,효창동,2019,3931
182,용산구,효창동,2020,4049
183,용산구,효창동,2021,3835
184,용산구,효창동,2022,3837
185,용산구,용문동,2018,4142
186,용산구,용문동,2019,4166
187,용산구,용문동,2020,4380
188,용산구,용문동,2021,4268
189,용산구,용문동,2022,4697
190,용산구,이촌1동,2018,11392
191,용산구,이촌1동,2019,12289
192,용산구,이촌1동,2020,12547
193,용산구,이촌1동,2021,10739
194,용산구,이촌1동,2022,10058
195,용산구,이촌2동,2018,2732
196,용산구,이촌2동,2019,2388
197,용산구,이촌2동,2020,2391
198,용산구,이촌2동,2021,2194
199,용산구,이촌2동,2022,2159
200,용산구,이태원1동,2018,3933
201,용산구,이태원1동,2019,3902
202,용산구,이태원1동,2020,4048
203,용산구,이태원1동,2021,3678
204,용산구,이태원1동,2022,3966
205,용산구,이태원2동,2018,3679
206,용산구,이태원2동,2019,3739
207,용산구,이태원2동,2020,3880
208,용산구,이태원2동,2021,3624
209,용산구,이태원2동,2022,3786
210,용산구,서빙고동,2018,7015
211,용산구,서빙고동,2019,6908
212,용산구,서빙고동,2020,6840
213,용산구,서빙고동,2021,6524
214,용산구,서빙고동,2022,6523
215,용산구,보광동,2018,2124
216,용산구,보광동,2019,2026
217,용산구,보광동,2020,2661
218,용산구,보광동,2021,2552
219,용산구,보광동,2022,2800
220,용산구,청파동,2018,6083
221,용산구,청파동,2019,5954
222,용산구,청파동,2020,6318
223,용산구,청파동,2021,5992
224,용산구,청파동,2022,6781
225,용산구,원효로1동,2018,8376
226,용산구,원효로1동,2019,8358
227,용산구,원효로1동,2020,8603
228,용산구,원효로1동,2021,8518
229,용산구,원효로1동,2022,9967
230,용산구,한강로동,2018,26126
231,용산구,한강로동,2019,25798
232,용산구,한강로동,2020,26363
233,용산구,한강로동,2021,26232
234,용산구,한강로동,2022,30057
235,용산구,한남동,2018,16392
236,용산구,한남동,2019,16128
237,용산구,한남동,2020,16642
238,용산구,한남동,2021,16297
239,용산구,한남동,2022,16498
240,성동구,왕십리2동,2018,4329
241,성동구,왕십리2동,2019,5217
242,성동구,왕십리2동,2020,5026
243,성동구,왕십리2동,2021,5083
244,성동구,왕십리2동,2022,5044
245,성동구,마장동,2018,8315
246,성동구,마장동,2019,8902
247,성동구,마장동,2020,8803
248,성동구,마장동,2021,8756
249,성동구,마장동,2022,8796
250,성동구,사근동,2018,6897
251,성동구,사근동,2019,7111
252,성동구,사근동,2020,7438
253,성동구,사근동,2021,7382
254,성동구,사근동,2022,7355
255,성동구,행당1동,2018,7120
256,성동구,행당1동,2019,7503
257,성동구,행당1동,2020,7568
258,성동구,행당1동,2021,7535
259,성동구,행당1동,2022,7516
260,성동구,행당2동,2018,8267
261,성동구,행당2동,2019,8225
262,성동구,행당2동,2020,9355
263,성동구,행당2동,2021,9355
264,성동구,행당2동,2022,9357
265,성동구,응봉동,2018,4527
266,성동구,응봉동,2019,4413
267,성동구,응봉동,2020,3182
268,성동구,응봉동,2021,3161
269,성동구,응봉동,2022,3151
270,성동구,금호1가동,2018,3782
271,성동구,금호1가동,2019,5382
272,성동구,금호1가동,2020,5461
273,성동구,금호1가동,2021,5454
274,성동구,금호1가동,2022,5457
275,성동구,금호4가동,2018,4659
276,성동구,금호4가동,2019,5440
277,성동구,금호4가동,2020,5430
278,성동구,금호4가동,2021,5432
279,성동구,금호4가동,2022,5423
280,성동구,성수1가1동,2018,7081
281,성동구,성수1가1동,2019,8974
282,성동구,성수1가1동,2020,7540
283,성동구,성수1가1동,2021,7596
284,성동구,성수1가1동,2022,7635
285,성동구,성수1가2동,2018,7252
286,성동구,성수1가2동,2019,7762
287,성동구,성수1가2동,2020,8894
288,성동구,성수1가2동,2021,9280
289,성동구,성수1가2동,2022,9712
290,성동구,성수2가1동,2018,8073
291,성동구,성수2가1동,2019,8128
292,성동구,성수2가1동,2020,8207
293,성동구,성수2가1동,2021,8383
294,성동구,성수2가1동,2022,8387
295,성동구,성수2가3동,2018,14034
296,성동구,성수2가3동,2019,16016
297,성동구,성수2가3동,2020,15908
298,성동구,성수2가3동,2021,16306
299,성동구,성수2가3동,2022,16697
300,성동구,송정동,2018,2535
301,성동구,송정동,2019,2848
302,성동구,송정동,2020,3106
303,성동구,송정동,2021,3118
304,성동구,송정동,2022,3118
305,성동구,용답동,2018,6789
306,성동구,용답동,2019,6747
307,성동구,용답동,2020,6268
308,성동구,용답동,2021,6299
309,성동구,용답동,2022,6002
310,성동구,왕십리도선동,2018,11864
311,성동구,왕십리도선동,2019,13606
312,성동구,왕십리도선동,2020,13541
313,성동구,왕십리도선동,2021,13483
314,성동구,왕십리도선동,2022,13447
315,성동구,금호2.3가동,2018,6693
316,성동구,금호2.3가동,2019,6780
317,성동구,금호2.3가동,2020,6768
318,성동구,금호2.3가동,2021,6781
319,성동구,금호2.3가동,2022,6764
320,성동구,옥수동,2018,9011
321,성동구,옥수동,2019,10670
322,성동구,옥수동,2020,10666
323,성동구,옥수동,2021,10703
324,성동구,옥수동,2022,10683
325,광진구,화양동,2018,9444
326,광진구,화양동,2019,10196
327,광진구,화양동,2020,10242
328,광진구,화양동,2021,10275
329,광진구,화양동,2022,10647
330,광진구,군자동,2018,7028
331,광진구,군자동,2019,7645
332,광진구,군자동,2020,7657
333,광진구,군자동,2021,7484
334,광진구,군자동,2022,7263
335,광진구,중곡1동,2018,4595
336,광진구,중곡1동,2019,5362
337,광진구,중곡1동,2020,5323
338,광진구,중곡1동,2021,5481
339,광진구,중곡1동,2022,4979
340,광진구,중곡2동,2018,6417
341,광진구,중곡2동,2019,6881
342,광진구,중곡2동,2020,7291
343,광진구,중곡2동,2021,6742
344,광진구,중곡2동,2022,6526
345,광진구,중곡3동,2018,5683
346,광진구,중곡3동,2019,5577
347,광진구,중곡3동,2020,5628
348,광진구,중곡3동,2021,5852
349,광진구,중곡3동,2022,5359
350,광진구,중곡4동,2018,8479
351,광진구,중곡4동,2019,8902
352,광진구,중곡4동,2020,8470
353,광진구,중곡4동,2021,8709
354,광진구,중곡4동,2022,8177
355,광진구,능동,2018,5515
356,광진구,능동,2019,7355
357,광진구,능동,2020,6838
358,광진구,능동,2021,7301
359,광진구,능동,2022,6560
360,광진구,구의1동,2018,7485
361,광진구,구의1동,2019,7875
362,광진구,구의1동,2020,7888
363,광진구,구의1동,2021,7765
364,광진구,구의1동,2022,8621
365,광진구,구의2동,2018,7718
366,광진구,구의2동,2019,9461
367,광진구,구의2동,2020,9450
368,광진구,구의2동,2021,9045
369,광진구,구의2동,2022,8722
370,광진구,구의3동,2018,14663
371,광진구,구의3동,2019,15136
372,광진구,구의3동,2020,15198
373,광진구,구의3동,2021,14977
374,광진구,구의3동,2022,14788
375,광진구,광장동,2018,16379
376,광진구,광장동,2019,16959
377,광진구,광장동,2020,16973
378,광진구,광장동,2021,16543
379,광진구,광장동,2022,16425
380,광진구,자양1동,2018,6727
381,광진구,자양1동,2019,7191
382,광진구,자양1동,2020,7262
383,광진구,자양1동,2021,7170
384,광진구,자양1동,2022,6870
385,광진구,자양2동,2018,10436
386,광진구,자양2동,2019,10322
387,광진구,자양2동,2020,10276
388,광진구,자양2동,2021,9853
389,광진구,자양2동,2022,9499
390,광진구,자양3동,2018,13915
391,광진구,자양3동,2019,14098
392,광진구,자양3동,2020,14906
393,광진구,자양3동,2021,14288
394,광진구,자양3동,2022,14240
395,광진구,자양4동,2018,5375
396,광진구,자양4동,2019,5781
397,광진구,자양4동,2020,5393
398,광진구,자양4동,2021,5555
399,광진구,자양4동,2022,5713
400,동대문구,회기동,2018,5811
401,동대문구,회기동,2019,5986
402,동대문구,회기동,2020,6000
403,동대문구,회기동,2021,6106
404,동대문구,회기동,2022,6029
405,동대문구,휘경1동,2018,4415
406,동대문구,휘경1동,2019,4474
407,동대문구,휘경1동,2020,4575
408,동대문구,휘경1동,2021,6353
409,동대문구,휘경1동,2022,6499
410,동대문구,휘경2동,2018,11142
411,동대문구,휘경2동,2019,11108
412,동대문구,휘경2동,2020,11229
413,동대문구,휘경2동,2021,11334
414,동대문구,휘경2동,2022,11358
415,동대문구,청량리동,2018,8844
416,동대문구,청량리동,2019,8928
417,동대문구,청량리동,2020,8931
418,동대문구,청량리동,2021,8925
419,동대문구,청량리동,2022,8940
420,동대문구,용신동,2018,15969
421,동대문구,용신동,2019,16293
422,동대문구,용신동,2020,16780
423,동대문구,용신동,2021,17042
424,동대문구,용신동,2022,16812
425,동대문구,제기동,2018,8833
426,동대문구,제기동,2019,8971
427,동대문구,제기동,2020,9214
428,동대문구,제기동,2021,9502
429,동대문구,제기동,2022,9163
430,동대문구,전농1동,2018,9282
431,동대문구,전농1동,2019,10495
432,동대문구,전농1동,2020,10473
433,동대문구,전농1동,2021,11351
434,동대문구,전농1동,2022,11320
435,동대문구,전농2동,2018,7240
436,동대문구,전농2동,2019,7280
437,동대문구,전농2동,2020,7263
438,동대문구,전농2동,2021,7280
439,동대문구,전농2동,2022,7287
440,동대문구,답십리2동,2018,8263
441,동대문구,답십리2동,2019,8129
442,동대문구,답십리2동,2020,9112
443,동대문구,답십리2동,2021,9120
444,동대문구,답십리2동,2022,9090
445,동대문구,장안1동,2018,18223
446,동대문구,장안1동,2019,18530
447,동대문구,장안1동,2020,18792
448,동대문구,장안1동,2021,19212
449,동대문구,장안1동,2022,19466
450,동대문구,장안2동,2018,13258
451,동대문구,장안2동,2019,13848
452,동대문구,장안2동,2020,14522
453,동대문구,장안2동,2021,14695
454,동대문구,장안2동,2022,14889
455,동대문구,이문1동,2018,7435
456,동대문구,이문1동,2019,7519
457,동대문구,이문1동,2020,7523
458,동대문구,이문1동,2021,6964
459,동대문구,이문1동,2022,7147
460,동대문구,이문2동,2018,6401
461,동대문구,이문2동,2019,5941
462,동대문구,이문2동,2020,6615
463,동대문구,이문2동,2021,6603
464,동대문구,이문2동,2022,6493
465,동대문구,답십리1동,2018,10510
466,동대문구,답십리1동,2019,10698
467,동대문구,답십리1동,2020,11271
468,동대문구,답십리1동,2021,13576
469,동대문구,답십리1동,2022,13610
470,중랑구,면목2동,2018,7540
471,중랑구,면목2동,2019,7906
472,중랑구,면목2동,2020,7851
473,중랑구,면목2동,2021,7780
474,중랑구,면목2동,2022,6122
475,중랑구,면목4동,2018,5755
476,중랑구,면목4동,2019,5497
477,중랑구,면목4동,2020,5653
478,중랑구,면목4동,2021,5586
479,중랑구,면목4동,2022,4786
480,중랑구,면목5동,2018,3467
481,중랑구,면목5동,2019,4671
482,중랑구,면목5동,2020,5333
483,중랑구,면목5동,2021,4763
484,중랑구,면목5동,2022,7247
485,중랑구,면목7동,2018,5882
486,중랑구,면목7동,2019,6576
487,중랑구,면목7동,2020,6659
488,중랑구,면목7동,2021,6729
489,중랑구,면목7동,2022,6840
490,중랑구,상봉1동,2018,13281
491,중랑구,상봉1동,2019,12163
492,중랑구,상봉1동,2020,12140
493,중랑구,상봉1동,2021,12135
494,중랑구,상봉1동,2022,9696
495,중랑구,상봉2동,2018,7744
496,중랑구,상봉2동,2019,9315
497,중랑구,상봉2동,2020,9401
498,중랑구,상봉2동,2021,9438
499,중랑구,상봉2동,2022,6796
500,중랑구,중화1동,2018,6859
501,중랑구,중화1동,2019,4752
502,중랑구,중화1동,2020,4742
503,중랑구,중화1동,2021,4704
504,중랑구,중화1동,2022,5636
505,중랑구,중화2동,2018,5712
506,중랑구,중화2동,2019,7508
507,중랑구,중화2동,2020,7536
508,중랑구,중화2동,2021,7629
509,중랑구,중화2동,2022,6279
510,중랑구,묵1동,2018,12975
511,중랑구,묵1동,2019,13555
512,중랑구,묵1동,2020,13725
513,중랑구,묵1동,2021,13452
514,중랑구,묵1동,2022,15177
515,중랑구,묵2동,2018,6110
516,중랑구,묵2동,2019,6322
517,중랑구,묵2동,2020,6208
518,중랑구,묵2동,2021,6348
519,중랑구,묵2동,2022,6276
520,중랑구,망우3동,2018,4627
521,중랑구,망우3동,2019,4372
522,중랑구,망우3동,2020,4401
523,중랑구,망우3동,2021,4341
524,중랑구,망우3동,2022,4324
525,중랑구,신내1동,2018,11073
526,중랑구,신내1동,2019,15803
527,중랑구,신내1동,2020,15800
528,중랑구,신내1동,2021,15832
529,중랑구,신내1동,2022,17192
530,중랑구,신내2동,2018,8267
531,중랑구,신내2동,2019,8342
532,중랑구,신내2동,2020,8194
533,중랑구,신내2동,2021,8220
534,중랑구,신내2동,2022,6670
535,중랑구,면목본동,2018,7580
536,중랑구,면목본동,2019,7802
537,중랑구,면목본동,2020,7639
538,중랑구,면목본동,2021,7704
539,중랑구,면목본동,2022,8157
540,중랑구,면목3.8동,2018,7430
541,중랑구,면목3.8동,2019,6591
542,중랑구,면목3.8동,2020,6689
543,중랑구,면목3.8동,2021,6586
544,중랑구,면목3.8동,2022,7070
545,중랑구,망우본동,2018,12893
546,중랑구,망우본동,2019,12440
547,중랑구,망우본동,2020,12724
548,중랑구,망우본동,2021,12672
549,중랑구,망우본동,2022,14616
550,성북구,돈암1동,2018,5952
551,성북구,돈암1동,2019,5463
552,성북구,돈암1동,2020,6474
553,성북구,돈암1동,2021,6478
554,성북구,돈암1동,2022,5809
555,성북구,돈암2동,2018,8425
556,성북구,돈암2동,2019,9444
557,성북구,돈암2동,2020,8831
558,성북구,돈암2동,2021,8842
559,성북구,돈암2동,2022,9912
560,성북구,안암동,2018,9993
561,성북구,안암동,2019,9714
562,성북구,안암동,2020,9693
563,성북구,안암동,2021,9092
564,성북구,안암동,2022,7994
565,성북구,보문동,2018,4255
566,성북구,보문동,2019,5436
567,성북구,보문동,2020,5657
568,성북구,보문동,2021,5591
569,성북구,보문동,2022,3535
570,성북구,정릉1동,2018,6146
571,성북구,정릉1동,2019,5602
572,성북구,정릉1동,2020,6662
573,성북구,정릉1동,2021,6658
574,성북구,정릉1동,2022,6064
575,성북구,정릉2동,2018,6824
576,성북구,정릉2동,2019,7992
577,성북구,정릉2동,2020,7297
578,성북구,정릉2동,2021,7362
579,성북구,정릉2동,2022,7628
580,성북구,정릉3동,2018,6405
581,성북구,정릉3동,2019,6467
582,성북구,정릉3동,2020,6445
583,성북구,정릉3동,2021,6426
584,성북구,정릉3동,2022,4300
585,성북구,정릉4동,2018,9211
586,성북구,정릉4동,2019,8756
587,성북구,정릉4동,2020,9631
588,성북구,정릉4동,2021,9638
589,성북구,정릉4동,2022,8622
590,성북구,길음1동,2018,13120
591,성북구,길음1동,2019,12856
592,성북구,길음1동,2020,11058
593,성북구,길음1동,2021,11052
594,성북구,길음1동,2022,13513
595,성북구,길음2동,2018,7675
596,성북구,길음2동,2019,6009
597,성북구,길음2동,2020,6794
598,성북구,길음2동,2021,6883
599,성북구,길음2동,2022,12483
600,성북구,월곡1동,2018,9368
601,성북구,월곡1동,2019,8960
602,성북구,월곡1동,2020,9738
603,성북구,월곡1동,2021,9788
604,성북구,월곡1동,2022,9587
605,성북구,월곡2동,2018,9545
606,성북구,월곡2동,2019,12073
607,성북구,월곡2동,2020,7951
608,성북구,월곡2동,2021,7027
609,성북구,월곡2동,2022,8437
610,성북구,장위1동,2018,4527
611,성북구,장위1동,2019,5888
612,성북구,장위1동,2020,5761
613,성북구,장위1동,2021,5733
614,성북구,장위1동,2022,4431
615,성북구,장위2동,2018,3638
616,성북구,장위2동,2019,3117
617,성북구,장위2동,2020,4527
618,성북구,장위2동,2021,4645
619,성북구,장위2동,2022,3079
620,성북구,장위3동,2018,3712
621,성북구,장위3동,2019,2440
622,성북구,장위3동,2020,2502
623,성북구,장위3동,2021,2433
624,성북구,장위3동,2022,6574
625,성북구,성북동,2018,7766
626,성북구,성북동,2019,7440
627,성북구,성북동,2020,7389
628,성북구,성북동,2021,7425
629,성북구,성북동,2022,5775
630,성북구,삼선동,2018,8427
631,성북구,삼선동,2019,8268
632,성북구,삼선동,2020,8203
633,성북구,삼선동,2021,8223
634,성북구,삼선동,2022,8283
635,성북구,동선동,2018,7314
636,성북구,동선동,2019,7170
637,성북구,동선동,2020,7277
638,성북구,동선동,2021,7288
639,성북구,동선동,2022,6177
640,성북구,종암동,2018,13751
641,성북구,종암동,2019,13146
642,성북구,종암동,2020,13693
643,성북구,종암동,2021,13690
644,성북구,종암동,2022,13161
645,성북구,석관동,2018,9190
646,성북구,석관동,2019,10674
647,성북구,석관동,2020,10781
648,성북구,석관동,2021,10819
649,성북구,석관동,2022,9890
650,강북구,번1동,2018,6106
651,강북구,번1동,2019,6191
652,강북구,번1동,2020,6323
653,강북구,번1동,2021,6454
654,강북구,번1동,2022,6575
655,강북구,번2동,2018,4237
656,강북구,번2동,2019,4238
657,강북구,번2동,2020,4248
658,강북구,번2동,2021,4289
659,강북구,번2동,2022,4328
660,강북구,번3동,2018,4817
661,강북구,번3동,2019,4818
662,강북구,번3동,2020,4819
663,강북구,번3동,2021,4823
664,강북구,번3동,2022,4842
665,강북구,수유1동,2018,5178
666,강북구,수유1동,2019,5315
667,강북구,수유1동,2020,5439
668,강북구,수유1동,2021,5667
669,강북구,수유1동,2022,5866
670,강북구,수유2동,2018,6802
671,강북구,수유2동,2019,6861
672,강북구,수유2동,2020,6972
673,강북구,수유2동,2021,7040
674,강북구,수유2동,2022,7176
675,강북구,수유3동,2018,6438
676,강북구,수유3동,2019,6477
677,강북구,수유3동,2020,6622
678,강북구,수유3동,2021,7223
679,강북구,수유3동,2022,7327
680,강북구,삼양동,2018,6627
681,강북구,삼양동,2019,6641
682,강북구,삼양동,2020,6654
683,강북구,삼양동,2021,6749
684,강북구,삼양동,2022,6786
685,강북구,미아동,2018,7105
686,강북구,미아동,2019,7082
687,강북구,미아동,2020,7252
688,강북구,미아동,2021,7270
689,강북구,미아동,2022,7367
690,강북구,송중동,2018,7967
691,강북구,송중동,2019,9313
692,강북구,송중동,2020,9361
693,강북구,송중동,2021,9390
694,강북구,송중동,2022,9441
695,강북구,송천동,2018,6218
696,강북구,송천동,2019,6290
697,강북구,송천동,2020,6342
698,강북구,송천동,2021,6387
699,강북구,송천동,2022,7837
700,강북구,삼각산동,2018,12852
701,강북구,삼각산동,2019,12856
702,강북구,삼각산동,2020,12854
703,강북구,삼각산동,2021,12860
704,강북구,삼각산동,2022,12858
705,강북구,우이동,2018,5917
706,강북구,우이동,2019,6124
707,강북구,우이동,2020,6343
708,강북구,우이동,2021,6489
709,강북구,우이동,2022,6600
710,강북구,인수동,2018,8909
711,강북구,인수동,2019,8981
712,강북구,인수동,2020,9086
713,강북구,인수동,2021,9204
714,강북구,인수동,2022,9633
715,도봉구,쌍문1동,2018,7640
716,도봉구,쌍문1동,2019,7734
717,도봉구,쌍문1동,2020,7767
718,도봉구,쌍문1동,2021,7633
719,도봉구,쌍문1동,2022,7242
720,도봉구,쌍문2동,2018,6179
721,도봉구,쌍문2동,2019,6766
722,도봉구,쌍문2동,2020,6114
723,도봉구,쌍문2동,2021,6100
724,도봉구,쌍문2동,2022,6249
725,도봉구,쌍문3동,2018,5299
726,도봉구,쌍문3동,2019,4357
727,도봉구,쌍문3동,2020,5521
728,도봉구,쌍문3동,2021,5390
729,도봉구,쌍문3동,2022,5627
730,도봉구,쌍문4동,2018,4741
731,도봉구,쌍문4동,2019,4593
732,도봉구,쌍문4동,2020,4684
733,도봉구,쌍문4동,2021,4680
734,도봉구,쌍문4동,2022,4711
735,도봉구,방학1동,2018,13575
736,도봉구,방학1동,2019,13245
737,도봉구,방학1동,2020,13578
738,도봉구,방학1동,2021,13955
739,도봉구,방학1동,2022,13443
740,도봉구,방학2동,2018,6300
741,도봉구,방학2동,2019,5525
742,도봉구,방학2동,2020,6139
743,도봉구,방학2동,2021,5696
744,도봉구,방학2동,2022,5715
745,도봉구,방학3동,2018,6881
746,도봉구,방학3동,2019,7094
747,도봉구,방학3동,2020,6877
748,도봉구,방학3동,2021,6864
749,도봉구,방학3동,2022,6835
750,도봉구,창1동,2018,6736
751,도봉구,창1동,2019,6911
752,도봉구,창1동,2020,6722
753,도봉구,창1동,2021,6763
754,도봉구,창1동,2022,6767
755,도봉구,창2동,2018,10070
756,도봉구,창2동,2019,9089
757,도봉구,창2동,2020,10221
758,도봉구,창2동,2021,10221
759,도봉구,창2동,2022,10273
760,도봉구,창3동,2018,3815
761,도봉구,창3동,2019,6859
762,도봉구,창3동,2020,3881
763,도봉구,창3동,2021,3704
764,도봉구,창3동,2022,3729
765,도봉구,창4동,2018,11923
766,도봉구,창4동,2019,11998
767,도봉구,창4동,2020,11187
768,도봉구,창4동,2021,11137
769,도봉구,창4동,2022,10805
770,도봉구,창5동,2018,10861
771,도봉구,창5동,2019,7181
772,도봉구,창5동,2020,11165
773,도봉구,창5동,2021,11087
774,도봉구,창5동,2022,11136
775,도봉구,도봉1동,2018,8052
776,도봉구,도봉1동,2019,7836
777,도봉구,도봉1동,2020,8359
778,도봉구,도봉1동,2021,7923
779,도봉구,도봉1동,2022,7935
780,도봉구,도봉2동,2018,10511
781,도봉구,도봉2동,2019,10563
782,도봉구,도봉2동,2020,10650
783,도봉구,도봉2동,2021,10763
784,도봉구,도봉2동,2022,10466
785,노원구,월계1동,2018,8795
786,노원구,월계1동,2019,9732
787,노원구,월계1동,2020,9392
788,노원구,월계1동,2021,9416
789,노원구,월계1동,2022,9316
790,노원구,월계2동,2018,9026
791,노원구,월계2동,2019,8348
792,노원구,월계2동,2020,10024
793,노원구,월계2동,2021,9993
794,노원구,월계2동,2022,9180
795,노원구,월계3동,2018,12746
796,노원구,월계3동,2019,9448
797,노원구,월계3동,2020,9367
798,노원구,월계3동,2021,9177
799,노원구,월계3동,2022,10996
800,노원구,공릉2동,2018,20464
801,노원구,공릉2동,2019,20066
802,노원구,공릉2동,2020,21737
803,노원구,공릉2동,2021,21713
804,노원구,공릉2동,2022,18724
805,노원구,하계1동,2018,9905
806,노원구,하계1동,2019,11490
807,노원구,하계1동,2020,11494
808,노원구,하계1동,2021,11657
809,노원구,하계1동,2022,10360
810,노원구,하계2동,2018,4955
811,노원구,하계2동,2019,4901
812,노원구,하계2동,2020,5118
813,노원구,하계2동,2021,5055
814,노원구,하계2동,2022,5520
815,노원구,중계본동,2018,9439
816,노원구,중계본동,2019,7592
817,노원구,중계본동,2020,9326
818,노원구,중계본동,2021,9342
819,노원구,중계본동,2022,9135
820,노원구,중계1동,2018,10181
821,노원구,중계1동,2019,9071
822,노원구,중계1동,2020,10650
823,노원구,중계1동,2021,10701
824,노원구,중계1동,2022,9864
825,노원구,중계4동,2018,6503
826,노원구,중계4동,2019,9312
827,노원구,중계4동,2020,6238
828,노원구,중계4동,2021,6220
829,노원구,중계4동,2022,6500
830,노원구,상계1동,2018,14567
831,노원구,상계1동,2019,14177
832,노원구,상계1동,2020,13842
833,노원구,상계1동,2021,13808
834,노원구,상계1동,2022,14425
835,노원구,상계2동,2018,9332
836,노원구,상계2동,2019,7875
837,노원구,상계2동,2020,9421
838,노원구,상계2동,2021,9622
839,노원구,상계2동,2022,8349
840,노원구,상계5동,2018,5567
841,노원구,상계5동,2019,4205
842,노원구,상계5동,2020,2788
843,노원구,상계5동,2021,2728
844,노원구,상계5동,2022,4947
845,노원구,상계8동,2018,3795
846,노원구,상계8동,2019,7302
847,노원구,상계8동,2020,4305
848,노원구,상계8동,2021,4379
849,노원구,상계8동,2022,5101
850,노원구,상계9동,2018,5394
851,노원구,상계9동,2019,4876
852,노원구,상계9동,2020,7019
853,노원구,상계9동,2021,7052
854,노원구,상계9동,2022,5906
855,노원구,상계10동,2018,4933
856,노원구,상계10동,2019,3957
857,노원구,상계10동,2020,7144
858,노원구,상계10동,2021,7150
859,노원구,상계10동,2022,6856
860,노원구,상계3.4동,2018,5979
861,노원구,상계3.4동,2019,8396
862,노원구,상계3.4동,2020,9871
863,노원구,상계3.4동,2021,10032
864,노원구,상계3.4동,2022,7769
865,노원구,상계6.7동,2018,11147
866,노원구,상계6.7동,2019,12590
867,노원구,상계6.7동,2020,12191
868,노원구,상계6.7동,2021,12468
869,노원구,상계6.7동,2022,11812
870,노원구,중계2.3동,2018,8850
871,노원구,중계2.3동,2019,9473
872,노원구,중계2.3동,2020,9275
873,노원구,중계2.3동,2021,9386
874,노원구,중계2.3동,2022,9352
875,노원구,공릉1동,2018,14253
876,노원구,공릉1동,2019,13818
877,노원구,공릉1동,2020,13970
878,노원구,공릉1동,2021,14002
879,노원구,공릉1동,2022,14082
880,은평구,녹번동,2018,11171
881,은평구,녹번동,2019,10256
882,은평구,녹번동,2020,14933
883,은평구,녹번동,2021,15097
884,은평구,녹번동,2022,12606
885,은평구,불광1동,2018,12822
886,은평구,불광1동,2019,11037
887,은평구,불광1동,2020,11688
888,은평구,불광1동,2021,11733
889,은평구,불광1동,2022,12620
890,은평구,갈현1동,2018,6898
891,은평구,갈현1동,2019,6387
892,은평구,갈현1동,2020,7222
893,은평구,갈현1동,2021,7253
894,은평구,갈현1동,2022,5483
895,은평구,갈현2동,2018,9355
896,은평구,갈현2동,2019,8997
897,은평구,갈현2동,2020,9831
898,은평구,갈현2동,2021,9873
899,은평구,갈현2동,2022,9867
900,은평구,구산동,2018,10518
901,은평구,구산동,2019,9961
902,은평구,구산동,2020,11489
903,은평구,구산동,2021,11744
904,은평구,구산동,2022,10833
905,은평구,대조동,2018,9383
906,은평구,대조동,2019,9195
907,은평구,대조동,2020,9701
908,은평구,대조동,2021,9793
909,은평구,대조동,2022,9260
910,은평구,응암1동,2018,9691
911,은평구,응암1동,2019,7791
912,은평구,응암1동,2020,8504
913,은평구,응암1동,2021,8520
914,은평구,응암1동,2022,15599
915,은평구,응암2동,2018,6211
916,은평구,응암2동,2019,5688
917,은평구,응암2동,2020,8058
918,은평구,응암2동,2021,8060
919,은평구,응암2동,2022,9913
920,은평구,신사1동,2018,8272
921,은평구,신사1동,2019,8162
922,은평구,신사1동,2020,8981
923,은평구,신사1동,2021,8968
924,은평구,신사1동,2022,8841
925,은평구,신사2동,2018,5704
926,은평구,신사2동,2019,4619
927,은평구,신사2동,2020,5225
928,은평구,신사2동,2021,5289
929,은평구,신사2동,2022,5669
930,은평구,증산동,2018,5984
931,은평구,증산동,2019,4833
932,은평구,증산동,2020,5317
933,은평구,증산동,2021,5287
934,은평구,증산동,2022,8679
935,은평구,수색동,2018,5078
936,은평구,수색동,2019,3790
937,은평구,수색동,2020,3810
938,은평구,수색동,2021,3863
939,은평구,수색동,2022,6420
940,은평구,진관동,2018,29143
941,은평구,진관동,2019,27837
942,은평구,진관동,2020,29585
943,은평구,진관동,2021,29710
944,은평구,진관동,2022,31613
945,은평구,불광2동,2018,7693
946,은평구,불광2동,2019,7243
947,은평구,불광2동,2020,8921
948,은평구,불광2동,2021,9415
949,은평구,불광2동,2022,7884
950,은평구,응암3동,2018,6277
951,은평구,응암3동,2019,7045
952,은평구,응암3동,2020,6692
953,은평구,응암3동,2021,7969
954,은평구,응암3동,2022,6041
955,은평구,역촌동,2018,14815
956,은평구,역촌동,2019,13855
957,은평구,역촌동,2020,14053
958,은평구,역촌동,2021,14088
959,은평구,역촌동,2022,15275
960,서대문구,천연동,2018,6017
961,서대문구,천연동,2019,5079
962,서대문구,천연동,2020,6018
963,서대문구,천연동,2021,6000
964,서대문구,천연동,2022,5189
965,서대문구,홍제1동,2018,6460
966,서대문구,홍제1동,2019,6442
967,서대문구,홍제1동,2020,7961
968,서대문구,홍제1동,2021,7986
969,서대문구,홍제1동,2022,8056
970,서대문구,홍제3동,2018,4796
971,서대문구,홍제3동,2019,4038
972,서대문구,홍제3동,2020,4219
973,서대문구,홍제3동,2021,4316
974,서대문구,홍제3동,2022,4303
975,서대문구,홍제2동,2018,4479
976,서대문구,홍제2동,2019,4467
977,서대문구,홍제2동,2020,4500
978,서대문구,홍제2동,2021,4523
979,서대문구,홍제2동,2022,5968
980,서대문구,홍은1동,2018,7211
981,서대문구,홍은1동,2019,4297
982,서대문구,홍은1동,2020,4558
983,서대문구,홍은1동,2021,4649
984,서대문구,홍은1동,2022,6636
985,서대문구,홍은2동,2018,11077
986,서대문구,홍은2동,2019,8592
987,서대문구,홍은2동,2020,9968
988,서대문구,홍은2동,2021,10124
989,서대문구,홍은2동,2022,10590
990,서대문구,남가좌1동,2018,1389
991,서대문구,남가좌1동,2019,6719
992,서대문구,남가좌1동,2020,7704
993,서대문구,남가좌1동,2021,7743
994,서대문구,남가좌1동,2022,5014
995,서대문구,남가좌2동,2018,7733
996,서대문구,남가좌2동,2019,10808
997,서대문구,남가좌2동,2020,9077
998,서대문구,남가좌2동,2021,9055
999,서대문구,남가좌2동,2022,16266
1000,서대문구,북가좌1동,2018,7907
1001,서대문구,북가좌1동,2019,7885
1002,서대문구,북가좌1동,2020,7814
1003,서대문구,북가좌1동,2021,7814
1004,서대문구,북가좌1동,2022,12845
1005,서대문구,북가좌2동,2018,9301
1006,서대문구,북가좌2동,2019,6997
1007,서대문구,북가좌2동,2020,9907
1008,서대문구,북가좌2동,2021,9940
1009,서대문구,북가좌2동,2022,6621
1010,서대문구,충현동,2018,10852
1011,서대문구,충현동,2019,9161
1012,서대문구,충현동,2020,10760
1013,서대문구,충현동,2021,10924
1014,서대문구,충현동,2022,11582
1015,서대문구,북아현동,2018,3927
1016,서대문구,북아현동,2019,5901
1017,서대문구,북아현동,2020,4189
1018,서대문구,북아현동,2021,8117
1019,서대문구,북아현동,2022,5803
1020,서대문구,신촌동,2018,20063
1021,서대문구,신촌동,2019,19326
1022,서대문구,신촌동,2020,19120
1023,서대문구,신촌동,2021,19554
1024,서대문구,신촌동,2022,19409
1025,서대문구,연희동,2018,14781
1026,서대문구,연희동,2019,12547
1027,서대문구,연희동,2020,14922
1028,서대문구,연희동,2021,15099
1029,서대문구,연희동,2022,14660
1030,마포구,용강동,2018,12658
1031,마포구,용강동,2019,10811
1032,마포구,용강동,2020,7518
1033,마포구,용강동,2021,7080
1034,마포구,용강동,2022,7173
1035,마포구,대흥동,2018,5610
1036,마포구,대흥동,2019,5159
1037,마포구,대흥동,2020,5721
1038,마포구,대흥동,2021,5608
1039,마포구,대흥동,2022,7158
1040,마포구,염리동,2018,3182
1041,마포구,염리동,2019,4581
1042,마포구,염리동,2020,31942
1043,마포구,염리동,2021,30949
1044,마포구,염리동,2022,31057
1045,마포구,신수동,2018,8373
1046,마포구,신수동,2019,13185
1047,마포구,신수동,2020,12152
1048,마포구,신수동,2021,12180
1049,마포구,신수동,2022,12720
1050,마포구,서교동,2018,23703
1051,마포구,서교동,2019,21888
1052,마포구,서교동,2020,6732
1053,마포구,서교동,2021,6758
1054,마포구,서교동,2022,8126
1055,마포구,합정동,2018,9565
1056,마포구,합정동,2019,10392
1057,마포구,합정동,2020,13481
1058,마포구,합정동,2021,13719
1059,마포구,합정동,2022,16770
1060,마포구,망원1동,2018,6937
1061,마포구,망원1동,2019,6982
1062,마포구,망원1동,2020,7893
1063,마포구,망원1동,2021,7944
1064,마포구,망원1동,2022,9530
1065,마포구,망원2동,2018,7073
1066,마포구,망원2동,2019,5684
1067,마포구,망원2동,2020,14210
1068,마포구,망원2동,2021,14212
1069,마포구,망원2동,2022,14095
1070,마포구,연남동,2018,6566
1071,마포구,연남동,2019,6961
1072,마포구,연남동,2020,6945
1073,마포구,연남동,2021,6938
1074,마포구,연남동,2022,6893
1075,마포구,성산1동,2018,7923
1076,마포구,성산1동,2019,6864
1077,마포구,성산1동,2020,4589
1078,마포구,성산1동,2021,4854
1079,마포구,성산1동,2022,5631
1080,마포구,성산2동,2018,12624
1081,마포구,성산2동,2019,13430
1082,마포구,성산2동,2020,10321
1083,마포구,성산2동,2021,11061
1084,마포구,성산2동,2022,13274
1085,마포구,상암동,2018,27713
1086,마포구,상암동,2019,30488
1087,마포구,상암동,2020,10310
1088,마포구,상암동,2021,10454
1089,마포구,상암동,2022,10849
1090,마포구,도화동,2018,7968
1091,마포구,도화동,2019,9738
1092,마포구,도화동,2020,9752
1093,마포구,도화동,2021,9755
1094,마포구,도화동,2022,9631
1095,마포구,서강동,2018,12110
1096,마포구,서강동,2019,12091
1097,마포구,서강동,2020,21874
1098,마포구,서강동,2021,22502
1099,마포구,서강동,2022,24674
1100,마포구,공덕동,2018,16240
1101,마포구,공덕동,2019,13777
1102,마포구,공덕동,2020,13616
1103,마포구,공덕동,2021,13677
1104,마포구,공덕동,2022,14702
1105,마포구,아현동,2018,11104
1106,마포구,아현동,2019,14172
1107,마포구,아현동,2020,5199
1108,마포구,아현동,2021,5170
1109,마포구,아현동,2022,7140
1110,양천구,목1동,2018,23957
1111,양천구,목1동,2019,23864
1112,양천구,목1동,2020,25004
1113,양천구,목1동,2021,22985
1114,양천구,목1동,2022,22653
1115,양천구,목2동,2018,9559
1116,양천구,목2동,2019,10525
1117,양천구,목2동,2020,11132
1118,양천구,목2동,2021,11094
1119,양천구,목2동,2022,10032
1120,양천구,목3동,2018,7002
1121,양천구,목3동,2019,7986
1122,양천구,목3동,2020,8176
1123,양천구,목3동,2021,8174
1124,양천구,목3동,2022,8357
1125,양천구,목4동,2018,8254
1126,양천구,목4동,2019,8336
1127,양천구,목4동,2020,10252
1128,양천구,목4동,2021,10266
1129,양천구,목4동,2022,8332
1130,양천구,신월1동,2018,7265
1131,양천구,신월1동,2019,7089
1132,양천구,신월1동,2020,7004
1133,양천구,신월1동,2021,6932
1134,양천구,신월1동,2022,7001
1135,양천구,신월2동,2018,7886
1136,양천구,신월2동,2019,8243
1137,양천구,신월2동,2020,8431
1138,양천구,신월2동,2021,8427
1139,양천구,신월2동,2022,7271
1140,양천구,신월3동,2018,3586
1141,양천구,신월3동,2019,4165
1142,양천구,신월3동,2020,4556
1143,양천구,신월3동,2021,4554
1144,양천구,신월3동,2022,3881
1145,양천구,신월4동,2018,6865
1146,양천구,신월4동,2019,6722
1147,양천구,신월4동,2020,7194
1148,양천구,신월4동,2021,7186
1149,양천구,신월4동,2022,6355
1150,양천구,신월5동,2018,5516
1151,양천구,신월5동,2019,5817
1152,양천구,신월5동,2020,5940
1153,양천구,신월5동,2021,5945
1154,양천구,신월5동,2022,5523
1155,양천구,신월6동,2018,2753
1156,양천구,신월6동,2019,2334
1157,양천구,신월6동,2020,2159
1158,양천구,신월6동,2021,2107
1159,양천구,신월6동,2022,6096
1160,양천구,신월7동,2018,5206
1161,양천구,신월7동,2019,5909
1162,양천구,신월7동,2020,6513
1163,양천구,신월7동,2021,6439
1164,양천구,신월7동,2022,4182
1165,양천구,신정1동,2018,6335
1166,양천구,신정1동,2019,6354
1167,양천구,신정1동,2020,6551
1168,양천구,신정1동,2021,6564
1169,양천구,신정1동,2022,6045
1170,양천구,신정2동,2018,6664
1171,양천구,신정2동,2019,7000
1172,양천구,신정2동,2020,9433
1173,양천구,신정2동,2021,9420
1174,양천구,신정2동,2022,6507
1175,양천구,신정3동,2018,18291
1176,양천구,신정3동,2019,17149
1177,양천구,신정3동,2020,18061
1178,양천구,신정3동,2021,17757
1179,양천구,신정3동,2022,19107
1180,양천구,신정6동,2018,8298
1181,양천구,신정6동,2019,8023
1182,양천구,신정6동,2020,6236
1183,양천구,신정6동,2021,6225
1184,양천구,신정6동,2022,9010
1185,양천구,신정7동,2018,8689
1186,양천구,신정7동,2019,7844
1187,양천구,신정7동,2020,9367
1188,양천구,신정7동,2021,9367
1189,양천구,신정7동,2022,9316
1190,양천구,목5동,2018,13917
1191,양천구,목5동,2019,13852
1192,양천구,목5동,2020,12180
1193,양천구,목5동,2021,12150
1194,양천구,목5동,2022,13789
1195,양천구,신정4동,2018,11997
1196,양천구,신정4동,2019,11585
1197,양천구,신정4동,2020,12559
1198,양천구,신정4동,2021,12790
1199,양천구,신정4동,2022,12870
1200,강서구,염창동,2018,17514
1201,강서구,염창동,2019,17553
1202,강서구,염창동,2020,17572
1203,강서구,염창동,2021,17563
1204,강서구,염창동,2022,20668
1205,강서구,등촌1동,2018,11040
1206,강서구,등촌1동,2019,11042
1207,강서구,등촌1동,2020,11886
1208,강서구,등촌1동,2021,11994
1209,강서구,등촌1동,2022,13600
1210,강서구,등촌2동,2018,8513
1211,강서구,등촌2동,2019,8601
1212,강서구,등촌2동,2020,9336
1213,강서구,등촌2동,2021,9323
1214,강서구,등촌2동,2022,9611
1215,강서구,등촌3동,2018,16431
1216,강서구,등촌3동,2019,16432
1217,강서구,등촌3동,2020,15897
1218,강서구,등촌3동,2021,15629
1219,강서구,등촌3동,2022,17670
1220,강서구,화곡본동,2018,11265
1221,강서구,화곡본동,2019,11491
1222,강서구,화곡본동,2020,9591
1223,강서구,화곡본동,2021,9717
1224,강서구,화곡본동,2022,12732
1225,강서구,화곡2동,2018,5863
1226,강서구,화곡2동,2019,5935
1227,강서구,화곡2동,2020,5830
1228,강서구,화곡2동,2021,5822
1229,강서구,화곡2동,2022,6412
1230,강서구,화곡3동,2018,9095
1231,강서구,화곡3동,2019,9206
1232,강서구,화곡3동,2020,10693
1233,강서구,화곡3동,2021,10771
1234,강서구,화곡3동,2022,9879
1235,강서구,화곡4동,2018,6952
1236,강서구,화곡4동,2019,7163
1237,강서구,화곡4동,2020,7891
1238,강서구,화곡4동,2021,7881
1239,강서구,화곡4동,2022,8090
1240,강서구,화곡6동,2018,11728
1241,강서구,화곡6동,2019,11873
1242,강서구,화곡6동,2020,13050
1243,강서구,화곡6동,2021,13082
1244,강서구,화곡6동,2022,14487
1245,강서구,화곡8동,2018,7678
1246,강서구,화곡8동,2019,7799
1247,강서구,화곡8동,2020,9207
1248,강서구,화곡8동,2021,9203
1249,강서구,화곡8동,2022,8322
1250,강서구,가양1동,2018,28465
1251,강서구,가양1동,2019,28145
1252,강서구,가양1동,2020,20147
1253,강서구,가양1동,2021,35065
1254,강서구,가양1동,2022,49535
1255,강서구,가양2동,2018,5405
1256,강서구,가양2동,2019,5405
1257,강서구,가양2동,2020,7495
1258,강서구,가양2동,2021,7491
1259,강서구,가양2동,2022,5314
1260,강서구,가양3동,2018,5665
1261,강서구,가양3동,2019,5668
1262,강서구,가양3동,2020,5871
1263,강서구,가양3동,2021,5546
1264,강서구,가양3동,2022,5567
1265,강서구,발산1동,2018,18258
1266,강서구,발산1동,2019,17935
1267,강서구,발산1동,2020,18614
1268,강서구,발산1동,2021,26315
1269,강서구,발산1동,2022,29360
1270,강서구,공항동,2018,25473
1271,강서구,공항동,2019,25594
1272,강서구,공항동,2020,20621
1273,강서구,공항동,2021,23771
1274,강서구,공항동,2022,25818
1275,강서구,방화1동,2018,17272
1276,강서구,방화1동,2019,17227
1277,강서구,방화1동,2020,53407
1278,강서구,방화1동,2021,18703
1279,강서구,방화1동,2022,14206
1280,강서구,방화2동,2018,8574
1281,강서구,방화2동,2019,9140
1282,강서구,방화2동,2020,14267
1283,강서구,방화2동,2021,14165
1284,강서구,방화2동,2022,15923
1285,강서구,방화3동,2018,7988
1286,강서구,방화3동,2019,8072
1287,강서구,방화3동,2020,8183
1288,강서구,방화3동,2021,8210
1289,강서구,방화3동,2022,8603
1290,강서구,화곡1동,2018,17532
1291,강서구,화곡1동,2019,17745
1292,강서구,화곡1동,2020,17631
1293,강서구,화곡1동,2021,17737
1294,강서구,화곡1동,2022,20220
1295,강서구,우장산동,2018,20019
1296,강서구,우장산동,2019,20131
1297,강서구,우장산동,2020,20086
1298,강서구,우장산동,2021,20054
1299,강서구,우장산동,2022,19795
1300,구로구,신도림동,2018,20425
1301,구로구,신도림동,2019,20447
1302,구로구,신도림동,2020,20495
1303,구로구,신도림동,2021,20486
1304,구로구,신도림동,2022,20948
1305,구로구,구로1동,2018,7977
1306,구로구,구로1동,2019,8352
1307,구로구,구로1동,2020,8344
1308,구로구,구로1동,2021,8342
1309,구로구,구로1동,2022,7000
1310,구로구,구로3동,2018,23396
1311,구로구,구로3동,2019,24326
1312,구로구,구로3동,2020,23524
1313,구로구,구로3동,2021,24883
1314,구로구,구로3동,2022,24482
1315,구로구,구로4동,2018,4673
1316,구로구,구로4동,2019,5497
1317,구로구,구로4동,2020,5164
1318,구로구,구로4동,2021,5156
1319,구로구,구로4동,2022,5048
1320,구로구,구로5동,2018,18521
1321,구로구,구로5동,2019,18684
1322,구로구,구로5동,2020,18852
1323,구로구,구로5동,2021,18855
1324,구로구,구로5동,2022,18865
1325,구로구,고척1동,2018,10649
1326,구로구,고척1동,2019,11098
1327,구로구,고척1동,2020,10772
1328,구로구,고척1동,2021,11025
1329,구로구,고척1동,2022,12075
1330,구로구,고척2동,2018,9558
1331,구로구,고척2동,2019,9245
1332,구로구,고척2동,2020,9930
1333,구로구,고척2동,2021,10112
1334,구로구,고척2동,2022,9547
1335,구로구,개봉2동,2018,11137
1336,구로구,개봉2동,2019,11135
1337,구로구,개봉2동,2020,11080
1338,구로구,개봉2동,2021,11098
1339,구로구,개봉2동,2022,10265
1340,구로구,개봉3동,2018,7012
1341,구로구,개봉3동,2019,6674
1342,구로구,개봉3동,2020,7244
1343,구로구,개봉3동,2021,7237
1344,구로구,개봉3동,2022,8032
1345,구로구,오류1동,2018,7622
1346,구로구,오류1동,2019,7942
1347,구로구,오류1동,2020,8535
1348,구로구,오류1동,2021,8570
1349,구로구,오류1동,2022,8300
1350,구로구,수궁동,2018,9704
1351,구로구,수궁동,2019,10086
1352,구로구,수궁동,2020,9638
1353,구로구,수궁동,2021,9687
1354,구로구,수궁동,2022,9864
1355,구로구,가리봉동,2018,2194
1356,구로구,가리봉동,2019,2500
1357,구로구,가리봉동,2020,2534
1358,구로구,가리봉동,2021,2547
1359,구로구,가리봉동,2022,2620
1360,구로구,구로2동,2018,17675
1361,구로구,구로2동,2019,16929
1362,구로구,구로2동,2020,18293
1363,구로구,구로2동,2021,18277
1364,구로구,구로2동,2022,16305
1365,구로구,개봉1동,2018,11207
1366,구로구,개봉1동,2019,10639
1367,구로구,개봉1동,2020,10688
1368,구로구,개봉1동,2021,10799
1369,구로구,개봉1동,2022,12330
1370,구로구,오류2동,2018,17056
1371,구로구,오류2동,2019,20342
1372,구로구,오류2동,2020,15966
1373,구로구,오류2동,2021,18114
1374,구로구,오류2동,2022,17390
1375,구로구,항동,2018,0
1376,구로구,항동,2019,0
1377,구로구,항동,2020,7284
1378,구로구,항동,2021,5131
1379,구로구,항동,2022,8752
1380,금천구,가산동,2018,43906
1381,금천구,가산동,2019,48560
1382,금천구,가산동,2020,49621
1383,금천구,가산동,2021,50971
1384,금천구,가산동,2022,53019
1385,금천구,독산1동,2018,20888
1386,금천구,독산1동,2019,17622
1387,금천구,독산1동,2020,17465
1388,금천구,독산1동,2021,17778
1389,금천구,독산1동,2022,26177
1390,금천구,독산2동,2018,4736
1391,금천구,독산2동,2019,5345
1392,금천구,독산2동,2020,5488
1393,금천구,독산2동,2021,5506
1394,금천구,독산2동,2022,5346
1395,금천구,독산3동,2018,8788
1396,금천구,독산3동,2019,11729
1397,금천구,독산3동,2020,11842
1398,금천구,독산3동,2021,11950
1399,금천구,독산3동,2022,9885
1400,금천구,독산4동,2018,4770
1401,금천구,독산4동,2019,6077
1402,금천구,독산4동,2020,6124
1403,금천구,독산4동,2021,6187
1404,금천구,독산4동,2022,5312
1405,금천구,시흥1동,2018,10402
1406,금천구,시흥1동,2019,13943
1407,금천구,시흥1동,2020,14062
1408,금천구,시흥1동,2021,14097
1409,금천구,시흥1동,2022,14115
1410,금천구,시흥2동,2018,7404
1411,금천구,시흥2동,2019,7550
1412,금천구,시흥2동,2020,7570
1413,금천구,시흥2동,2021,7570
1414,금천구,시흥2동,2022,7585
1415,금천구,시흥3동,2018,8870
1416,금천구,시흥3동,2019,7692
1417,금천구,시흥3동,2020,7680
1418,금천구,시흥3동,2021,7747
1419,금천구,시흥3동,2022,6325
1420,금천구,시흥4동,2018,6228
1421,금천구,시흥4동,2019,5603
1422,금천구,시흥4동,2020,5641
1423,금천구,시흥4동,2021,5754
1424,금천구,시흥4동,2022,6300
1425,금천구,시흥5동,2018,4002
1426,금천구,시흥5동,2019,5334
1427,금천구,시흥5동,2020,5524
1428,금천구,시흥5동,2021,5572
1429,금천구,시흥5동,2022,5084
1430,영등포구,여의동,2018,50562
1431,영등포구,여의동,2019,51237
1432,영등포구,여의동,2020,51237
1433,영등포구,여의동,2021,50733
1434,영등포구,여의동,2022,50360
1435,영등포구,당산1동,2018,8483
1436,영등포구,당산1동,2019,9622
1437,영등포구,당산1동,2020,9621
1438,영등포구,당산1동,2021,9412
1439,영등포구,당산1동,2022,10582
1440,영등포구,당산2동,2018,14726
1441,영등포구,당산2동,2019,15802
1442,영등포구,당산2동,2020,15802
1443,영등포구,당산2동,2021,15802
1444,영등포구,당산2동,2022,15902
1445,영등포구,양평1동,2018,8651
1446,영등포구,양평1동,2019,9671
1447,영등포구,양평1동,2020,9671
1448,영등포구,양평1동,2021,9916
1449,영등포구,양평1동,2022,10939
1450,영등포구,양평2동,2018,10491
1451,영등포구,양평2동,2019,11619
1452,영등포구,양평2동,2020,11619
1453,영등포구,양평2동,2021,11839
1454,영등포구,양평2동,2022,11720
1455,영등포구,신길1동,2018,4307
1456,영등포구,신길1동,2019,4976
1457,영등포구,신길1동,2020,4976
1458,영등포구,신길1동,2021,4974
1459,영등포구,신길1동,2022,6205
1460,영등포구,신길3동,2018,4493
1461,영등포구,신길3동,2019,3624
1462,영등포구,신길3동,2020,3624
1463,영등포구,신길3동,2021,3608
1464,영등포구,신길3동,2022,5215
1465,영등포구,신길4동,2018,1880
1466,영등포구,신길4동,2019,2132
1467,영등포구,신길4동,2020,2132
1468,영등포구,신길4동,2021,2085
1469,영등포구,신길4동,2022,2932
1470,영등포구,신길5동,2018,2796
1471,영등포구,신길5동,2019,4153
1472,영등포구,신길5동,2020,4153
1473,영등포구,신길5동,2021,4101
1474,영등포구,신길5동,2022,2592
1475,영등포구,신길6동,2018,4773
1476,영등포구,신길6동,2019,5130
1477,영등포구,신길6동,2020,5130
1478,영등포구,신길6동,2021,5137
1479,영등포구,신길6동,2022,8537
1480,영등포구,신길7동,2018,4189
1481,영등포구,신길7동,2019,4359
1482,영등포구,신길7동,2020,4359
1483,영등포구,신길7동,2021,4334
1484,영등포구,신길7동,2022,6197
1485,영등포구,대림1동,2018,4826
1486,영등포구,대림1동,2019,5491
1487,영등포구,대림1동,2020,5491
1488,영등포구,대림1동,2021,5486
1489,영등포구,대림1동,2022,5788
1490,영등포구,대림2동,2018,4974
1491,영등포구,대림2동,2019,5366
1492,영등포구,대림2동,2020,5366
1493,영등포구,대림2동,2021,5429
1494,영등포구,대림2동,2022,4955
1495,영등포구,대림3동,2018,7928
1496,영등포구,대림3동,2019,8192
1497,영등포구,대림3동,2020,8192
1498,영등포구,대림3동,2021,8065
1499,영등포구,대림3동,2022,8648
1500,영등포구,영등포본동,2018,6993
1501,영등포구,영등포본동,2019,7188
1502,영등포구,영등포본동,2020,7188
1503,영등포구,영등포본동,2021,7133
1504,영등포구,영등포본동,2022,7073
1505,영등포구,영등포동,2018,11323
1506,영등포구,영등포동,2019,14670
1507,영등포구,영등포동,2020,14670
1508,영등포구,영등포동,2021,14693
1509,영등포구,영등포동,2022,20184
1510,영등포구,도림동,2018,5196
1511,영등포구,도림동,2019,5677
1512,영등포구,도림동,2020,5677
1513,영등포구,도림동,2021,5614
1514,영등포구,도림동,2022,6339
1515,영등포구,문래동,2018,13983
1516,영등포구,문래동,2019,15413
1517,영등포구,문래동,2020,15413
1518,영등포구,문래동,2021,15550
1519,영등포구,문래동,2022,19191
1520,동작구,노량진2동,2018,2636
1521,동작구,노량진2동,2019,1807
1522,동작구,노량진2동,2020,3053
1523,동작구,노량진2동,2021,3097
1524,동작구,노량진2동,2022,3051
1525,동작구,상도1동,2018,17279
1526,동작구,상도1동,2019,15202
1527,동작구,상도1동,2020,15376
1528,동작구,상도1동,2021,16686
1529,동작구,상도1동,2022,16684
1530,동작구,상도2동,2018,9441
1531,동작구,상도2동,2019,10916
1532,동작구,상도2동,2020,10838
1533,동작구,상도2동,2021,13084
1534,동작구,상도2동,2022,13047
1535,동작구,상도3동,2018,6179
1536,동작구,상도3동,2019,5635
1537,동작구,상도3동,2020,5809
1538,동작구,상도3동,2021,5953
1539,동작구,상도3동,2022,6020
1540,동작구,상도4동,2018,7023
1541,동작구,상도4동,2019,6426
1542,동작구,상도4동,2020,7164
1543,동작구,상도4동,2021,7229
1544,동작구,상도4동,2022,7252
1545,동작구,사당1동,2018,7293
1546,동작구,사당1동,2019,6136
1547,동작구,사당1동,2020,6274
1548,동작구,사당1동,2021,6343
1549,동작구,사당1동,2022,6402
1550,동작구,사당3동,2018,7638
1551,동작구,사당3동,2019,8650
1552,동작구,사당3동,2020,8773
1553,동작구,사당3동,2021,8790
1554,동작구,사당3동,2022,8752
1555,동작구,사당4동,2018,3824
1556,동작구,사당4동,2019,3648
1557,동작구,사당4동,2020,3744
1558,동작구,사당4동,2021,3842
1559,동작구,사당4동,2022,3804
1560,동작구,사당5동,2018,3768
1561,동작구,사당5동,2019,4335
1562,동작구,사당5동,2020,4344
1563,동작구,사당5동,2021,5588
1564,동작구,사당5동,2022,5588
1565,동작구,대방동,2018,13199
1566,동작구,대방동,2019,11205
1567,동작구,대방동,2020,11360
1568,동작구,대방동,2021,11524
1569,동작구,대방동,2022,11523
1570,동작구,신대방1동,2018,7391
1571,동작구,신대방1동,2019,8162
1572,동작구,신대방1동,2020,8183
1573,동작구,신대방1동,2021,8169
1574,동작구,신대방1동,2022,5897
1575,동작구,신대방2동,2018,11909
1576,동작구,신대방2동,2019,14047
1577,동작구,신대방2동,2020,14096
1578,동작구,신대방2동,2021,12266
1579,동작구,신대방2동,2022,12756
1580,동작구,흑석동,2018,10604
1581,동작구,흑석동,2019,17048
1582,동작구,흑석동,2020,17251
1583,동작구,흑석동,2021,16738
1584,동작구,흑석동,2022,16126
1585,동작구,노량진1동,2018,12399
1586,동작구,노량진1동,2019,13004
1587,동작구,노량진1동,2020,11937
1588,동작구,노량진1동,2021,11879
1589,동작구,노량진1동,2022,11784
1590,동작구,사당2동,2018,8310
1591,동작구,사당2동,2019,7862
1592,동작구,사당2동,2020,7870
1593,동작구,사당2동,2021,8578
1594,동작구,사당2동,2022,8975
1595,관악구,보라매동,2018,8454
1596,관악구,보라매동,2019,8491
1597,관악구,보라매동,2020,8650
1598,관악구,보라매동,2021,8687
1599,관악구,보라매동,2022,8659
1600,관악구,청림동,2018,4163
1601,관악구,청림동,2019,4154
1602,관악구,청림동,2020,4155
1603,관악구,청림동,2021,4164
1604,관악구,청림동,2022,4182
1605,관악구,행운동,2018,8578
1606,관악구,행운동,2019,8583
1607,관악구,행운동,2020,8796
1608,관악구,행운동,2021,8848
1609,관악구,행운동,2022,8846
1610,관악구,낙성대동,2018,7075
1611,관악구,낙성대동,2019,7089
1612,관악구,낙성대동,2020,7179
1613,관악구,낙성대동,2021,7187
1614,관악구,낙성대동,2022,7295
1615,관악구,중앙동,2018,4413
1616,관악구,중앙동,2019,4492
1617,관악구,중앙동,2020,4577
1618,관악구,중앙동,2021,4591
1619,관악구,중앙동,2022,4599
1620,관악구,인헌동,2018,6748
1621,관악구,인헌동,2019,6772
1622,관악구,인헌동,2020,6843
1623,관악구,인헌동,2021,6826
1624,관악구,인헌동,2022,6813
1625,관악구,남현동,2018,7434
1626,관악구,남현동,2019,7473
1627,관악구,남현동,2020,7409
1628,관악구,남현동,2021,7530
1629,관악구,남현동,2022,7589
1630,관악구,서원동,2018,6814
1631,관악구,서원동,2019,6832
1632,관악구,서원동,2020,6821
1633,관악구,서원동,2021,6766
1634,관악구,서원동,2022,6791
1635,관악구,신원동,2018,3688
1636,관악구,신원동,2019,3690
1637,관악구,신원동,2020,3722
1638,관악구,신원동,2021,3634
1639,관악구,신원동,2022,3668
1640,관악구,서림동,2018,5800
1641,관악구,서림동,2019,5817
1642,관악구,서림동,2020,5868
1643,관악구,서림동,2021,5830
1644,관악구,서림동,2022,5825
1645,관악구,신사동,2018,6692
1646,관악구,신사동,2019,6704
1647,관악구,신사동,2020,6635
1648,관악구,신사동,2021,6694
1649,관악구,신사동,2022,6735
1650,관악구,신림동,2018,6223
1651,관악구,신림동,2019,6267
1652,관악구,신림동,2020,6344
1653,관악구,신림동,2021,6409
1654,관악구,신림동,2022,6791
1655,관악구,난향동,2018,5571
1656,관악구,난향동,2019,5571
1657,관악구,난향동,2020,5569
1658,관악구,난향동,2021,5634
1659,관악구,난향동,2022,5626
1660,관악구,조원동,2018,7053
1661,관악구,조원동,2019,7147
1662,관악구,조원동,2020,7222
1663,관악구,조원동,2021,7186
1664,관악구,조원동,2022,7215
1665,관악구,대학동,2018,7641
1666,관악구,대학동,2019,7693
1667,관악구,대학동,2020,7720
1668,관악구,대학동,2021,7711
1669,관악구,대학동,2022,7680
1670,관악구,은천동,2018,10971
1671,관악구,은천동,2019,11049
1672,관악구,은천동,2020,11049
1673,관악구,은천동,2021,11028
1674,관악구,은천동,2022,11107
1675,관악구,성현동,2018,11887
1676,관악구,성현동,2019,11899
1677,관악구,성현동,2020,11857
1678,관악구,성현동,2021,11818
1679,관악구,성현동,2022,11815
1680,관악구,청룡동,2018,9674
1681,관악구,청룡동,2019,9984
1682,관악구,청룡동,2020,10298
1683,관악구,청룡동,2021,10297
1684,관악구,청룡동,2022,10372
1685,관악구,난곡동,2018,5974
1686,관악구,난곡동,2019,6110
1687,관악구,난곡동,2020,6206
1688,관악구,난곡동,2021,6315
1689,관악구,난곡동,2022,6325
1690,관악구,삼성동,2018,6182
1691,관악구,삼성동,2019,6208
1692,관악구,삼성동,2020,6062
1693,관악구,삼성동,2021,6124
1694,관악구,삼성동,2022,5988
1695,관악구,미성동,2018,10035
1696,관악구,미성동,2019,10106
1697,관악구,미성동,2020,10135
1698,관악구,미성동,2021,10027
1699,관악구,미성동,2022,10039
1700,서초구,서초1동,2018,16782
1701,서초구,서초1동,2019,18927
1702,서초구,서초1동,2020,17776
1703,서초구,서초1동,2021,18274
1704,서초구,서초1동,2022,20030
1705,서초구,서초2동,2018,21239
1706,서초구,서초2동,2019,16959
1707,서초구,서초2동,2020,16961
1708,서초구,서초2동,2021,17150
1709,서초구,서초2동,2022,27793
1710,서초구,서초3동,2018,33785
1711,서초구,서초3동,2019,33020
1712,서초구,서초3동,2020,31372
1713,서초구,서초3동,2021,31193
1714,서초구,서초3동,2022,36164
1715,서초구,서초4동,2018,18693
1716,서초구,서초4동,2019,18566
1717,서초구,서초4동,2020,18559
1718,서초구,서초4동,2021,18615
1719,서초구,서초4동,2022,21017
1720,서초구,잠원동,2018,15902
1721,서초구,잠원동,2019,15255
1722,서초구,잠원동,2020,15255
1723,서초구,잠원동,2021,15251
1724,서초구,잠원동,2022,13664
1725,서초구,반포본동,2018,5696
1726,서초구,반포본동,2019,4252
1727,서초구,반포본동,2020,13439
1728,서초구,반포본동,2021,2343
1729,서초구,반포본동,2022,691
1730,서초구,반포1동,2018,14101
1731,서초구,반포1동,2019,11827
1732,서초구,반포1동,2020,8510
1733,서초구,반포1동,2021,13748
1734,서초구,반포1동,2022,17294
1735,서초구,반포2동,2018,8259
1736,서초구,반포2동,2019,8268
1737,서초구,반포2동,2020,6770
1738,서초구,반포2동,2021,8337
1739,서초구,반포2동,2022,9473
1740,서초구,반포3동,2018,8151
1741,서초구,반포3동,2019,6608
1742,서초구,반포3동,2020,17743
1743,서초구,반포3동,2021,6986
1744,서초구,반포3동,2022,11136
1745,서초구,반포4동,2018,19229
1746,서초구,반포4동,2019,20187
1747,서초구,반포4동,2020,4768
1748,서초구,반포4동,2021,18312
1749,서초구,반포4동,2022,19332
1750,서초구,방배본동,2018,10404
1751,서초구,방배본동,2019,10769
1752,서초구,방배본동,2020,10817
1753,서초구,방배본동,2021,10835
1754,서초구,방배본동,2022,12483
1755,서초구,방배1동,2018,8335
1756,서초구,방배1동,2019,8453
1757,서초구,방배1동,2020,8394
1758,서초구,방배1동,2021,8479
1759,서초구,방배1동,2022,9809
1760,서초구,방배2동,2018,9718
1761,서초구,방배2동,2019,9414
1762,서초구,방배2동,2020,9451
1763,서초구,방배2동,2021,9480
1764,서초구,방배2동,2022,10052
1765,서초구,방배3동,2018,10043
1766,서초구,방배3동,2019,8413
1767,서초구,방배3동,2020,8485
1768,서초구,방배3동,2021,8552
1769,서초구,방배3동,2022,13608
1770,서초구,방배4동,2018,12736
1771,서초구,방배4동,2019,10653
1772,서초구,방배4동,2020,10690
1773,서초구,방배4동,2021,10672
1774,서초구,방배4동,2022,13476
1775,서초구,양재1동,2018,26416
1776,서초구,양재1동,2019,27369
1777,서초구,양재1동,2020,28587
1778,서초구,양재1동,2021,27696
1779,서초구,양재1동,2022,31702
1780,서초구,양재2동,2018,29538
1781,서초구,양재2동,2019,26090
1782,서초구,양재2동,2020,26944
1783,서초구,양재2동,2021,30475
1784,서초구,양재2동,2022,32216
1785,서초구,내곡동,2018,8184
1786,서초구,내곡동,2019,6264
1787,서초구,내곡동,2020,8214
1788,서초구,내곡동,2021,8402
1789,서초구,내곡동,2022,11009
1790,강남구,신사동,2018,15426
1791,강남구,신사동,2019,17424
1792,강남구,신사동,2020,17488
1793,강남구,신사동,2021,17489
1794,강남구,신사동,2022,16304
1795,강남구,개포3동,2018,0
1796,강남구,개포3동,2019,0
1797,강남구,개포3동,2020,0
1798,강남구,개포3동,2021,0
1799,강남구,개포3동,2022,6083
1800,강남구,논현1동,2018,22714
1801,강남구,논현1동,2019,21176
1802,강남구,논현1동,2020,22178
1803,강남구,논현1동,2021,22571
1804,강남구,논현1동,2022,21536
1805,강남구,논현2동,2018,24993
1806,강남구,논현2동,2019,24721
1807,강남구,논현2동,2020,25241
1808,강남구,논현2동,2021,25953
1809,강남구,논현2동,2022,24924
1810,강남구,삼성1동,2018,25762
1811,강남구,삼성1동,2019,25982
1812,강남구,삼성1동,2020,25953
1813,강남구,삼성1동,2021,26088
1814,강남구,삼성1동,2022,20674
1815,강남구,삼성2동,2018,21877
1816,강남구,삼성2동,2019,21933
1817,강남구,삼성2동,2020,21974
1818,강남구,삼성2동,2021,21986
1819,강남구,삼성2동,2022,24425
1820,강남구,대치1동,2018,13794
1821,강남구,대치1동,2019,14000
1822,강남구,대치1동,2020,14014
1823,강남구,대치1동,2021,14012
1824,강남구,대치1동,2022,14116
1825,강남구,대치4동,2018,16024
1826,강남구,대치4동,2019,16265
1827,강남구,대치4동,2020,16250
1828,강남구,대치4동,2021,16312
1829,강남구,대치4동,2022,16756
1830,강남구,역삼1동,2018,51475
1831,강남구,역삼1동,2019,53414
1832,강남구,역삼1동,2020,53390
1833,강남구,역삼1동,2021,53889
1834,강남구,역삼1동,2022,46901
1835,강남구,역삼2동,2018,23571
1836,강남구,역삼2동,2019,24066
1837,강남구,역삼2동,2020,24063
1838,강남구,역삼2동,2021,24847
1839,강남구,역삼2동,2022,32980
1840,강남구,도곡1동,2018,12978
1841,강남구,도곡1동,2019,13263
1842,강남구,도곡1동,2020,13287
1843,강남구,도곡1동,2021,13092
1844,강남구,도곡1동,2022,13319
1845,강남구,도곡2동,2018,23626
1846,강남구,도곡2동,2019,24194
1847,강남구,도곡2동,2020,24680
1848,강남구,도곡2동,2021,24851
1849,강남구,도곡2동,2022,25404
1850,강남구,개포1동,2018,4638
1851,강남구,개포1동,2019,5785
1852,강남구,개포1동,2020,5131
1853,강남구,개포1동,2021,5131
1854,강남구,개포1동,2022,3332
1855,강남구,개포4동,2018,10244
1856,강남구,개포4동,2019,9200
1857,강남구,개포4동,2020,9172
1858,강남구,개포4동,2021,9321
1859,강남구,개포4동,2022,7438
1860,강남구,일원본동,2018,10334
1861,강남구,일원본동,2019,10058
1862,강남구,일원본동,2020,10058
1863,강남구,일원본동,2021,10095
1864,강남구,일원본동,2022,11775
1865,강남구,일원1동,2018,3717
1866,강남구,일원1동,2019,4308
1867,강남구,일원1동,2020,4392
1868,강남구,일원1동,2021,4307
1869,강남구,일원1동,2022,5810
1870,강남구,일원2동,2018,3899
1871,강남구,일원2동,2019,4591
1872,강남구,일원2동,2020,5894
1873,강남구,일원2동,2021,6040
1874,강남구,일원2동,2022,0
1875,강남구,수서동,2018,7528
1876,강남구,수서동,2019,7565
1877,강남구,수서동,2020,7534
1878,강남구,수서동,2021,7563
1879,강남구,수서동,2022,8415
1880,강남구,세곡동,2018,17210
1881,강남구,세곡동,2019,18134
1882,강남구,세곡동,2020,18120
1883,강남구,세곡동,2021,18198
1884,강남구,세곡동,2022,21737
1885,강남구,압구정동,2018,19530
1886,강남구,압구정동,2019,19871
1887,강남구,압구정동,2020,20063
1888,강남구,압구정동,2021,20358
1889,강남구,압구정동,2022,21948
1890,강남구,청담동,2018,26168
1891,강남구,청담동,2019,26905
1892,강남구,청담동,2020,26741
1893,강남구,청담동,2021,27146
1894,강남구,청담동,2022,26910
1895,강남구,대치2동,2018,27279
1896,강남구,대치2동,2019,28511
1897,강남구,대치2동,2020,28356
1898,강남구,대치2동,2021,28501
1899,강남구,대치2동,2022,27402
1900,강남구,개포2동,2018,7404
1901,강남구,개포2동,2019,4585
1902,강남구,개포2동,2020,4624
1903,강남구,개포2동,2021,4533
1904,강남구,개포2동,2022,15709
1905,송파구,풍납1동,2018,4662
1906,송파구,풍납1동,2019,5022
1907,송파구,풍납1동,2020,4939
1908,송파구,풍납1동,2021,5369
1909,송파구,풍납1동,2022,5641
1910,송파구,풍납2동,2018,11105
1911,송파구,풍납2동,2019,13222
1912,송파구,풍납2동,2020,13601
1913,송파구,풍납2동,2021,14155
1914,송파구,풍납2동,2022,15038
1915,송파구,거여1동,2018,3645
1916,송파구,거여1동,2019,5147
1917,송파구,거여1동,2020,4380
1918,송파구,거여1동,2021,5093
1919,송파구,거여1동,2022,4289
1920,송파구,거여2동,2018,4233
1921,송파구,거여2동,2019,4910
1922,송파구,거여2동,2020,4855
1923,송파구,거여2동,2021,4890
1924,송파구,거여2동,2022,11775
1925,송파구,마천1동,2018,5648
1926,송파구,마천1동,2019,5959
1927,송파구,마천1동,2020,5577
1928,송파구,마천1동,2021,5971
1929,송파구,마천1동,2022,6255
1930,송파구,마천2동,2018,5756
1931,송파구,마천2동,2019,5800
1932,송파구,마천2동,2020,5188
1933,송파구,마천2동,2021,5754
1934,송파구,마천2동,2022,5296
1935,송파구,방이1동,2018,6100
1936,송파구,방이1동,2019,7681
1937,송파구,방이1동,2020,7681
1938,송파구,방이1동,2021,7696
1939,송파구,방이1동,2022,7152
1940,송파구,방이2동,2018,12652
1941,송파구,방이2동,2019,13271
1942,송파구,방이2동,2020,12514
1943,송파구,방이2동,2021,13325
1944,송파구,방이2동,2022,14183
1945,송파구,오륜동,2018,13345
1946,송파구,오륜동,2019,13806
1947,송파구,오륜동,2020,9410
1948,송파구,오륜동,2021,13759
1949,송파구,오륜동,2022,7021
1950,송파구,오금동,2018,13313
1951,송파구,오금동,2019,17398
1952,송파구,오금동,2020,14325
1953,송파구,오금동,2021,17318
1954,송파구,오금동,2022,16772
1955,송파구,송파1동,2018,11225
1956,송파구,송파1동,2019,11863
1957,송파구,송파1동,2020,10853
1958,송파구,송파1동,2021,11862
1959,송파구,송파1동,2022,11156
1960,송파구,송파2동,2018,5515
1961,송파구,송파2동,2019,8604
1962,송파구,송파2동,2020,7800
1963,송파구,송파2동,2021,8212
1964,송파구,송파2동,2022,7959
1965,송파구,석촌동,2018,14165
1966,송파구,석촌동,2019,15106
1967,송파구,석촌동,2020,14001
1968,송파구,석촌동,2021,15249
1969,송파구,석촌동,2022,14710
1970,송파구,삼전동,2018,12291
1971,송파구,삼전동,2019,13113
1972,송파구,삼전동,2020,12079
1973,송파구,삼전동,2021,13062
1974,송파구,삼전동,2022,12320
1975,송파구,가락본동,2018,14274
1976,송파구,가락본동,2019,14368
1977,송파구,가락본동,2020,15237
1978,송파구,가락본동,2021,15406
1979,송파구,가락본동,2022,14520
1980,송파구,가락1동,2018,6044
1981,송파구,가락1동,2019,20942
1982,송파구,가락1동,2020,20268
1983,송파구,가락1동,2021,20389
1984,송파구,가락1동,2022,15237
1985,송파구,가락2동,2018,10611
1986,송파구,가락2동,2019,14340
1987,송파구,가락2동,2020,12848
1988,송파구,가락2동,2021,14134
1989,송파구,가락2동,2022,12780
1990,송파구,문정1동,2018,9421
1991,송파구,문정1동,2019,10021
1992,송파구,문정1동,2020,9582
1993,송파구,문정1동,2021,9950
1994,송파구,문정1동,2022,9330
1995,송파구,문정2동,2018,33625
1996,송파구,문정2동,2019,26958
1997,송파구,문정2동,2020,13850
1998,송파구,문정2동,2021,26971
1999,송파구,문정2동,2022,28046
2000,송파구,잠실본동,2018,12082
2001,송파구,잠실본동,2019,12998
2002,송파구,잠실본동,2020,12863
2003,송파구,잠실본동,2021,13749
2004,송파구,잠실본동,2022,13187
2005,송파구,잠실4동,2018,11708
2006,송파구,잠실4동,2019,11793
2007,송파구,잠실4동,2020,11175
2008,송파구,잠실4동,2021,11708
2009,송파구,잠실4동,2022,9925
2010,송파구,잠실6동,2018,17419
2011,송파구,잠실6동,2019,16929
2012,송파구,잠실6동,2020,14828
2013,송파구,잠실6동,2021,19476
2014,송파구,잠실6동,2022,16454
2015,송파구,잠실7동,2018,2674
2016,송파구,잠실7동,2019,5011
2017,송파구,잠실7동,2020,3601
2018,송파구,잠실7동,2021,3806
2019,송파구,잠실7동,2022,1829
2020,송파구,잠실2동,2018,16949
2021,송파구,잠실2동,2019,18914
2022,송파구,잠실2동,2020,16734
2023,송파구,잠실2동,2021,18914
2024,송파구,잠실2동,2022,23732
2025,송파구,잠실3동,2018,17700
2026,송파구,잠실3동,2019,17356
2027,송파구,잠실3동,2020,17413
2028,송파구,잠실3동,2021,17339
2029,송파구,잠실3동,2022,19193
2030,송파구,장지동,2018,13327
2031,송파구,장지동,2019,26885
2032,송파구,장지동,2020,18257
2033,송파구,장지동,2021,26472
2034,송파구,장지동,2022,27829
2035,송파구,위례동,2018,15710
2036,송파구,위례동,2019,13608
2037,송파구,위례동,2020,28079
2038,송파구,위례동,2021,13602
2039,송파구,위례동,2022,7598
2040,강동구,강일동,2018,13990
2041,강동구,강일동,2019,16806
2042,강동구,강일동,2020,18214
2043,강동구,강일동,2021,20968
2044,강동구,강일동,2022,0
2045,강동구,상일동,2018,7751
2046,강동구,상일동,2019,3293
2047,강동구,상일동,2020,9784
2048,강동구,상일동,2021,10851
2049,강동구,상일동,2022,0
2050,강동구,명일1동,2018,8777
2051,강동구,명일1동,2019,7794
2052,강동구,명일1동,2020,7860
2053,강동구,명일1동,2021,7880
2054,강동구,명일1동,2022,13614
2055,강동구,명일2동,2018,6301
2056,강동구,명일2동,2019,7406
2057,강동구,명일2동,2020,7668
2058,강동구,명일2동,2021,6511
2059,강동구,명일2동,2022,6628
2060,강동구,고덕1동,2018,5540
2061,강동구,고덕1동,2019,12422
2062,강동구,고덕1동,2020,12356
2063,강동구,고덕1동,2021,5925
2064,강동구,고덕1동,2022,11848
2065,강동구,고덕2동,2018,2519
2066,강동구,고덕2동,2019,2478
2067,강동구,고덕2동,2020,3494
2068,강동구,고덕2동,2021,10658
2069,강동구,고덕2동,2022,11651
2070,강동구,암사2동,2018,5903
2071,강동구,암사2동,2019,6020
2072,강동구,암사2동,2020,6005
2073,강동구,암사2동,2021,5912
2074,강동구,암사2동,2022,7056
2075,강동구,암사3동,2018,7899
2076,강동구,암사3동,2019,3911
2077,강동구,암사3동,2020,3682
2078,강동구,암사3동,2021,8278
2079,강동구,암사3동,2022,8124
2080,강동구,천호1동,2018,9149
2081,강동구,천호1동,2019,10739
2082,강동구,천호1동,2020,10893
2083,강동구,천호1동,2021,10373
2084,강동구,천호1동,2022,9974
2085,강동구,천호3동,2018,9421
2086,강동구,천호3동,2019,12268
2087,강동구,천호3동,2020,12463
2088,강동구,천호3동,2021,10261
2089,강동구,천호3동,2022,11090
2090,강동구,성내1동,2018,10746
2091,강동구,성내1동,2019,11491
2092,강동구,성내1동,2020,11530
2093,강동구,성내1동,2021,8582
2094,강동구,성내1동,2022,10876
2095,강동구,성내2동,2018,7425
2096,강동구,성내2동,2019,9139
2097,강동구,성내2동,2020,9143
2098,강동구,성내2동,2021,7956
2099,강동구,성내2동,2022,7869
2100,강동구,성내3동,2018,9968
2101,강동구,성내3동,2019,11090
2102,강동구,성내3동,2020,11280
2103,강동구,성내3동,2021,10846
2104,강동구,성내3동,2022,10656
2105,강동구,둔촌1동,2018,6257
2106,강동구,둔촌1동,2019,388
2107,강동구,둔촌1동,2020,116
2108,강동구,둔촌1동,2021,116
2109,강동구,둔촌1동,2022,193
2110,강동구,둔촌2동,2018,11144
2111,강동구,둔촌2동,2019,16644
2112,강동구,둔촌2동,2020,16562
2113,강동구,둔촌2동,2021,10553
2114,강동구,둔촌2동,2022,11512
2115,강동구,암사1동,2018,10929
2116,강동구,암사1동,2019,17257
2117,강동구,암사1동,2020,17557
2118,강동구,암사1동,2021,16276
2119,강동구,암사1동,2022,11699
2120,강동구,천호2동,2018,14829
2121,강동구,천호2동,2019,19343
2122,강동구,천호2동,2020,18973
2123,강동구,천호2동,2021,15474
2124,강동구,천호2동,2022,16529
2125,강동구,길동,2018,19305
2126,강동구,길동,2019,24822
2127,강동구,길동,2020,25560
2128,강동구,길동,2021,20713
2129,강동구,길동,2022,17661
2130,강동구,강일동,2018,0
2131,강동구,강일동,2019,0
2132,강동구,강일동,2020,0
2133,강동구,강일동,2021,0
2134,강동구,강일동,2022,16089
2135,강동구,상일1동,2018,0
2136,강동구,상일1동,2019,0
2137,강동구,상일1동,2020,0
2138,강동구,상일1동,2021,0
2139,강동구,상일1동,2022,19552
2140,강동구,상일2동,2018,0
2141,강동구,상일2동,2019,0
2142,강동구,상일2동,2020,0
2143,강동구,상일2동,2021,0
2144,강동구,상일2동,2022,7338
