,구별,동별,연도,평균교통량
0,종로구,청운효자동,2018,641.5932598039216
1,종로구,사직동,2018,990.459829443447
2,종로구,삼청동,2018,985.403660252498
3,종로구,부암동,2018,985.403660252498
4,종로구,평창동,2018,932.1144838183184
5,종로구,무악동,2018,985.403660252498
6,종로구,교남동,2018,1521.9070512820513
7,종로구,가회동,2018,985.403660252498
8,종로구,종로1.2.3.4가동,2018,1067.1191614623992
9,종로구,종로5.6가동,2018,985.403660252498
10,종로구,이화동,2018,780.1726710334789
11,종로구,혜화동,2018,877.6091049382717
12,종로구,창신1동,2018,985.403660252498
13,종로구,창신2동,2018,985.403660252498
14,종로구,창신3동,2018,985.403660252498
15,종로구,숭인1동,2018,985.403660252498
16,종로구,숭인2동,2018,1072.2537202380952
17,중구,소공동,2018,976.7964689265536
18,중구,회현동,2018,563.2508078155461
19,중구,명동,2018,1088.8921062780782
20,중구,필동,2018,1020.2080976928788
21,중구,장충동,2018,1197.2986750677533
22,중구,광희동,2018,1020.2080976928788
23,중구,을지로동,2018,1020.2080976928788
24,중구,신당동,2018,1020.2080976928788
25,중구,다산동,2018,1020.2080976928788
26,중구,약수동,2018,1337.9245445593303
27,중구,청구동,2018,1020.2080976928788
28,중구,신당5동,2018,1020.2080976928788
29,중구,동화동,2018,1020.2080976928788
30,중구,황학동,2018,957.0859835100116
31,중구,중림동,2018,1020.2080976928788
32,용산구,후암동,2018,1435.16646751121
33,용산구,용산2가동,2018,784.4904815935452
34,용산구,남영동,2018,1435.16646751121
35,용산구,청파동,2018,1435.16646751121
36,용산구,원효로1동,2018,1435.16646751121
37,용산구,원효로2동,2018,1435.16646751121
38,용산구,효창동,2018,1435.16646751121
39,용산구,용문동,2018,1435.16646751121
40,용산구,한강로동,2018,1435.16646751121
41,용산구,이촌1동,2018,2776.8824508606617
42,용산구,이촌2동,2018,1435.16646751121
43,용산구,이태원1동,2018,1435.16646751121
44,용산구,이태원2동,2018,542.4735811504879
45,용산구,한남동,2018,1636.819356440145
46,용산구,서빙고동,2018,1435.16646751121
47,용산구,보광동,2018,1435.16646751121
48,성동구,왕십리2동,2018,1683.7646657344658
49,성동구,왕십리도선동,2018,1683.7646657344658
50,성동구,마장동,2018,1683.7646657344658
51,성동구,사근동,2018,1683.7646657344658
52,성동구,행당1동,2018,1683.7646657344658
53,성동구,행당2동,2018,1683.7646657344658
54,성동구,응봉동,2018,1683.7646657344658
55,성동구,금호1가동,2018,1683.7646657344658
56,성동구,금호2.3가동,2018,1683.7646657344658
57,성동구,금호4가동,2018,1683.7646657344658
58,성동구,옥수동,2018,1885.305348416044
59,성동구,성수1가1동,2018,1683.7646657344658
60,성동구,성수1가2동,2018,1683.7646657344658
61,성동구,성수2가1동,2018,1683.7646657344658
62,성동구,성수2가3동,2018,1683.7646657344658
63,성동구,송정동,2018,1404.4358230134158
64,성동구,용답동,2018,1761.552825773938
65,광진구,화양동,2018,1646.7548686851355
66,광진구,군자동,2018,1646.7548686851355
67,광진구,중곡1동,2018,1646.7548686851355
68,광진구,중곡2동,2018,1646.7548686851355
69,광진구,중곡3동,2018,1646.7548686851355
70,광진구,중곡4동,2018,1646.7548686851355
71,광진구,능동,2018,1646.7548686851355
72,광진구,광장동,2018,634.6750129399586
73,광진구,자양1동,2018,1646.7548686851355
74,광진구,자양2동,2018,1646.7548686851355
75,광진구,자양3동,2018,1646.7548686851355
76,광진구,자양4동,2018,1646.7548686851355
77,광진구,구의1동,2018,1646.7548686851355
78,광진구,구의2동,2018,1646.7548686851355
79,광진구,구의3동,2018,1646.7548686851355
80,동대문구,용신동,2018,2985.190312046444
81,동대문구,제기동,2018,2985.190312046444
82,동대문구,전농1동,2018,2985.190312046444
83,동대문구,전농2동,2018,2985.190312046444
84,동대문구,답십리1동,2018,2985.190312046444
85,동대문구,답십리2동,2018,2985.190312046444
86,동대문구,장안1동,2018,2985.190312046444
87,동대문구,장안2동,2018,2985.190312046444
88,동대문구,청량리동,2018,2985.190312046444
89,동대문구,회기동,2018,2985.190312046444
90,동대문구,휘경1동,2018,2985.190312046444
91,동대문구,휘경2동,2018,2985.190312046444
92,동대문구,이문1동,2018,2985.190312046444
93,동대문구,이문2동,2018,2985.190312046444
94,중랑구,면목2동,2018,1831.318919490821
95,중랑구,면목4동,2018,1831.318919490821
96,중랑구,면목5동,2018,1831.318919490821
97,중랑구,면목본동,2018,1831.318919490821
98,중랑구,면목7동,2018,1831.318919490821
99,중랑구,면목3.8동,2018,1831.318919490821
100,중랑구,상봉1동,2018,1831.318919490821
101,중랑구,상봉2동,2018,1831.318919490821
102,중랑구,중화1동,2018,1831.318919490821
103,중랑구,중화2동,2018,1831.318919490821
104,중랑구,묵1동,2018,1831.318919490821
105,중랑구,묵2동,2018,1831.318919490821
106,중랑구,망우본동,2018,1831.318919490821
107,중랑구,망우3동,2018,1831.318919490821
108,중랑구,신내1동,2018,1831.318919490821
109,중랑구,신내2동,2018,1831.318919490821
110,성북구,성북동,2018,242.7675278990781
111,성북구,삼선동,2018,1666.9453038320244
112,성북구,동선동,2018,1666.9453038320244
113,성북구,돈암1동,2018,1194.4016563146995
114,성북구,돈암2동,2018,1666.9453038320244
115,성북구,안암동,2018,1666.9453038320244
116,성북구,보문동,2018,1666.9453038320244
117,성북구,정릉1동,2018,1666.9453038320244
118,성북구,정릉2동,2018,1666.9453038320244
119,성북구,정릉3동,2018,3114.3250718390805
120,성북구,정릉4동,2018,1666.9453038320244
121,성북구,길음1동,2018,1666.9453038320244
122,성북구,길음2동,2018,1666.9453038320244
123,성북구,종암동,2018,1666.9453038320244
124,성북구,월곡1동,2018,1666.9453038320244
125,성북구,월곡2동,2018,1445.5747955747956
126,성북구,장위1동,2018,1666.9453038320244
127,성북구,장위2동,2018,2337.6574675324678
128,성북구,장위3동,2018,1666.9453038320244
129,성북구,석관동,2018,1666.9453038320244
130,강북구,삼양동,2018,1712.0909759865756
131,강북구,미아동,2018,1712.0909759865756
132,강북구,송중동,2018,1712.0909759865756
133,강북구,송천동,2018,1712.0909759865756
134,강북구,삼각산동,2018,1712.0909759865756
135,강북구,번1동,2018,1712.0909759865756
136,강북구,번2동,2018,1712.0909759865756
137,강북구,번3동,2018,1712.0909759865756
138,강북구,수유1동,2018,1712.0909759865756
139,강북구,수유2동,2018,1712.0909759865756
140,강북구,수유3동,2018,1712.0909759865756
141,강북구,우이동,2018,1712.0909759865756
142,강북구,인수동,2018,1712.0909759865756
143,도봉구,창1동,2018,1038.6815208284625
144,도봉구,창2동,2018,968.6100654664484
145,도봉구,창3동,2018,1038.6815208284625
146,도봉구,창4동,2018,1038.6815208284625
147,도봉구,창5동,2018,1038.6815208284625
148,도봉구,도봉1동,2018,1108.7529761904764
149,도봉구,도봉2동,2018,1038.6815208284625
150,도봉구,쌍문1동,2018,1038.6815208284625
151,도봉구,쌍문2동,2018,1038.6815208284625
152,도봉구,쌍문3동,2018,1038.6815208284625
153,도봉구,쌍문4동,2018,1038.6815208284625
154,도봉구,방학1동,2018,1038.6815208284625
155,도봉구,방학2동,2018,1038.6815208284625
156,도봉구,방학3동,2018,1038.6815208284625
157,노원구,월계1동,2018,1655.2769999971126
158,노원구,월계2동,2018,1655.2769999971126
159,노원구,월계3동,2018,2499.9016152716595
160,노원구,공릉1동,2018,1655.2769999971126
161,노원구,공릉2동,2018,1168.4829147712371
162,노원구,하계1동,2018,1655.2769999971126
163,노원구,하계2동,2018,1655.2769999971126
164,노원구,중계본동,2018,1655.2769999971126
165,노원구,중계1동,2018,1655.2769999971126
166,노원구,중계4동,2018,1655.2769999971126
167,노원구,중계2.3동,2018,1655.2769999971126
168,노원구,상계1동,2018,2054.289551607445
169,노원구,상계2동,2018,1655.2769999971126
170,노원구,상계3.4동,2018,1655.2769999971126
171,노원구,상계5동,2018,1655.2769999971126
172,노원구,상계6.7동,2018,898.4339183381089
173,노원구,상계8동,2018,1655.2769999971126
174,노원구,상계9동,2018,1655.2769999971126
175,노원구,상계10동,2018,1655.2769999971126
176,은평구,녹번동,2018,1053.8345742266501
177,은평구,불광1동,2018,1053.8345742266501
178,은평구,불광2동,2018,1053.8345742266501
179,은평구,갈현1동,2018,1053.8345742266501
180,은평구,갈현2동,2018,1053.8345742266501
181,은평구,구산동,2018,781.4814447966191
182,은평구,대조동,2018,1053.8345742266501
183,은평구,응암1동,2018,1053.8345742266501
184,은평구,응암2동,2018,1053.8345742266501
185,은평구,응암3동,2018,1053.8345742266501
186,은평구,역촌동,2018,1053.8345742266501
187,은평구,신사1동,2018,1053.8345742266501
188,은평구,신사2동,2018,1053.8345742266501
189,은평구,증산동,2018,1502.5479857819903
190,은평구,수색동,2018,877.4742921013412
191,은평구,진관동,2018,1053.8345742266501
192,서대문구,천연동,2018,1325.5334992683604
193,서대문구,북아현동,2018,1325.5334992683604
194,서대문구,충현동,2018,1325.5334992683604
195,서대문구,신촌동,2018,1380.083876811594
196,서대문구,연희동,2018,1192.9760754030533
197,서대문구,홍제1동,2018,1325.5334992683604
198,서대문구,홍제3동,2018,1325.5334992683604
199,서대문구,홍제2동,2018,1325.5334992683604
200,서대문구,홍은1동,2018,1325.5334992683604
201,서대문구,홍은2동,2018,1403.5405455904336
202,서대문구,남가좌1동,2018,1325.5334992683604
203,서대문구,남가좌2동,2018,1325.5334992683604
204,서대문구,북가좌1동,2018,1325.5334992683604
205,서대문구,북가좌2동,2018,1325.5334992683604
206,마포구,아현동,2018,3476.136236828126
207,마포구,공덕동,2018,3476.136236828126
208,마포구,도화동,2018,3476.136236828126
209,마포구,용강동,2018,3476.136236828126
210,마포구,대흥동,2018,3476.136236828126
211,마포구,염리동,2018,3476.136236828126
212,마포구,신수동,2018,3476.136236828126
213,마포구,서강동,2018,3476.136236828126
214,마포구,서교동,2018,3476.136236828126
215,마포구,합정동,2018,3037.7777978774725
216,마포구,망원1동,2018,3533.871799895507
217,마포구,망원2동,2018,3476.136236828126
218,마포구,연남동,2018,3476.136236828126
219,마포구,성산1동,2018,3476.136236828126
220,마포구,성산2동,2018,3476.136236828126
221,마포구,상암동,2018,3856.759112711399
222,양천구,목1동,2018,1995.3569620888325
223,양천구,목2동,2018,1995.3569620888325
224,양천구,목3동,2018,1995.3569620888325
225,양천구,목4동,2018,1995.3569620888325
226,양천구,목5동,2018,1995.3569620888325
227,양천구,신월1동,2018,1995.3569620888325
228,양천구,신월2동,2018,1995.3569620888325
229,양천구,신월3동,2018,778.1351976976978
230,양천구,신월4동,2018,2258.790239114918
231,양천구,신월5동,2018,1480.0419398907104
232,양천구,신월6동,2018,1995.3569620888325
233,양천구,신월7동,2018,3464.460471652004
234,양천구,신정1동,2018,1995.3569620888325
235,양천구,신정2동,2018,1995.3569620888325
236,양천구,신정3동,2018,1995.3569620888325
237,양천구,신정4동,2018,1995.3569620888325
238,양천구,신정6동,2018,1995.3569620888325
239,양천구,신정7동,2018,1995.3569620888325
240,강서구,염창동,2018,1296.1793631750634
241,강서구,등촌1동,2018,1296.1793631750634
242,강서구,등촌2동,2018,1296.1793631750634
243,강서구,등촌3동,2018,1296.1793631750634
244,강서구,화곡1동,2018,1296.1793631750634
245,강서구,화곡2동,2018,1296.1793631750634
246,강서구,화곡3동,2018,1296.1793631750634
247,강서구,화곡4동,2018,1296.1793631750634
248,강서구,화곡본동,2018,1296.1793631750634
249,강서구,화곡6동,2018,1296.1793631750634
250,강서구,화곡8동,2018,822.9227380952381
251,강서구,가양1동,2018,1296.1793631750634
252,강서구,가양2동,2018,1296.1793631750634
253,강서구,가양3동,2018,1296.1793631750634
254,강서구,발산1동,2018,1081.234231853418
255,강서구,우장산동,2018,1296.1793631750634
256,강서구,공항동,2018,505.4203163017032
257,강서구,방화1동,2018,1296.1793631750634
258,강서구,방화2동,2018,2775.1401664498944
259,강서구,방화3동,2018,1296.1793631750634
260,구로구,신도림동,2018,1098.0143950437318
261,구로구,구로1동,2018,816.2578507733901
262,구로구,구로2동,2018,816.2578507733901
263,구로구,구로3동,2018,816.2578507733901
264,구로구,구로4동,2018,816.2578507733901
265,구로구,구로5동,2018,816.2578507733901
266,구로구,가리봉동,2018,816.2578507733901
267,구로구,고척1동,2018,816.2578507733901
268,구로구,고척2동,2018,816.2578507733901
269,구로구,개봉1동,2018,1026.615025466893
270,구로구,개봉2동,2018,816.2578507733901
271,구로구,개봉3동,2018,576.2326987547892
272,구로구,오류1동,2018,816.2578507733901
273,구로구,오류2동,2018,420.64094602251953
274,구로구,수궁동,2018,816.2578507733901
275,금천구,가산동,2018,1291.9023491681517
276,금천구,독산1동,2018,1407.9924509989814
277,금천구,독산2동,2018,1488.1175212517644
278,금천구,독산3동,2018,1488.1175212517644
279,금천구,독산4동,2018,1488.1175212517644
280,금천구,시흥1동,2018,1488.1175212517644
281,금천구,시흥2동,2018,1417.0844515065912
282,금천구,시흥3동,2018,1835.4908333333333
283,금천구,시흥4동,2018,1488.1175212517644
284,금천구,시흥5동,2018,1488.1175212517644
285,영등포구,영등포본동,2018,1434.8475290297174
286,영등포구,영등포동,2018,1542.5460249042146
287,영등포구,여의동,2018,1566.6742095181523
288,영등포구,당산1동,2018,1434.8475290297174
289,영등포구,당산2동,2018,1266.1132315521627
290,영등포구,도림동,2018,1434.8475290297174
291,영등포구,문래동,2018,1434.8475290297174
292,영등포구,양평1동,2018,1209.1150793650795
293,영등포구,양평2동,2018,1434.8475290297174
294,영등포구,신길1동,2018,1434.8475290297174
295,영등포구,신길3동,2018,1434.8475290297174
296,영등포구,신길4동,2018,1434.8475290297174
297,영등포구,신길5동,2018,1434.8475290297174
298,영등포구,신길6동,2018,1434.8475290297174
299,영등포구,신길7동,2018,1434.8475290297174
300,영등포구,대림1동,2018,1434.8475290297174
301,영등포구,대림2동,2018,1589.789099808978
302,영등포구,대림3동,2018,1434.8475290297174
303,동작구,노량진1동,2018,1529.4028588807787
304,동작구,노량진2동,2018,3370.443571253255
305,동작구,상도1동,2018,3370.443571253255
306,동작구,상도2동,2018,3370.443571253255
307,동작구,상도3동,2018,3370.443571253255
308,동작구,상도4동,2018,3370.443571253255
309,동작구,흑석동,2018,3370.443571253255
310,동작구,사당1동,2018,3370.443571253255
311,동작구,사당2동,2018,5211.484283625731
312,동작구,사당3동,2018,3370.443571253255
313,동작구,사당4동,2018,3370.443571253255
314,동작구,사당5동,2018,3370.443571253255
315,동작구,대방동,2018,3370.443571253255
316,동작구,신대방1동,2018,3370.443571253255
317,동작구,신대방2동,2018,3370.443571253255
318,관악구,보라매동,2018,1220.1806620026568
319,관악구,청림동,2018,1220.1806620026568
320,관악구,성현동,2018,1220.1806620026568
321,관악구,행운동,2018,2070.9471403812827
322,관악구,낙성대동,2018,1220.1806620026568
323,관악구,청룡동,2018,1220.1806620026568
324,관악구,은천동,2018,1220.1806620026568
325,관악구,중앙동,2018,1220.1806620026568
326,관악구,인헌동,2018,1220.1806620026568
327,관악구,남현동,2018,1220.1806620026568
328,관악구,서원동,2018,1220.1806620026568
329,관악구,신원동,2018,1220.1806620026568
330,관악구,서림동,2018,1220.1806620026568
331,강남구,신사동,2018,4243.652799788695
332,관악구,신림동,2018,369.414183624031
333,관악구,난향동,2018,1220.1806620026568
334,관악구,조원동,2018,1220.1806620026568
335,관악구,대학동,2018,1220.1806620026568
336,관악구,삼성동,2018,1220.1806620026568
337,관악구,미성동,2018,1220.1806620026568
338,관악구,난곡동,2018,1220.1806620026568
339,강남구,신사동,2018,4243.652799788695
340,강남구,논현1동,2018,1553.1368089103596
341,강남구,논현2동,2018,2023.9392408078124
342,강남구,압구정동,2018,2023.9392408078124
343,강남구,청담동,2018,2615.6659346022448
344,강남구,삼성1동,2018,1494.225501253133
345,강남구,삼성2동,2018,2023.9392408078124
346,강남구,대치1동,2018,2023.9392408078124
347,강남구,대치2동,2018,2023.9392408078124
348,강남구,대치4동,2018,2023.9392408078124
349,강남구,역삼1동,2018,1155.76871657754
350,강남구,역삼2동,2018,2023.9392408078124
351,강남구,도곡1동,2018,2023.9392408078124
352,강남구,도곡2동,2018,1261.5084022038568
353,강남구,개포1동,2018,2023.9392408078124
354,강남구,개포2동,2018,2023.9392408078124
355,강남구,개포4동,2018,2023.9392408078124
356,강남구,세곡동,2018,1066.0444960007098
357,강남구,일원본동,2018,2023.9392408078124
358,강남구,일원1동,2018,1990.5874649859943
359,강남구,일원2동,2018,2023.9392408078124
360,강남구,수서동,2018,2023.9392408078124
361,서초구,서초1동,2018,2135.0740280867185
362,서초구,서초2동,2018,2135.0740280867185
363,서초구,서초3동,2018,1526.842865892697
364,서초구,서초4동,2018,2135.0740280867185
365,서초구,잠원동,2018,2135.0740280867185
366,서초구,반포본동,2018,2135.0740280867185
367,서초구,반포1동,2018,2135.0740280867185
368,서초구,반포2동,2018,2086.2414410828023
369,서초구,반포3동,2018,402.0440718732315
370,서초구,반포4동,2018,1873.811710598572
371,서초구,방배본동,2018,1875.6109994640944
372,서초구,방배1동,2018,2135.0740280867185
373,서초구,방배2동,2018,1371.2676005747126
374,서초구,방배3동,2018,1914.1423047177109
375,서초구,방배4동,2018,2135.0740280867185
376,서초구,양재1동,2018,2135.0740280867185
377,서초구,양재2동,2018,3952.356457617412
378,서초구,내곡동,2018,2135.0740280867185
379,송파구,풍납1동,2018,1670.9148773006134
380,송파구,풍납2동,2018,1494.0624704442764
381,송파구,거여1동,2018,1494.0624704442764
382,송파구,거여2동,2018,1494.0624704442764
383,송파구,마천1동,2018,1494.0624704442764
384,송파구,마천2동,2018,1494.0624704442764
385,송파구,방이1동,2018,1494.0624704442764
386,송파구,방이2동,2018,1494.0624704442764
387,송파구,오륜동,2018,1494.0624704442764
388,송파구,오금동,2018,1494.0624704442764
389,송파구,송파1동,2018,1494.0624704442764
390,송파구,송파2동,2018,1609.3431899641575
391,송파구,석촌동,2018,1494.0624704442764
392,송파구,삼전동,2018,1494.0624704442764
393,송파구,가락본동,2018,1494.0624704442764
394,송파구,가락1동,2018,1494.0624704442764
395,송파구,가락2동,2018,1494.0624704442764
396,송파구,문정1동,2018,1494.0624704442764
397,송파구,문정2동,2018,1778.819027659615
398,송파구,장지동,2018,1494.0624704442764
399,송파구,위례동,2018,1494.0624704442764
400,송파구,잠실본동,2018,1494.0624704442764
401,송파구,잠실2동,2018,1494.0624704442764
402,송파구,잠실3동,2018,1494.0624704442764
403,송파구,잠실4동,2018,1494.0624704442764
404,송파구,잠실6동,2018,1658.1700367929866
405,송파구,잠실7동,2018,753.0652205040092
406,강동구,강일동,2018,2011.5090983701386
407,강동구,상일동,2018,2011.5090983701386
408,강동구,명일1동,2018,2011.5090983701386
409,강동구,명일2동,2018,2011.5090983701386
410,강동구,고덕1동,2018,2011.5090983701386
411,강동구,고덕2동,2018,4074.296296296296
412,강동구,암사1동,2018,2011.5090983701386
413,강동구,암사2동,2018,2011.5090983701386
414,강동구,암사3동,2018,2011.5090983701386
415,강동구,천호1동,2018,2011.5090983701386
416,강동구,천호2동,2018,337.18393874643874
417,강동구,천호3동,2018,2011.5090983701386
418,강동구,성내1동,2018,2011.5090983701386
419,강동구,성내2동,2018,2011.5090983701386
420,강동구,성내3동,2018,2011.5090983701386
421,강동구,길동,2018,2011.5090983701386
422,강동구,둔촌1동,2018,2011.5090983701386
423,강동구,둔촌2동,2018,2011.5090983701386
424,종로구,청운효자동,2019,620.7969833564493
425,종로구,사직동,2019,968.156282051282
426,종로구,삼청동,2019,973.1468185446362
427,종로구,부암동,2019,973.1468185446362
428,종로구,평창동,2019,920.9675292638242
429,종로구,무악동,2019,973.1468185446362
430,종로구,교남동,2019,1497.9507947639086
431,종로구,가회동,2019,973.1468185446362
432,종로구,종로1.2.3.4가동,2019,1042.9777901137577
433,종로구,종로5.6가동,2019,973.1468185446362
434,종로구,이화동,2019,811.5897491349481
435,종로구,혜화동,2019,842.2291666666666
436,종로구,창신1동,2019,973.1468185446362
437,종로구,창신2동,2019,973.1468185446362
438,종로구,창신3동,2019,973.1468185446362
439,종로구,숭인1동,2019,973.1468185446362
440,종로구,숭인2동,2019,1080.506253006253
441,중구,소공동,2019,950.1842513113972
442,중구,회현동,2019,550.6457769973141
443,중구,명동,2019,1038.5740373485326
444,중구,필동,2019,987.0927889987762
445,중구,장충동,2019,1125.837054508895
446,중구,광희동,2019,987.0927889987762
447,중구,을지로동,2019,987.0927889987762
448,중구,신당동,2019,987.0927889987762
449,중구,다산동,2019,987.0927889987762
450,중구,약수동,2019,1322.7229572887652
451,중구,청구동,2019,987.0927889987762
452,중구,신당5동,2019,987.0927889987762
453,중구,동화동,2019,987.0927889987762
454,중구,황학동,2019,934.5926565377532
455,중구,중림동,2019,987.0927889987762
456,용산구,후암동,2019,1414.0338002401688
457,용산구,용산2가동,2019,766.2267581888246
458,용산구,남영동,2019,1414.0338002401688
459,용산구,청파동,2019,1414.0338002401688
460,용산구,원효로1동,2019,1414.0338002401688
461,용산구,원효로2동,2019,1414.0338002401688
462,용산구,효창동,2019,1414.0338002401688
463,용산구,용문동,2019,1414.0338002401688
464,용산구,한강로동,2019,1414.0338002401688
465,용산구,이촌1동,2019,2736.6306752051364
466,용산구,이촌2동,2019,1414.0338002401688
467,용산구,이태원1동,2019,1414.0338002401688
468,용산구,이태원2동,2019,522.3946039340776
469,용산구,한남동,2019,1630.8831636326368
470,용산구,서빙고동,2019,1414.0338002401688
471,용산구,보광동,2019,1414.0338002401688
472,성동구,왕십리2동,2019,1686.5991695330194
473,성동구,왕십리도선동,2019,1686.5991695330194
474,성동구,마장동,2019,1686.5991695330194
475,성동구,사근동,2019,1686.5991695330194
476,성동구,행당1동,2019,1686.5991695330194
477,성동구,행당2동,2019,1686.5991695330194
478,성동구,응봉동,2019,1686.5991695330194
479,성동구,금호1가동,2019,1686.5991695330194
480,성동구,금호2.3가동,2019,1686.5991695330194
481,성동구,금호4가동,2019,1686.5991695330194
482,성동구,옥수동,2019,1903.378913001276
483,성동구,성수1가1동,2019,1686.5991695330194
484,성동구,성수1가2동,2019,1686.5991695330194
485,성동구,성수2가1동,2019,1686.5991695330194
486,성동구,성수2가3동,2019,1686.5991695330194
487,성동구,송정동,2019,1394.825859227872
488,성동구,용답동,2019,1761.5927363699102
489,광진구,화양동,2019,1614.9774041925755
490,광진구,군자동,2019,1614.9774041925755
491,광진구,중곡1동,2019,1614.9774041925755
492,광진구,중곡2동,2019,1614.9774041925755
493,광진구,중곡3동,2019,1614.9774041925755
494,광진구,중곡4동,2019,1614.9774041925755
495,광진구,능동,2019,1614.9774041925755
496,광진구,광장동,2019,624.2735849056604
497,광진구,자양1동,2019,1614.9774041925755
498,광진구,자양2동,2019,1614.9774041925755
499,광진구,자양3동,2019,1614.9774041925755
500,광진구,자양4동,2019,1614.9774041925755
501,광진구,구의1동,2019,1614.9774041925755
502,광진구,구의2동,2019,1614.9774041925755
503,광진구,구의3동,2019,1614.9774041925755
504,동대문구,용신동,2019,2996.858729586936
505,동대문구,제기동,2019,2996.858729586936
506,동대문구,전농1동,2019,2996.858729586936
507,동대문구,전농2동,2019,2996.858729586936
508,동대문구,답십리1동,2019,2996.858729586936
509,동대문구,답십리2동,2019,2996.858729586936
510,동대문구,장안1동,2019,2996.858729586936
511,동대문구,장안2동,2019,2996.858729586936
512,동대문구,청량리동,2019,2996.858729586936
513,동대문구,회기동,2019,2996.858729586936
514,동대문구,휘경1동,2019,2996.858729586936
515,동대문구,휘경2동,2019,2996.858729586936
516,동대문구,이문1동,2019,2996.858729586936
517,동대문구,이문2동,2019,2996.858729586936
518,중랑구,면목2동,2019,1781.4736789976928
519,중랑구,면목4동,2019,1781.4736789976928
520,중랑구,면목5동,2019,1781.4736789976928
521,중랑구,면목본동,2019,1781.4736789976928
522,중랑구,면목7동,2019,1781.4736789976928
523,중랑구,면목3.8동,2019,1781.4736789976928
524,중랑구,상봉1동,2019,1781.4736789976928
525,중랑구,상봉2동,2019,1781.4736789976928
526,중랑구,중화1동,2019,1781.4736789976928
527,중랑구,중화2동,2019,1781.4736789976928
528,중랑구,묵1동,2019,1781.4736789976928
529,중랑구,묵2동,2019,1781.4736789976928
530,중랑구,망우본동,2019,1781.4736789976928
531,중랑구,망우3동,2019,1781.4736789976928
532,중랑구,신내1동,2019,1781.4736789976928
533,중랑구,신내2동,2019,1781.4736789976928
534,성북구,성북동,2019,238.1868055555556
535,성북구,삼선동,2019,1644.2153233628003
536,성북구,동선동,2019,1644.2153233628003
537,성북구,돈암1동,2019,1205.2537822420634
538,성북구,돈암2동,2019,1644.2153233628003
539,성북구,안암동,2019,1644.2153233628003
540,성북구,보문동,2019,1644.2153233628003
541,성북구,정릉1동,2019,1644.2153233628003
542,성북구,정릉2동,2019,1644.2153233628003
543,성북구,정릉3동,2019,3009.7188522674146
544,성북구,정릉4동,2019,1644.2153233628003
545,성북구,길음1동,2019,1644.2153233628003
546,성북구,길음2동,2019,1644.2153233628003
547,성북구,종암동,2019,1644.2153233628003
548,성북구,월곡1동,2019,1644.2153233628003
549,성북구,월곡2동,2019,1451.7789754288365
550,성북구,장위1동,2019,1644.2153233628003
551,성북구,장위2동,2019,2316.138201320132
552,성북구,장위3동,2019,1644.2153233628003
553,성북구,석관동,2019,1644.2153233628003
554,강북구,삼양동,2019,1692.9394221065052
555,강북구,미아동,2019,1692.9394221065052
556,강북구,송중동,2019,1692.9394221065052
557,강북구,송천동,2019,1692.9394221065052
558,강북구,삼각산동,2019,1692.9394221065052
559,강북구,번1동,2019,1692.9394221065052
560,강북구,번2동,2019,1692.9394221065052
561,강북구,번3동,2019,1692.9394221065052
562,강북구,수유1동,2019,1692.9394221065052
563,강북구,수유2동,2019,1692.9394221065052
564,강북구,수유3동,2019,1692.9394221065052
565,강북구,우이동,2019,1692.9394221065052
566,강북구,인수동,2019,1692.9394221065052
567,도봉구,창1동,2019,1013.9010494043291
568,도봉구,창2동,2019,947.4148199445984
569,도봉구,창3동,2019,1013.9010494043291
570,도봉구,창4동,2019,1013.9010494043291
571,도봉구,창5동,2019,1013.9010494043291
572,도봉구,도봉1동,2019,1080.3872788640597
573,도봉구,도봉2동,2019,1013.9010494043291
574,도봉구,쌍문1동,2019,1013.9010494043291
575,도봉구,쌍문2동,2019,1013.9010494043291
576,도봉구,쌍문3동,2019,1013.9010494043291
577,도봉구,쌍문4동,2019,1013.9010494043291
578,도봉구,방학1동,2019,1013.9010494043291
579,도봉구,방학2동,2019,1013.9010494043291
580,도봉구,방학3동,2019,1013.9010494043291
581,노원구,월계1동,2019,1574.20392529841
582,노원구,월계2동,2019,1574.20392529841
583,노원구,월계3동,2019,2521.514571290944
584,노원구,공릉1동,2019,1574.20392529841
585,노원구,공릉2동,2019,1213.8542967624603
586,노원구,하계1동,2019,1574.20392529841
587,노원구,하계2동,2019,1574.20392529841
588,노원구,중계본동,2019,1574.20392529841
589,노원구,중계1동,2019,1574.20392529841
590,노원구,중계4동,2019,1574.20392529841
591,노원구,중계2.3동,2019,1574.20392529841
592,노원구,상계1동,2019,1705.067039106145
593,노원구,상계2동,2019,1574.20392529841
594,노원구,상계3.4동,2019,1574.20392529841
595,노원구,상계5동,2019,1574.20392529841
596,노원구,상계6.7동,2019,856.3797940340909
597,노원구,상계8동,2019,1574.20392529841
598,노원구,상계9동,2019,1574.20392529841
599,노원구,상계10동,2019,1574.20392529841
600,은평구,녹번동,2019,1049.5830413099234
601,은평구,불광1동,2019,1049.5830413099234
602,은평구,불광2동,2019,1049.5830413099234
603,은평구,갈현1동,2019,1049.5830413099234
604,은평구,갈현2동,2019,1049.5830413099234
605,은평구,구산동,2019,806.7349217311234
606,은평구,대조동,2019,1049.5830413099234
607,은평구,응암1동,2019,1049.5830413099234
608,은평구,응암2동,2019,1049.5830413099234
609,은평구,응암3동,2019,1049.5830413099234
610,은평구,역촌동,2019,1049.5830413099234
611,은평구,신사1동,2019,1049.5830413099234
612,은평구,신사2동,2019,1049.5830413099234
613,은평구,증산동,2019,1419.0937316930288
614,은평구,수색동,2019,922.920470505618
615,은평구,진관동,2019,1049.5830413099234
616,서대문구,천연동,2019,1327.1959598441908
617,서대문구,북아현동,2019,1327.1959598441908
618,서대문구,충현동,2019,1327.1959598441908
619,서대문구,신촌동,2019,1371.9324792243767
620,서대문구,연희동,2019,1191.3524224688604
621,서대문구,홍제1동,2019,1327.1959598441908
622,서대문구,홍제3동,2019,1327.1959598441908
623,서대문구,홍제2동,2019,1327.1959598441908
624,서대문구,홍은1동,2019,1327.1959598441908
625,서대문구,홍은2동,2019,1418.3029778393352
626,서대문구,남가좌1동,2019,1327.1959598441908
627,서대문구,남가좌2동,2019,1327.1959598441908
628,서대문구,북가좌1동,2019,1327.1959598441908
629,서대문구,북가좌2동,2019,1327.1959598441908
630,마포구,아현동,2019,3348.5271816340337
631,마포구,공덕동,2019,3348.5271816340337
632,마포구,도화동,2019,3348.5271816340337
633,마포구,용강동,2019,3348.5271816340337
634,마포구,대흥동,2019,3348.5271816340337
635,마포구,염리동,2019,3348.5271816340337
636,마포구,신수동,2019,3348.5271816340337
637,마포구,서강동,2019,3348.5271816340337
638,마포구,서교동,2019,3348.5271816340337
639,마포구,합정동,2019,2895.921219018715
640,마포구,망원1동,2019,3342.2771053958645
641,마포구,망원2동,2019,3348.5271816340337
642,마포구,연남동,2019,3348.5271816340337
643,마포구,성산1동,2019,3348.5271816340337
644,마포구,성산2동,2019,3348.5271816340337
645,마포구,상암동,2019,3807.383220487522
646,양천구,목1동,2019,2008.532296946994
647,양천구,목2동,2019,2008.532296946994
648,양천구,목3동,2019,2008.532296946994
649,양천구,목4동,2019,2008.532296946994
650,양천구,목5동,2019,2008.532296946994
651,양천구,신월1동,2019,2008.532296946994
652,양천구,신월2동,2019,2008.532296946994
653,양천구,신월3동,2019,762.4770948434622
654,양천구,신월4동,2019,2245.089073129252
655,양천구,신월5동,2019,1474.9989316239316
656,양천구,신월6동,2019,2008.532296946994
657,양천구,신월7동,2019,3551.5640881913305
658,양천구,신정1동,2019,2008.532296946994
659,양천구,신정2동,2019,2008.532296946994
660,양천구,신정3동,2019,2008.532296946994
661,양천구,신정4동,2019,2008.532296946994
662,양천구,신정6동,2019,2008.532296946994
663,양천구,신정7동,2019,2008.532296946994
664,강서구,염창동,2019,1290.2413348319124
665,강서구,등촌1동,2019,1290.2413348319124
666,강서구,등촌2동,2019,1290.2413348319124
667,강서구,등촌3동,2019,1290.2413348319124
668,강서구,화곡1동,2019,1290.2413348319124
669,강서구,화곡2동,2019,1290.2413348319124
670,강서구,화곡3동,2019,1290.2413348319124
671,강서구,화곡4동,2019,1290.2413348319124
672,강서구,화곡본동,2019,1290.2413348319124
673,강서구,화곡6동,2019,1290.2413348319124
674,강서구,화곡8동,2019,815.0281422651934
675,강서구,가양1동,2019,1290.2413348319124
676,강서구,가양2동,2019,1290.2413348319124
677,강서구,가양3동,2019,1290.2413348319124
678,강서구,발산1동,2019,1056.6203703703702
679,강서구,우장산동,2019,1290.2413348319124
680,강서구,공항동,2019,507.09398148148153
681,강서구,방화1동,2019,1290.2413348319124
682,강서구,방화2동,2019,2782.2228452106046
683,강서구,방화3동,2019,1290.2413348319124
684,구로구,신도림동,2019,1073.8639396067415
685,구로구,구로1동,2019,797.8643702767523
686,구로구,구로2동,2019,797.8643702767523
687,구로구,구로3동,2019,797.8643702767523
688,구로구,구로4동,2019,797.8643702767523
689,구로구,구로5동,2019,797.8643702767523
690,구로구,가리봉동,2019,797.8643702767523
691,구로구,고척1동,2019,797.8643702767523
692,구로구,고척2동,2019,797.8643702767523
693,구로구,개봉1동,2019,1040.4026019690575
694,구로구,개봉2동,2019,797.8643702767523
695,구로구,개봉3동,2019,560.3060344827586
696,구로구,오류1동,2019,797.8643702767523
697,구로구,오류2동,2019,411.4359984890456
698,구로구,수궁동,2019,797.8643702767523
699,금천구,가산동,2019,1299.9031897038085
700,금천구,독산1동,2019,1397.194798067089
701,금천구,독산2동,2019,1501.1528661503353
702,금천구,독산3동,2019,1501.1528661503353
703,금천구,독산4동,2019,1501.1528661503353
704,금천구,시흥1동,2019,1501.1528661503353
705,금천구,시흥2동,2019,1547.3919362400377
706,금천구,시흥3동,2019,1760.121540590406
707,금천구,시흥4동,2019,1501.1528661503353
708,금천구,시흥5동,2019,1501.1528661503353
709,영등포구,영등포본동,2019,1422.6394908769403
710,영등포구,영등포동,2019,1560.1258925602303
711,영등포구,여의동,2019,1532.3225745966472
712,영등포구,당산1동,2019,1422.6394908769403
713,영등포구,당산2동,2019,1268.9928847081526
714,영등포구,도림동,2019,1422.6394908769403
715,영등포구,문래동,2019,1422.6394908769403
716,영등포구,양평1동,2019,1198.197079870729
717,영등포구,양평2동,2019,1422.6394908769403
718,영등포구,신길1동,2019,1422.6394908769403
719,영등포구,신길3동,2019,1422.6394908769403
720,영등포구,신길4동,2019,1422.6394908769403
721,영등포구,신길5동,2019,1422.6394908769403
722,영등포구,신길6동,2019,1422.6394908769403
723,영등포구,신길7동,2019,1422.6394908769403
724,영등포구,대림1동,2019,1422.6394908769403
725,영등포구,대림2동,2019,1553.5590226489412
726,영등포구,대림3동,2019,1422.6394908769403
727,동작구,노량진1동,2019,1529.687180381218
728,동작구,노량진2동,2019,3361.690040807893
729,동작구,상도1동,2019,3361.690040807893
730,동작구,상도2동,2019,3361.690040807893
731,동작구,상도3동,2019,3361.690040807893
732,동작구,상도4동,2019,3361.690040807893
733,동작구,흑석동,2019,3361.690040807893
734,동작구,사당1동,2019,3361.690040807893
735,동작구,사당2동,2019,5193.692901234568
736,동작구,사당3동,2019,3361.690040807893
737,동작구,사당4동,2019,3361.690040807893
738,동작구,사당5동,2019,3361.690040807893
739,동작구,대방동,2019,3361.690040807893
740,동작구,신대방1동,2019,3361.690040807893
741,동작구,신대방2동,2019,3361.690040807893
742,관악구,보라매동,2019,1182.5524407410269
743,관악구,청림동,2019,1182.5524407410269
744,관악구,성현동,2019,1182.5524407410269
745,관악구,행운동,2019,2020.1937432138975
746,관악구,낙성대동,2019,1182.5524407410269
747,관악구,청룡동,2019,1182.5524407410269
748,관악구,은천동,2019,1182.5524407410269
749,관악구,중앙동,2019,1182.5524407410269
750,관악구,인헌동,2019,1182.5524407410269
751,관악구,남현동,2019,1182.5524407410269
752,관악구,서원동,2019,1182.5524407410269
753,관악구,신원동,2019,1182.5524407410269
754,관악구,서림동,2019,1182.5524407410269
755,강남구,신사동,2019,4161.535697057405
756,관악구,신림동,2019,344.91113826815644
757,관악구,난향동,2019,1182.5524407410269
758,관악구,조원동,2019,1182.5524407410269
759,관악구,대학동,2019,1182.5524407410269
760,관악구,삼성동,2019,1182.5524407410269
761,관악구,미성동,2019,1182.5524407410269
762,관악구,난곡동,2019,1182.5524407410269
763,강남구,신사동,2019,4161.535697057405
764,강남구,논현1동,2019,1500.9610366713682
765,강남구,논현2동,2019,2008.1567704420304
766,강남구,압구정동,2019,2008.1567704420304
767,강남구,청담동,2019,2643.662695590327
768,강남구,삼성1동,2019,1457.2351892822026
769,강남구,삼성2동,2019,2008.1567704420304
770,강남구,대치1동,2019,2008.1567704420304
771,강남구,대치2동,2019,2008.1567704420304
772,강남구,대치4동,2019,2008.1567704420304
773,강남구,역삼1동,2019,1159.8301643192488
774,강남구,역삼2동,2019,2008.1567704420304
775,강남구,도곡1동,2019,2008.1567704420304
776,강남구,도곡2동,2019,1237.186735778841
777,강남구,개포1동,2019,2008.1567704420304
778,강남구,개포2동,2019,2008.1567704420304
779,강남구,개포4동,2019,2008.1567704420304
780,강남구,세곡동,2019,1054.5107409068496
781,강남구,일원본동,2019,2008.1567704420304
782,강남구,일원1동,2019,2034.8960687382296
783,강남구,일원2동,2019,2008.1567704420304
784,강남구,수서동,2019,2008.1567704420304
785,서초구,서초1동,2019,2115.186730476238
786,서초구,서초2동,2019,2115.186730476238
787,서초구,서초3동,2019,1503.6856913258523
788,서초구,서초4동,2019,2115.186730476238
789,서초구,잠원동,2019,2115.186730476238
790,서초구,반포본동,2019,2115.186730476238
791,서초구,반포1동,2019,2115.186730476238
792,서초구,반포2동,2019,2018.068241003788
793,서초구,반포3동,2019,436.28636363636366
794,서초구,반포4동,2019,1816.1753194888176
795,서초구,방배본동,2019,1832.5972222222224
796,서초구,방배1동,2019,2115.186730476238
797,서초구,방배2동,2019,1298.455081300813
798,서초구,방배3동,2019,1846.2444289693597
799,서초구,방배4동,2019,2115.186730476238
800,서초구,양재1동,2019,2115.186730476238
801,서초구,양재2동,2019,4043.871358643744
802,서초구,내곡동,2019,2115.186730476238
803,송파구,풍납1동,2019,1675.7228260869565
804,송파구,풍납2동,2019,1494.8087648810513
805,송파구,거여1동,2019,1494.8087648810513
806,송파구,거여2동,2019,1494.8087648810513
807,송파구,마천1동,2019,1494.8087648810513
808,송파구,마천2동,2019,1494.8087648810513
809,송파구,방이1동,2019,1494.8087648810513
810,송파구,방이2동,2019,1494.8087648810513
811,송파구,오륜동,2019,1494.8087648810513
812,송파구,오금동,2019,1494.8087648810513
813,송파구,송파1동,2019,1494.8087648810513
814,송파구,송파2동,2019,1597.4733844723385
815,송파구,석촌동,2019,1494.8087648810513
816,송파구,삼전동,2019,1494.8087648810513
817,송파구,가락본동,2019,1494.8087648810513
818,송파구,가락1동,2019,1494.8087648810513
819,송파구,가락2동,2019,1494.8087648810513
820,송파구,문정1동,2019,1494.8087648810513
821,송파구,문정2동,2019,1753.8147779135516
822,송파구,장지동,2019,1494.8087648810513
823,송파구,위례동,2019,1494.8087648810513
824,송파구,잠실본동,2019,1494.8087648810513
825,송파구,잠실2동,2019,1494.8087648810513
826,송파구,잠실3동,2019,1494.8087648810513
827,송파구,잠실4동,2019,1494.8087648810513
828,송파구,잠실6동,2019,1676.864166060615
829,송파구,잠실7동,2019,770.1686698717949
830,강동구,강일동,2019,2035.9121531774588
831,강동구,상일동,2019,2035.9121531774588
832,강동구,명일1동,2019,2035.9121531774588
833,강동구,명일2동,2019,2035.9121531774588
834,강동구,고덕1동,2019,2035.9121531774588
835,강동구,고덕2동,2019,4127.817653673164
836,강동구,암사1동,2019,2035.9121531774588
837,강동구,암사2동,2019,2035.9121531774588
838,강동구,암사3동,2019,2035.9121531774588
839,강동구,천호1동,2019,2035.9121531774588
840,강동구,천호2동,2019,326.9491556534508
841,강동구,천호3동,2019,2035.9121531774588
842,강동구,성내1동,2019,2035.9121531774588
843,강동구,성내2동,2019,2035.9121531774588
844,강동구,성내3동,2019,2035.9121531774588
845,강동구,길동,2019,2035.9121531774588
846,강동구,둔촌1동,2019,2035.9121531774588
847,강동구,둔촌2동,2019,2035.9121531774588
848,종로구,청운효자동,2020,568.0508875057631
849,종로구,사직동,2020,906.801231884058
850,종로구,삼청동,2020,895.264769666301
851,종로구,부암동,2020,895.264769666301
852,종로구,평창동,2020,847.2462297091146
853,종로구,무악동,2020,895.264769666301
854,종로구,교남동,2020,1344.513345410628
855,종로구,가회동,2020,895.264769666301
856,종로구,종로1.2.3.4가동,2020,958.7258691182564
857,종로구,종로5.6가동,2020,895.264769666301
858,종로구,이화동,2020,732.0843277645187
859,종로구,혜화동,2020,771.4353938979964
860,종로구,창신1동,2020,895.264769666301
861,종로구,창신2동,2020,895.264769666301
862,종로구,창신3동,2020,895.264769666301
863,종로구,숭인1동,2020,895.264769666301
864,종로구,숭인2동,2020,1033.2608720400729
865,중구,소공동,2020,862.7282794909447
866,중구,회현동,2020,457.1854157465005
867,중구,명동,2020,939.8655733471076
868,중구,필동,2020,881.0706500768116
869,중구,장충동,2020,945.7906359746772
870,중구,광희동,2020,881.0706500768116
871,중구,을지로동,2020,881.0706500768116
872,중구,신당동,2020,881.0706500768116
873,중구,다산동,2020,881.0706500768116
874,중구,약수동,2020,1216.853085154827
875,중구,청구동,2020,881.0706500768116
876,중구,신당5동,2020,881.0706500768116
877,중구,동화동,2020,881.0706500768116
878,중구,황학동,2020,864.0009107468123
879,중구,중림동,2020,881.0706500768116
880,용산구,후암동,2020,1275.0276056708435
881,용산구,용산2가동,2020,643.7534133709981
882,용산구,남영동,2020,1275.0276056708435
883,용산구,청파동,2020,1275.0276056708435
884,용산구,원효로1동,2020,1275.0276056708435
885,용산구,원효로2동,2020,1275.0276056708435
886,용산구,효창동,2020,1275.0276056708435
887,용산구,용문동,2020,1275.0276056708435
888,용산구,한강로동,2020,1275.0276056708435
889,용산구,이촌1동,2020,2575.508214683677
890,용산구,이촌2동,2020,1275.0276056708435
891,용산구,이태원1동,2020,1275.0276056708435
892,용산구,이태원2동,2020,392.76681286549706
893,용산구,한남동,2020,1488.081981763202
894,용산구,서빙고동,2020,1275.0276056708435
895,용산구,보광동,2020,1275.0276056708435
896,성동구,왕십리2동,2020,1570.3825471390712
897,성동구,왕십리도선동,2020,1570.3825471390712
898,성동구,마장동,2020,1570.3825471390712
899,성동구,사근동,2020,1570.3825471390712
900,성동구,행당1동,2020,1570.3825471390712
901,성동구,행당2동,2020,1570.3825471390712
902,성동구,응봉동,2020,1570.3825471390712
903,성동구,금호1가동,2020,1570.3825471390712
904,성동구,금호2.3가동,2020,1570.3825471390712
905,성동구,금호4가동,2020,1570.3825471390712
906,성동구,옥수동,2020,1764.1160629840372
907,성동구,성수1가1동,2020,1570.3825471390712
908,성동구,성수1가2동,2020,1570.3825471390712
909,성동구,성수2가1동,2020,1570.3825471390712
910,성동구,성수2가3동,2020,1570.3825471390712
911,성동구,송정동,2020,1339.2278130885122
912,성동구,용답동,2020,1607.8037653446647
913,광진구,화양동,2020,1496.2288510101012
914,광진구,군자동,2020,1496.2288510101012
915,광진구,중곡1동,2020,1496.2288510101012
916,광진구,중곡2동,2020,1496.2288510101012
917,광진구,중곡3동,2020,1496.2288510101012
918,광진구,중곡4동,2020,1496.2288510101012
919,광진구,능동,2020,1496.2288510101012
920,광진구,광장동,2020,552.7856404958678
921,광진구,자양1동,2020,1496.2288510101012
922,광진구,자양2동,2020,1496.2288510101012
923,광진구,자양3동,2020,1496.2288510101012
924,광진구,자양4동,2020,1496.2288510101012
925,광진구,구의1동,2020,1496.2288510101012
926,광진구,구의2동,2020,1496.2288510101012
927,광진구,구의3동,2020,1496.2288510101012
928,동대문구,용신동,2020,2866.8822362278247
929,동대문구,제기동,2020,2866.8822362278247
930,동대문구,전농1동,2020,2866.8822362278247
931,동대문구,전농2동,2020,2866.8822362278247
932,동대문구,답십리1동,2020,2866.8822362278247
933,동대문구,답십리2동,2020,2866.8822362278247
934,동대문구,장안1동,2020,2866.8822362278247
935,동대문구,장안2동,2020,2866.8822362278247
936,동대문구,청량리동,2020,2866.8822362278247
937,동대문구,회기동,2020,2866.8822362278247
938,동대문구,휘경1동,2020,2866.8822362278247
939,동대문구,휘경2동,2020,2866.8822362278247
940,동대문구,이문1동,2020,2866.8822362278247
941,동대문구,이문2동,2020,2866.8822362278247
942,중랑구,면목2동,2020,1673.872624952629
943,중랑구,면목4동,2020,1673.872624952629
944,중랑구,면목5동,2020,1673.872624952629
945,중랑구,면목본동,2020,1673.872624952629
946,중랑구,면목7동,2020,1673.872624952629
947,중랑구,면목3.8동,2020,1673.872624952629
948,중랑구,상봉1동,2020,1673.872624952629
949,중랑구,상봉2동,2020,1673.872624952629
950,중랑구,중화1동,2020,1673.872624952629
951,중랑구,중화2동,2020,1673.872624952629
952,중랑구,묵1동,2020,1673.872624952629
953,중랑구,묵2동,2020,1673.872624952629
954,중랑구,망우본동,2020,1673.872624952629
955,중랑구,망우3동,2020,1673.872624952629
956,중랑구,신내1동,2020,1673.872624952629
957,중랑구,신내2동,2020,1673.872624952629
958,성북구,성북동,2020,221.78394001831504
959,성북구,삼선동,2020,1564.455008526179
960,성북구,동선동,2020,1564.455008526179
961,성북구,돈암1동,2020,1140.3602285395764
962,성북구,돈암2동,2020,1564.455008526179
963,성북구,안암동,2020,1564.455008526179
964,성북구,보문동,2020,1564.455008526179
965,성북구,정릉1동,2020,1564.455008526179
966,성북구,정릉2동,2020,1564.455008526179
967,성북구,정릉3동,2020,2846.3724102209944
968,성북구,정릉4동,2020,1564.455008526179
969,성북구,길음1동,2020,1564.455008526179
970,성북구,길음2동,2020,1564.455008526179
971,성북구,종암동,2020,1564.455008526179
972,성북구,월곡1동,2020,1564.455008526179
973,성북구,월곡2동,2020,1409.5050683639793
974,성북구,장위1동,2020,1564.455008526179
975,성북구,장위2동,2020,2204.2533954880296
976,성북구,장위3동,2020,1564.455008526179
977,성북구,석관동,2020,1564.455008526179
978,강북구,삼양동,2020,1598.0797749821922
979,강북구,미아동,2020,1598.0797749821922
980,강북구,송중동,2020,1598.0797749821922
981,강북구,송천동,2020,1598.0797749821922
982,강북구,삼각산동,2020,1598.0797749821922
983,강북구,번1동,2020,1598.0797749821922
984,강북구,번2동,2020,1598.0797749821922
985,강북구,번3동,2020,1598.0797749821922
986,강북구,수유1동,2020,1598.0797749821922
987,강북구,수유2동,2020,1598.0797749821922
988,강북구,수유3동,2020,1598.0797749821922
989,강북구,우이동,2020,1598.0797749821922
990,강북구,인수동,2020,1598.0797749821922
991,도봉구,창1동,2020,970.4448428961748
992,도봉구,창2동,2020,899.1610883424407
993,도봉구,창3동,2020,970.4448428961748
994,도봉구,창4동,2020,970.4448428961748
995,도봉구,창5동,2020,970.4448428961748
996,도봉구,도봉1동,2020,1041.7285974499089
997,도봉구,도봉2동,2020,970.4448428961748
998,도봉구,쌍문1동,2020,970.4448428961748
999,도봉구,쌍문2동,2020,970.4448428961748
1000,도봉구,쌍문3동,2020,970.4448428961748
1001,도봉구,쌍문4동,2020,970.4448428961748
1002,도봉구,방학1동,2020,970.4448428961748
1003,도봉구,방학2동,2020,970.4448428961748
1004,도봉구,방학3동,2020,970.4448428961748
1005,노원구,월계1동,2020,1501.9234326136118
1006,노원구,월계2동,2020,1501.9234326136118
1007,노원구,월계3동,2020,2429.560054219708
1008,노원구,공릉1동,2020,1501.9234326136118
1009,노원구,공릉2동,2020,1169.431719987861
1010,노원구,하계1동,2020,1501.9234326136118
1011,노원구,하계2동,2020,1501.9234326136118
1012,노원구,중계본동,2020,1501.9234326136118
1013,노원구,중계1동,2020,1501.9234326136118
1014,노원구,중계4동,2020,1501.9234326136118
1015,노원구,중계2.3동,2020,1501.9234326136118
1016,노원구,상계1동,2020,1634.6124084249084
1017,노원구,상계2동,2020,1501.9234326136118
1018,노원구,상계3.4동,2020,1501.9234326136118
1019,노원구,상계5동,2020,1501.9234326136118
1020,노원구,상계6.7동,2020,774.0895478219696
1021,노원구,상계8동,2020,1501.9234326136118
1022,노원구,상계9동,2020,1501.9234326136118
1023,노원구,상계10동,2020,1501.9234326136118
1024,은평구,녹번동,2020,1045.9301908677023
1025,은평구,불광1동,2020,1045.9301908677023
1026,은평구,불광2동,2020,1045.9301908677023
1027,은평구,갈현1동,2020,1045.9301908677023
1028,은평구,갈현2동,2020,1045.9301908677023
1029,은평구,구산동,2020,827.4246357012751
1030,은평구,대조동,2020,1045.9301908677023
1031,은평구,응암1동,2020,1045.9301908677023
1032,은평구,응암2동,2020,1045.9301908677023
1033,은평구,응암3동,2020,1045.9301908677023
1034,은평구,역촌동,2020,1045.9301908677023
1035,은평구,신사1동,2020,1045.9301908677023
1036,은평구,신사2동,2020,1045.9301908677023
1037,은평구,증산동,2020,1361.2062801932368
1038,은평구,수색동,2020,949.1596567085952
1039,은평구,진관동,2020,1045.9301908677023
1040,서대문구,천연동,2020,1234.9658073836383
1041,서대문구,북아현동,2020,1234.9658073836383
1042,서대문구,충현동,2020,1234.9658073836383
1043,서대문구,신촌동,2020,1228.5364867941712
1044,서대문구,연희동,2020,1081.638863633318
1045,서대문구,홍제1동,2020,1234.9658073836383
1046,서대문구,홍제3동,2020,1234.9658073836383
1047,서대문구,홍제2동,2020,1234.9658073836383
1048,서대문구,홍은1동,2020,1234.9658073836383
1049,서대문구,홍은2동,2020,1394.7220717234263
1050,서대문구,남가좌1동,2020,1234.9658073836383
1051,서대문구,남가좌2동,2020,1234.9658073836383
1052,서대문구,북가좌1동,2020,1234.9658073836383
1053,서대문구,북가좌2동,2020,1234.9658073836383
1054,마포구,아현동,2020,3148.2123273672264
1055,마포구,공덕동,2020,3148.2123273672264
1056,마포구,도화동,2020,3148.2123273672264
1057,마포구,용강동,2020,3148.2123273672264
1058,마포구,대흥동,2020,3148.2123273672264
1059,마포구,염리동,2020,3148.2123273672264
1060,마포구,신수동,2020,3148.2123273672264
1061,마포구,서강동,2020,3148.2123273672264
1062,마포구,서교동,2020,3148.2123273672264
1063,마포구,합정동,2020,2840.918790174472
1064,마포구,망원1동,2020,3010.1856747230618
1065,마포구,망원2동,2020,3148.2123273672264
1066,마포구,연남동,2020,3148.2123273672264
1067,마포구,성산1동,2020,3148.2123273672264
1068,마포구,성산2동,2020,3148.2123273672264
1069,마포구,상암동,2020,3593.532517204146
1070,양천구,목1동,2020,1953.274881553104
1071,양천구,목2동,2020,1953.274881553104
1072,양천구,목3동,2020,1953.274881553104
1073,양천구,목4동,2020,1953.274881553104
1074,양천구,목5동,2020,1953.274881553104
1075,양천구,신월1동,2020,1953.274881553104
1076,양천구,신월2동,2020,1953.274881553104
1077,양천구,신월3동,2020,721.9196765816808
1078,양천구,신월4동,2020,2213.6319145114944
1079,양천구,신월5동,2020,1439.276172529313
1080,양천구,신월6동,2020,1953.274881553104
1081,양천구,신월7동,2020,3438.271762589928
1082,양천구,신정1동,2020,1953.274881553104
1083,양천구,신정2동,2020,1953.274881553104
1084,양천구,신정3동,2020,1953.274881553104
1085,양천구,신정4동,2020,1953.274881553104
1086,양천구,신정6동,2020,1953.274881553104
1087,양천구,신정7동,2020,1953.274881553104
1088,강서구,염창동,2020,1225.2878894990795
1089,강서구,등촌1동,2020,1225.2878894990795
1090,강서구,등촌2동,2020,1225.2878894990795
1091,강서구,등촌3동,2020,1225.2878894990795
1092,강서구,화곡1동,2020,1225.2878894990795
1093,강서구,화곡2동,2020,1225.2878894990795
1094,강서구,화곡3동,2020,1225.2878894990795
1095,강서구,화곡4동,2020,1225.2878894990795
1096,강서구,화곡본동,2020,1225.2878894990795
1097,강서구,화곡6동,2020,1225.2878894990795
1098,강서구,화곡8동,2020,774.3117349340866
1099,강서구,가양1동,2020,1225.2878894990795
1100,강서구,가양2동,2020,1225.2878894990795
1101,강서구,가양3동,2020,1225.2878894990795
1102,강서구,발산1동,2020,954.8357800805986
1103,강서구,우장산동,2020,1225.2878894990795
1104,강서구,공항동,2020,449.089519650655
1105,강서구,방화1동,2020,1225.2878894990795
1106,강서구,방화2동,2020,2722.9145233309773
1107,강서구,방화3동,2020,1225.2878894990795
1108,구로구,신도림동,2020,1014.7257045675414
1109,구로구,구로1동,2020,749.5075319997043
1110,구로구,구로2동,2020,749.5075319997043
1111,구로구,구로3동,2020,749.5075319997043
1112,구로구,구로4동,2020,749.5075319997043
1113,구로구,구로5동,2020,749.5075319997043
1114,구로구,가리봉동,2020,749.5075319997043
1115,구로구,고척1동,2020,749.5075319997043
1116,구로구,고척2동,2020,749.5075319997043
1117,구로구,개봉1동,2020,965.6755523535064
1118,구로구,개봉2동,2020,749.5075319997043
1119,구로구,개봉3동,2020,499.1208398335933
1120,구로구,오류1동,2020,749.5075319997043
1121,구로구,오류2동,2020,387.3952877429698
1122,구로구,수궁동,2020,749.5075319997043
1123,금천구,가산동,2020,1201.3268115500098
1124,금천구,독산1동,2020,1323.3582612925286
1125,금천구,독산2동,2020,1440.7656783176217
1126,금천구,독산3동,2020,1440.7656783176217
1127,금천구,독산4동,2020,1440.7656783176217
1128,금천구,시흥1동,2020,1440.7656783176217
1129,금천구,시흥2동,2020,1621.9653747672253
1130,금천구,시흥3동,2020,1616.4122656607226
1131,금천구,시흥4동,2020,1440.7656783176217
1132,금천구,시흥5동,2020,1440.7656783176217
1133,영등포구,영등포본동,2020,1296.7935244776256
1134,영등포구,영등포동,2020,1414.5032693452758
1135,영등포구,여의동,2020,1370.3612265654897
1136,영등포구,당산1동,2020,1296.7935244776256
1137,영등포구,당산2동,2020,1139.6907863849765
1138,영등포구,도림동,2020,1296.7935244776256
1139,영등포구,문래동,2020,1296.7935244776256
1140,영등포구,양평1동,2020,1127.2182084607543
1141,영등포구,양평2동,2020,1296.7935244776256
1142,영등포구,신길1동,2020,1296.7935244776256
1143,영등포구,신길3동,2020,1296.7935244776256
1144,영등포구,신길4동,2020,1296.7935244776256
1145,영등포구,신길5동,2020,1296.7935244776256
1146,영등포구,신길6동,2020,1296.7935244776256
1147,영등포구,신길7동,2020,1296.7935244776256
1148,영등포구,대림1동,2020,1296.7935244776256
1149,영등포구,대림2동,2020,1432.1941316316315
1150,영등포구,대림3동,2020,1296.7935244776256
1151,동작구,노량진1동,2020,1431.7939018798716
1152,동작구,노량진2동,2020,3183.427860138608
1153,동작구,상도1동,2020,3183.427860138608
1154,동작구,상도2동,2020,3183.427860138608
1155,동작구,상도3동,2020,3183.427860138608
1156,동작구,상도4동,2020,3183.427860138608
1157,동작구,흑석동,2020,3183.427860138608
1158,동작구,사당1동,2020,3183.427860138608
1159,동작구,사당2동,2020,4935.061818397345
1160,동작구,사당3동,2020,3183.427860138608
1161,동작구,사당4동,2020,3183.427860138608
1162,동작구,사당5동,2020,3183.427860138608
1163,동작구,대방동,2020,3183.427860138608
1164,동작구,신대방1동,2020,3183.427860138608
1165,동작구,신대방2동,2020,3183.427860138608
1166,관악구,보라매동,2020,1118.7459612750793
1167,관악구,청림동,2020,1118.7459612750793
1168,관악구,성현동,2020,1118.7459612750793
1169,관악구,행운동,2020,1915.5404094827584
1170,관악구,낙성대동,2020,1118.7459612750793
1171,관악구,청룡동,2020,1118.7459612750793
1172,관악구,은천동,2020,1118.7459612750793
1173,관악구,중앙동,2020,1118.7459612750793
1174,관악구,인헌동,2020,1118.7459612750793
1175,관악구,남현동,2020,1118.7459612750793
1176,관악구,서원동,2020,1118.7459612750793
1177,관악구,신원동,2020,1118.7459612750793
1178,관악구,서림동,2020,1118.7459612750793
1179,강남구,신사동,2020,3717.75176056338
1180,관악구,신림동,2020,321.9515130674003
1181,관악구,난향동,2020,1118.7459612750793
1182,관악구,조원동,2020,1118.7459612750793
1183,관악구,대학동,2020,1118.7459612750793
1184,관악구,삼성동,2020,1118.7459612750793
1185,관악구,미성동,2020,1118.7459612750793
1186,관악구,난곡동,2020,1118.7459612750793
1187,강남구,신사동,2020,3717.75176056338
1188,강남구,논현1동,2020,1370.2395539906104
1189,강남구,논현2동,2020,1865.1210659893068
1190,강남구,압구정동,2020,1865.1210659893068
1191,강남구,청담동,2020,2534.521351289134
1192,강남구,삼성1동,2020,1277.944885361552
1193,강남구,삼성2동,2020,1865.1210659893068
1194,강남구,대치1동,2020,1865.1210659893068
1195,강남구,대치2동,2020,1865.1210659893068
1196,강남구,대치4동,2020,1865.1210659893068
1197,강남구,역삼1동,2020,1068.2857060981205
1198,강남구,역삼2동,2020,1865.1210659893068
1199,강남구,도곡1동,2020,1865.1210659893068
1200,강남구,도곡2동,2020,1159.8090329835084
1201,강남구,개포1동,2020,1865.1210659893068
1202,강남구,개포2동,2020,1865.1210659893068
1203,강남구,개포4동,2020,1865.1210659893068
1204,강남구,세곡동,2020,1009.0597906959392
1205,강남구,일원본동,2020,1865.1210659893068
1206,강남구,일원1동,2020,1884.5801083591327
1207,강남구,일원2동,2020,1865.1210659893068
1208,강남구,수서동,2020,1865.1210659893068
1209,서초구,서초1동,2020,1992.3937451305983
1210,서초구,서초2동,2020,1992.3937451305983
1211,서초구,서초3동,2020,1459.942473635467
1212,서초구,서초4동,2020,1992.3937451305983
1213,서초구,잠원동,2020,1992.3937451305983
1214,서초구,반포본동,2020,1992.3937451305983
1215,서초구,반포1동,2020,1992.3937451305983
1216,서초구,반포2동,2020,1854.000982431808
1217,서초구,반포3동,2020,437.8393874643874
1218,서초구,반포4동,2020,1683.6223360655738
1219,서초구,방배본동,2020,1702.6138850093112
1220,서초구,방배1동,2020,1992.3937451305983
1221,서초구,방배2동,2020,1289.5922519509477
1222,서초구,방배3동,2020,1708.319520547945
1223,서초구,방배4동,2020,1992.3937451305983
1224,서초구,양재1동,2020,1992.3937451305983
1225,서초구,양재2동,2020,3822.7348591549294
1226,서초구,내곡동,2020,1992.3937451305983
1227,송파구,풍납1동,2020,1375.0767128279883
1228,송파구,풍납2동,2020,1361.0330877677711
1229,송파구,거여1동,2020,1361.0330877677711
1230,송파구,거여2동,2020,1361.0330877677711
1231,송파구,마천1동,2020,1361.0330877677711
1232,송파구,마천2동,2020,1361.0330877677711
1233,송파구,방이1동,2020,1361.0330877677711
1234,송파구,방이2동,2020,1361.0330877677711
1235,송파구,오륜동,2020,1361.0330877677711
1236,송파구,오금동,2020,1361.0330877677711
1237,송파구,송파1동,2020,1361.0330877677711
1238,송파구,송파2동,2020,1485.402990264256
1239,송파구,석촌동,2020,1361.0330877677711
1240,송파구,삼전동,2020,1361.0330877677711
1241,송파구,가락본동,2020,1361.0330877677711
1242,송파구,가락1동,2020,1361.0330877677711
1243,송파구,가락2동,2020,1361.0330877677711
1244,송파구,문정1동,2020,1361.0330877677711
1245,송파구,문정2동,2020,1628.541539533333
1246,송파구,장지동,2020,1361.0330877677711
1247,송파구,위례동,2020,1361.0330877677711
1248,송파구,잠실본동,2020,1361.0330877677711
1249,송파구,잠실2동,2020,1361.0330877677711
1250,송파구,잠실3동,2020,1361.0330877677711
1251,송파구,잠실4동,2020,1361.0330877677711
1252,송파구,잠실6동,2020,1602.6728605158785
1253,송파구,잠실7동,2020,713.4713356973996
1254,강동구,강일동,2020,2042.9024790259966
1255,강동구,상일동,2020,2042.9024790259966
1256,강동구,명일1동,2020,2042.9024790259966
1257,강동구,명일2동,2020,2042.9024790259966
1258,강동구,고덕1동,2020,2042.9024790259966
1259,강동구,고덕2동,2020,4116.494852228682
1260,강동구,암사1동,2020,2042.9024790259966
1261,강동구,암사2동,2020,2042.9024790259966
1262,강동구,암사3동,2020,2042.9024790259966
1263,강동구,천호1동,2020,2042.9024790259966
1264,강동구,천호2동,2020,334.2778735632184
1265,강동구,천호3동,2020,2042.9024790259966
1266,강동구,성내1동,2020,2042.9024790259966
1267,강동구,성내2동,2020,2042.9024790259966
1268,강동구,성내3동,2020,2042.9024790259966
1269,강동구,길동,2020,2042.9024790259966
1270,강동구,둔촌1동,2020,2042.9024790259966
1271,강동구,둔촌2동,2020,2042.9024790259966
1272,종로구,청운효자동,2021,542.6259703196347
1273,종로구,사직동,2021,923.9578125
1274,종로구,삼청동,2021,861.7456329053902
1275,종로구,부암동,2021,861.7456329053902
1276,종로구,평창동,2021,832.6251903630605
1277,종로구,무악동,2021,861.7456329053902
1278,종로구,교남동,2021,1310.7549725651577
1279,종로구,가회동,2021,861.7456329053902
1280,종로구,종로1.2.3.4가동,2021,920.8498809053046
1281,종로구,종로5.6가동,2021,861.7456329053902
1282,종로구,이화동,2021,613.9718581989248
1283,종로구,혜화동,2021,749.7361754115227
1284,종로구,창신1동,2021,861.7456329053902
1285,종로구,창신2동,2021,861.7456329053902
1286,종로구,창신3동,2021,861.7456329053902
1287,종로구,숭인1동,2021,861.7456329053902
1288,종로구,숭인2동,2021,999.4432029795158
1289,중구,소공동,2021,798.7356024416135
1290,중구,회현동,2021,456.9081619267089
1291,중구,명동,2021,879.4180887278188
1292,중구,필동,2021,842.3141609939834
1293,중구,장충동,2021,930.330150874218
1294,중구,광희동,2021,842.3141609939834
1295,중구,을지로동,2021,842.3141609939834
1296,중구,신당동,2021,842.3141609939834
1297,중구,다산동,2021,842.3141609939834
1298,중구,약수동,2021,1181.5989729225023
1299,중구,청구동,2021,842.3141609939834
1300,중구,신당5동,2021,842.3141609939834
1301,중구,동화동,2021,842.3141609939834
1302,중구,황학동,2021,806.8939890710382
1303,중구,중림동,2021,842.3141609939834
1304,용산구,후암동,2021,1254.4398657046338
1305,용산구,용산2가동,2021,630.2944403353057
1306,용산구,남영동,2021,1254.4398657046338
1307,용산구,청파동,2021,1254.4398657046338
1308,용산구,원효로1동,2021,1254.4398657046338
1309,용산구,원효로2동,2021,1254.4398657046338
1310,용산구,효창동,2021,1254.4398657046338
1311,용산구,용문동,2021,1254.4398657046338
1312,용산구,한강로동,2021,1254.4398657046338
1313,용산구,이촌1동,2021,2521.013845061529
1314,용산구,이촌2동,2021,1254.4398657046338
1315,용산구,이태원1동,2021,1254.4398657046338
1316,용산구,이태원2동,2021,374.56511939571146
1317,용산구,한남동,2021,1491.886058025989
1318,용산구,서빙고동,2021,1254.4398657046338
1319,용산구,보광동,2021,1254.4398657046338
1320,성동구,왕십리2동,2021,1520.0932580959516
1321,성동구,왕십리도선동,2021,1520.0932580959516
1322,성동구,마장동,2021,1520.0932580959516
1323,성동구,사근동,2021,1520.0932580959516
1324,성동구,행당1동,2021,1520.0932580959516
1325,성동구,행당2동,2021,1520.0932580959516
1326,성동구,응봉동,2021,1520.0932580959516
1327,성동구,금호1가동,2021,1520.0932580959516
1328,성동구,금호2.3가동,2021,1520.0932580959516
1329,성동구,금호4가동,2021,1520.0932580959516
1330,성동구,옥수동,2021,1713.4885540009138
1331,성동구,성수1가1동,2021,1520.0932580959516
1332,성동구,성수1가2동,2021,1520.0932580959516
1333,성동구,성수2가1동,2021,1520.0932580959516
1334,성동구,성수2가3동,2021,1520.0932580959516
1335,성동구,송정동,2021,1280.1640046296295
1336,성동구,용답동,2021,1566.6272156573116
1337,광진구,화양동,2021,1453.5644908133054
1338,광진구,군자동,2021,1453.5644908133054
1339,광진구,중곡1동,2021,1453.5644908133054
1340,광진구,중곡2동,2021,1453.5644908133054
1341,광진구,중곡3동,2021,1453.5644908133054
1342,광진구,중곡4동,2021,1453.5644908133054
1343,광진구,능동,2021,1453.5644908133054
1344,광진구,광장동,2021,546.5133207070708
1345,광진구,자양1동,2021,1453.5644908133054
1346,광진구,자양2동,2021,1453.5644908133054
1347,광진구,자양3동,2021,1453.5644908133054
1348,광진구,자양4동,2021,1453.5644908133054
1349,광진구,구의1동,2021,1453.5644908133054
1350,광진구,구의2동,2021,1453.5644908133054
1351,광진구,구의3동,2021,1453.5644908133054
1352,동대문구,용신동,2021,2781.079870892019
1353,동대문구,제기동,2021,2781.079870892019
1354,동대문구,전농1동,2021,2781.079870892019
1355,동대문구,전농2동,2021,2781.079870892019
1356,동대문구,답십리1동,2021,2781.079870892019
1357,동대문구,답십리2동,2021,2781.079870892019
1358,동대문구,장안1동,2021,2781.079870892019
1359,동대문구,장안2동,2021,2781.079870892019
1360,동대문구,청량리동,2021,2781.079870892019
1361,동대문구,회기동,2021,2781.079870892019
1362,동대문구,휘경1동,2021,2781.079870892019
1363,동대문구,휘경2동,2021,2781.079870892019
1364,동대문구,이문1동,2021,2781.079870892019
1365,동대문구,이문2동,2021,2781.079870892019
1366,중랑구,면목2동,2021,1675.7109560667736
1367,중랑구,면목4동,2021,1675.7109560667736
1368,중랑구,면목5동,2021,1675.7109560667736
1369,중랑구,면목본동,2021,1675.7109560667736
1370,중랑구,면목7동,2021,1675.7109560667736
1371,중랑구,면목3.8동,2021,1675.7109560667736
1372,중랑구,상봉1동,2021,1675.7109560667736
1373,중랑구,상봉2동,2021,1675.7109560667736
1374,중랑구,중화1동,2021,1675.7109560667736
1375,중랑구,중화2동,2021,1675.7109560667736
1376,중랑구,묵1동,2021,1675.7109560667736
1377,중랑구,묵2동,2021,1675.7109560667736
1378,중랑구,망우본동,2021,1675.7109560667736
1379,중랑구,망우3동,2021,1675.7109560667736
1380,중랑구,신내1동,2021,1675.7109560667736
1381,중랑구,신내2동,2021,1675.7109560667736
1382,성북구,성북동,2021,227.9796111901375
1383,성북구,삼선동,2021,1537.7139803267796
1384,성북구,동선동,2021,1537.7139803267796
1385,성북구,돈암1동,2021,1108.9763084349595
1386,성북구,돈암2동,2021,1537.7139803267796
1387,성북구,안암동,2021,1537.7139803267796
1388,성북구,보문동,2021,1537.7139803267796
1389,성북구,정릉1동,2021,1537.7139803267796
1390,성북구,정릉2동,2021,1537.7139803267796
1391,성북구,정릉3동,2021,2817.740714948932
1392,성북구,정릉4동,2021,1537.7139803267796
1393,성북구,길음1동,2021,1537.7139803267796
1394,성북구,길음2동,2021,1537.7139803267796
1395,성북구,종암동,2021,1537.7139803267796
1396,성북구,월곡1동,2021,1537.7139803267796
1397,성북구,월곡2동,2021,1371.1664383561645
1398,성북구,장위1동,2021,1537.7139803267796
1399,성북구,장위2동,2021,2162.706828703704
1400,성북구,장위3동,2021,1537.7139803267796
1401,성북구,석관동,2021,1537.7139803267796
1402,강북구,삼양동,2021,1576.54021077534
1403,강북구,미아동,2021,1576.54021077534
1404,강북구,송중동,2021,1576.54021077534
1405,강북구,송천동,2021,1576.54021077534
1406,강북구,삼각산동,2021,1576.54021077534
1407,강북구,번1동,2021,1576.54021077534
1408,강북구,번2동,2021,1576.54021077534
1409,강북구,번3동,2021,1576.54021077534
1410,강북구,수유1동,2021,1576.54021077534
1411,강북구,수유2동,2021,1576.54021077534
1412,강북구,수유3동,2021,1576.54021077534
1413,강북구,우이동,2021,1576.54021077534
1414,강북구,인수동,2021,1576.54021077534
1415,도봉구,창1동,2021,928.9256658684717
1416,도봉구,창2동,2021,858.5485159817351
1417,도봉구,창3동,2021,928.9256658684717
1418,도봉구,창4동,2021,928.9256658684717
1419,도봉구,창5동,2021,928.9256658684717
1420,도봉구,도봉1동,2021,999.3028157552084
1421,도봉구,도봉2동,2021,928.9256658684717
1422,도봉구,쌍문1동,2021,928.9256658684717
1423,도봉구,쌍문2동,2021,928.9256658684717
1424,도봉구,쌍문3동,2021,928.9256658684717
1425,도봉구,쌍문4동,2021,928.9256658684717
1426,도봉구,방학1동,2021,928.9256658684717
1427,도봉구,방학2동,2021,928.9256658684717
1428,도봉구,방학3동,2021,928.9256658684717
1429,노원구,월계1동,2021,1533.355549143474
1430,노원구,월계2동,2021,1533.355549143474
1431,노원구,월계3동,2021,2477.522329650092
1432,노원구,공릉1동,2021,1533.355549143474
1433,노원구,공릉2동,2021,1160.7848109992165
1434,노원구,하계1동,2021,1533.355549143474
1435,노원구,하계2동,2021,1533.355549143474
1436,노원구,중계본동,2021,1533.355549143474
1437,노원구,중계1동,2021,1533.355549143474
1438,노원구,중계4동,2021,1533.355549143474
1439,노원구,중계2.3동,2021,1533.355549143474
1440,노원구,상계1동,2021,1746.7916076487252
1441,노원구,상계2동,2021,1533.355549143474
1442,노원구,상계3.4동,2021,1533.355549143474
1443,노원구,상계5동,2021,1533.355549143474
1444,노원구,상계6.7동,2021,748.3234482758621
1445,노원구,상계8동,2021,1533.355549143474
1446,노원구,상계9동,2021,1533.355549143474
1447,노원구,상계10동,2021,1533.355549143474
1448,은평구,녹번동,2021,1060.0595545722551
1449,은평구,불광1동,2021,1060.0595545722551
1450,은평구,불광2동,2021,1060.0595545722551
1451,은평구,갈현1동,2021,1060.0595545722551
1452,은평구,갈현2동,2021,1060.0595545722551
1453,은평구,구산동,2021,853.7026826484018
1454,은평구,대조동,2021,1060.0595545722551
1455,은평구,응암1동,2021,1060.0595545722551
1456,은평구,응암2동,2021,1060.0595545722551
1457,은평구,응암3동,2021,1060.0595545722551
1458,은평구,역촌동,2021,1060.0595545722551
1459,은평구,신사1동,2021,1060.0595545722551
1460,은평구,신사2동,2021,1060.0595545722551
1461,은평구,증산동,2021,1322.8024759793052
1462,은평구,수색동,2021,1003.6735050890584
1463,은평구,진관동,2021,1060.0595545722551
1464,서대문구,천연동,2021,1204.0688416008152
1465,서대문구,북아현동,2021,1204.0688416008152
1466,서대문구,충현동,2021,1204.0688416008152
1467,서대문구,신촌동,2021,1178.5337224383918
1468,서대문구,연희동,2021,1056.0973519136032
1469,서대문구,홍제1동,2021,1204.0688416008152
1470,서대문구,홍제3동,2021,1204.0688416008152
1471,서대문구,홍제2동,2021,1204.0688416008152
1472,서대문구,홍은1동,2021,1204.0688416008152
1473,서대문구,홍은2동,2021,1377.5754504504505
1474,서대문구,남가좌1동,2021,1204.0688416008152
1475,서대문구,남가좌2동,2021,1204.0688416008152
1476,서대문구,북가좌1동,2021,1204.0688416008152
1477,서대문구,북가좌2동,2021,1204.0688416008152
1478,마포구,아현동,2021,3071.2994872652234
1479,마포구,공덕동,2021,3071.2994872652234
1480,마포구,도화동,2021,3071.2994872652234
1481,마포구,용강동,2021,3071.2994872652234
1482,마포구,대흥동,2021,3071.2994872652234
1483,마포구,염리동,2021,3071.2994872652234
1484,마포구,신수동,2021,3071.2994872652234
1485,마포구,서강동,2021,3071.2994872652234
1486,마포구,서교동,2021,3071.2994872652234
1487,마포구,합정동,2021,2613.486170465337
1488,마포구,망원1동,2021,3035.74490508096
1489,마포구,망원2동,2021,3071.2994872652234
1490,마포구,연남동,2021,3071.2994872652234
1491,마포구,성산1동,2021,3071.2994872652234
1492,마포구,성산2동,2021,3071.2994872652234
1493,마포구,상암동,2021,3564.667386249372
1494,양천구,목1동,2021,1978.9417056610823
1495,양천구,목2동,2021,1978.9417056610823
1496,양천구,목3동,2021,1978.9417056610823
1497,양천구,목4동,2021,1978.9417056610823
1498,양천구,목5동,2021,1978.9417056610823
1499,양천구,신월1동,2021,1978.9417056610823
1500,양천구,신월2동,2021,1978.9417056610823
1501,양천구,신월3동,2021,714.8756313131313
1502,양천구,신월4동,2021,2163.031124497992
1503,양천구,신월5동,2021,1428.663068709378
1504,양천구,신월6동,2021,1978.9417056610823
1505,양천구,신월7동,2021,3609.196998123828
1506,양천구,신정1동,2021,1978.9417056610823
1507,양천구,신정2동,2021,1978.9417056610823
1508,양천구,신정3동,2021,1978.9417056610823
1509,양천구,신정4동,2021,1978.9417056610823
1510,양천구,신정6동,2021,1978.9417056610823
1511,양천구,신정7동,2021,1978.9417056610823
1512,강서구,염창동,2021,1242.9958149159295
1513,강서구,등촌1동,2021,1242.9958149159295
1514,강서구,등촌2동,2021,1242.9958149159295
1515,강서구,등촌3동,2021,1242.9958149159295
1516,강서구,화곡1동,2021,1242.9958149159295
1517,강서구,화곡2동,2021,1242.9958149159295
1518,강서구,화곡3동,2021,1242.9958149159295
1519,강서구,화곡4동,2021,1242.9958149159295
1520,강서구,화곡본동,2021,1242.9958149159295
1521,강서구,화곡6동,2021,1242.9958149159295
1522,강서구,화곡8동,2021,745.1221336689039
1523,강서구,가양1동,2021,1242.9958149159295
1524,강서구,가양2동,2021,1242.9958149159295
1525,강서구,가양3동,2021,1242.9958149159295
1526,강서구,발산1동,2021,981.678247206704
1527,강서구,우장산동,2021,1242.9958149159295
1528,강서구,공항동,2021,462.03831687823225
1529,강서구,방화1동,2021,1242.9958149159295
1530,강서구,방화2동,2021,2783.1445619098777
1531,강서구,방화3동,2021,1242.9958149159295
1532,구로구,신도림동,2021,920.2212360289284
1533,구로구,구로1동,2021,708.1470606500154
1534,구로구,구로2동,2021,708.1470606500154
1535,구로구,구로3동,2021,708.1470606500154
1536,구로구,구로4동,2021,708.1470606500154
1537,구로구,구로5동,2021,708.1470606500154
1538,구로구,가리봉동,2021,708.1470606500154
1539,구로구,고척1동,2021,708.1470606500154
1540,구로구,고척2동,2021,708.1470606500154
1541,구로구,개봉1동,2021,933.1555555555556
1542,구로구,개봉2동,2021,708.1470606500154
1543,구로구,개봉3동,2021,478.8859714003945
1544,구로구,오류1동,2021,708.1470606500154
1545,구로구,오류2동,2021,355.791038968182
1546,구로구,수궁동,2021,708.1470606500154
1547,금천구,가산동,2021,1083.696638684958
1548,금천구,독산1동,2021,1305.065030889327
1549,금천구,독산2동,2021,1432.3534860605284
1550,금천구,독산3동,2021,1432.3534860605284
1551,금천구,독산4동,2021,1432.3534860605284
1552,금천구,시흥1동,2021,1432.3534860605284
1553,금천구,시흥2동,2021,1761.849582172702
1554,금천구,시흥3동,2021,1578.8026924951268
1555,금천구,시흥4동,2021,1432.3534860605284
1556,금천구,시흥5동,2021,1432.3534860605284
1557,영등포구,영등포본동,2021,1271.0829573305732
1558,영등포구,영등포동,2021,1396.404937533227
1559,영등포구,여의동,2021,1385.1877386838644
1560,영등포구,당산1동,2021,1271.0829573305732
1561,영등포구,당산2동,2021,1109.790711556829
1562,영등포구,도림동,2021,1271.0829573305732
1563,영등포구,문래동,2021,1271.0829573305732
1564,영등포구,양평1동,2021,1078.9306506849316
1565,영등포구,양평2동,2021,1271.0829573305732
1566,영등포구,신길1동,2021,1271.0829573305732
1567,영등포구,신길3동,2021,1271.0829573305732
1568,영등포구,신길4동,2021,1271.0829573305732
1569,영등포구,신길5동,2021,1271.0829573305732
1570,영등포구,신길6동,2021,1271.0829573305732
1571,영등포구,신길7동,2021,1271.0829573305732
1572,영등포구,대림1동,2021,1271.0829573305732
1573,영등포구,대림2동,2021,1385.1007481940146
1574,영등포구,대림3동,2021,1271.0829573305732
1575,동작구,노량진1동,2021,1376.3969298245613
1576,동작구,노량진2동,2021,3158.4797149122805
1577,동작구,상도1동,2021,3158.4797149122805
1578,동작구,상도2동,2021,3158.4797149122805
1579,동작구,상도3동,2021,3158.4797149122805
1580,동작구,상도4동,2021,3158.4797149122805
1581,동작구,흑석동,2021,3158.4797149122805
1582,동작구,사당1동,2021,3158.4797149122805
1583,동작구,사당2동,2021,4940.5625
1584,동작구,사당3동,2021,3158.4797149122805
1585,동작구,사당4동,2021,3158.4797149122805
1586,동작구,사당5동,2021,3158.4797149122805
1587,동작구,대방동,2021,3158.4797149122805
1588,동작구,신대방1동,2021,3158.4797149122805
1589,동작구,신대방2동,2021,3158.4797149122805
1590,관악구,보라매동,2021,1055.439680385045
1591,관악구,청림동,2021,1055.439680385045
1592,관악구,성현동,2021,1055.439680385045
1593,관악구,행운동,2021,1806.9060178306088
1594,관악구,낙성대동,2021,1055.439680385045
1595,관악구,청룡동,2021,1055.439680385045
1596,관악구,은천동,2021,1055.439680385045
1597,관악구,중앙동,2021,1055.439680385045
1598,관악구,인헌동,2021,1055.439680385045
1599,관악구,남현동,2021,1055.439680385045
1600,관악구,서원동,2021,1055.439680385045
1601,관악구,신원동,2021,1055.439680385045
1602,관악구,서림동,2021,1055.439680385045
1603,강남구,신사동,2021,3583.420184376516
1604,관악구,신림동,2021,303.97334293948126
1605,관악구,난향동,2021,1055.439680385045
1606,관악구,조원동,2021,1055.439680385045
1607,관악구,대학동,2021,1055.439680385045
1608,관악구,삼성동,2021,1055.439680385045
1609,관악구,미성동,2021,1055.439680385045
1610,관악구,난곡동,2021,1055.439680385045
1611,강남구,신사동,2021,3583.420184376516
1612,강남구,논현1동,2021,1270.2106220657276
1613,강남구,논현2동,2021,1822.1226006525912
1614,강남구,압구정동,2021,1822.1226006525912
1615,강남구,청담동,2021,2492.4949530516437
1616,강남구,삼성1동,2021,1214.1815371024734
1617,강남구,삼성2동,2021,1822.1226006525912
1618,강남구,대치1동,2021,1822.1226006525912
1619,강남구,대치2동,2021,1822.1226006525912
1620,강남구,대치4동,2021,1822.1226006525912
1621,강남구,역삼1동,2021,1038.5260416666667
1622,강남구,역삼2동,2021,1822.1226006525912
1623,강남구,도곡1동,2021,1822.1226006525912
1624,강남구,도곡2동,2021,1153.470760233918
1625,강남구,개포1동,2021,1822.1226006525912
1626,강남구,개포2동,2021,1822.1226006525912
1627,강남구,개포4동,2021,1822.1226006525912
1628,강남구,세곡동,2021,1011.3366000297818
1629,강남구,일원본동,2021,1822.1226006525912
1630,강남구,일원1동,2021,1914.9873877443213
1631,강남구,일원2동,2021,1822.1226006525912
1632,강남구,수서동,2021,1822.1226006525912
1633,서초구,서초1동,2021,1948.4442295996969
1634,서초구,서초2동,2021,1948.4442295996969
1635,서초구,서초3동,2021,1442.8284574127529
1636,서초구,서초4동,2021,1948.4442295996969
1637,서초구,잠원동,2021,1948.4442295996969
1638,서초구,반포본동,2021,1948.4442295996969
1639,서초구,반포1동,2021,1948.4442295996969
1640,서초구,반포2동,2021,1743.7288847117793
1641,서초구,반포3동,2021,446.6562030075188
1642,서초구,반포4동,2021,1635.3241241628025
1643,서초구,방배본동,2021,1668.9929976851852
1644,서초구,방배1동,2021,1948.4442295996969
1645,서초구,방배2동,2021,1270.6195125063807
1646,서초구,방배3동,2021,1588.478644200627
1647,서초구,방배4동,2021,1948.4442295996969
1648,서초구,양재1동,2021,1948.4442295996969
1649,서초구,양재2동,2021,3806.105155691679
1650,서초구,내곡동,2021,1948.4442295996969
1651,송파구,풍납1동,2021,1381.3057199211046
1652,송파구,풍납2동,2021,1355.0209802118752
1653,송파구,거여1동,2021,1355.0209802118752
1654,송파구,거여2동,2021,1355.0209802118752
1655,송파구,마천1동,2021,1355.0209802118752
1656,송파구,마천2동,2021,1355.0209802118752
1657,송파구,방이1동,2021,1355.0209802118752
1658,송파구,방이2동,2021,1355.0209802118752
1659,송파구,오륜동,2021,1355.0209802118752
1660,송파구,오금동,2021,1355.0209802118752
1661,송파구,송파1동,2021,1355.0209802118752
1662,송파구,송파2동,2021,1465.6862818590705
1663,송파구,석촌동,2021,1355.0209802118752
1664,송파구,삼전동,2021,1355.0209802118752
1665,송파구,가락본동,2021,1355.0209802118752
1666,송파구,가락1동,2021,1355.0209802118752
1667,송파구,가락2동,2021,1355.0209802118752
1668,송파구,문정1동,2021,1355.0209802118752
1669,송파구,문정2동,2021,1597.3540359145506
1670,송파구,장지동,2021,1355.0209802118752
1671,송파구,위례동,2021,1355.0209802118752
1672,송파구,잠실본동,2021,1355.0209802118752
1673,송파구,잠실2동,2021,1355.0209802118752
1674,송파구,잠실3동,2021,1355.0209802118752
1675,송파구,잠실4동,2021,1355.0209802118752
1676,송파구,잠실6동,2021,1599.8415794140328
1677,송파구,잠실7동,2021,730.9172839506173
1678,강동구,강일동,2021,2139.5655139794667
1679,강동구,상일동,2021,2139.5655139794667
1680,강동구,명일1동,2021,2139.5655139794667
1681,강동구,명일2동,2021,2139.5655139794667
1682,강동구,고덕1동,2021,2139.5655139794667
1683,강동구,고덕2동,2021,4140.134125840538
1684,강동구,암사1동,2021,2139.5655139794667
1685,강동구,암사2동,2021,2139.5655139794667
1686,강동구,암사3동,2021,2139.5655139794667
1687,강동구,천호1동,2021,2139.5655139794667
1688,강동구,천호2동,2021,320.25060876623377
1689,강동구,천호3동,2021,2139.5655139794667
1690,강동구,성내1동,2021,2139.5655139794667
1691,강동구,성내2동,2021,2139.5655139794667
1692,강동구,성내3동,2021,2139.5655139794667
1693,강동구,길동,2021,2139.5655139794667
1694,강동구,둔촌1동,2021,2139.5655139794667
1695,강동구,둔촌2동,2021,2139.5655139794667
1696,종로구,청운효자동,2022,513.7693411386593
1697,종로구,사직동,2022,893.0182577838827
1698,종로구,삼청동,2022,868.0782496282474
1699,종로구,부암동,2022,868.0782496282474
1700,종로구,평창동,2022,823.3003079303778
1701,종로구,무악동,2022,868.0782496282474
1702,종로구,교남동,2022,1310.3420765027322
1703,종로구,가회동,2022,868.0782496282474
1704,종로구,종로1.2.3.4가동,2022,937.9914947344096
1705,종로구,종로5.6가동,2022,868.0782496282474
1706,종로구,이화동,2022,643.5095238095238
1707,종로구,혜화동,2022,810.8253436426118
1708,종로구,창신1동,2022,868.0782496282474
1709,종로구,창신2동,2022,868.0782496282474
1710,종로구,창신3동,2022,868.0782496282474
1711,종로구,숭인1동,2022,868.0782496282474
1712,종로구,숭인2동,2022,1011.869651483782
1713,중구,소공동,2022,823.2024816694868
1714,중구,회현동,2022,458.71418580539705
1715,중구,명동,2022,869.4974632591973
1716,중구,필동,2022,849.5267720739461
1717,중구,장충동,2022,938.0036420568856
1718,중구,광희동,2022,849.5267720739461
1719,중구,을지로동,2022,849.5267720739461
1720,중구,신당동,2022,849.5267720739461
1721,중구,다산동,2022,849.5267720739461
1722,중구,약수동,2022,1193.1169143356644
1723,중구,청구동,2022,849.5267720739461
1724,중구,신당5동,2022,849.5267720739461
1725,중구,동화동,2022,849.5267720739461
1726,중구,황학동,2022,814.6259453170449
1727,중구,중림동,2022,849.5267720739461
1728,용산구,후암동,2022,1274.4296372330791
1729,용산구,용산2가동,2022,648.7760717726397
1730,용산구,남영동,2022,1274.4296372330791
1731,용산구,청파동,2022,1274.4296372330791
1732,용산구,원효로1동,2022,1274.4296372330791
1733,용산구,원효로2동,2022,1274.4296372330791
1734,용산구,효창동,2022,1274.4296372330791
1735,용산구,용문동,2022,1274.4296372330791
1736,용산구,한강로동,2022,1274.4296372330791
1737,용산구,이촌1동,2022,2556.536387183092
1738,용산구,이촌2동,2022,1274.4296372330791
1739,용산구,이태원1동,2022,1274.4296372330791
1740,용산구,이태원2동,2022,375.8710260115607
1741,용산구,한남동,2022,1516.5350639650242
1742,용산구,서빙고동,2022,1274.4296372330791
1743,용산구,보광동,2022,1274.4296372330791
1744,성동구,왕십리2동,2022,1514.01340804369
1745,성동구,왕십리도선동,2022,1514.01340804369
1746,성동구,마장동,2022,1514.01340804369
1747,성동구,사근동,2022,1514.01340804369
1748,성동구,행당1동,2022,1514.01340804369
1749,성동구,행당2동,2022,1514.01340804369
1750,성동구,응봉동,2022,1514.01340804369
1751,성동구,금호1가동,2022,1514.01340804369
1752,성동구,금호2.3가동,2022,1514.01340804369
1753,성동구,금호4가동,2022,1514.01340804369
1754,성동구,옥수동,2022,1729.7426370739051
1755,성동구,성수1가1동,2022,1514.01340804369
1756,성동구,성수1가2동,2022,1514.01340804369
1757,성동구,성수2가1동,2022,1514.01340804369
1758,성동구,성수2가3동,2022,1514.01340804369
1759,성동구,송정동,2022,1275.9392939814811
1760,성동구,용답동,2022,1536.3582930756843
1761,광진구,화양동,2022,1492.3495643434817
1762,광진구,군자동,2022,1492.3495643434817
1763,광진구,중곡1동,2022,1492.3495643434817
1764,광진구,중곡2동,2022,1492.3495643434817
1765,광진구,중곡3동,2022,1492.3495643434817
1766,광진구,중곡4동,2022,1492.3495643434817
1767,광진구,능동,2022,1492.3495643434817
1768,광진구,광장동,2022,542.7744107744107
1769,광진구,자양1동,2022,1492.3495643434817
1770,광진구,자양2동,2022,1492.3495643434817
1771,광진구,자양3동,2022,1492.3495643434817
1772,광진구,자양4동,2022,1492.3495643434817
1773,광진구,구의1동,2022,1492.3495643434817
1774,광진구,구의2동,2022,1492.3495643434817
1775,광진구,구의3동,2022,1492.3495643434817
1776,동대문구,용신동,2022,2851.030578898226
1777,동대문구,제기동,2022,2851.030578898226
1778,동대문구,전농1동,2022,2851.030578898226
1779,동대문구,전농2동,2022,2851.030578898226
1780,동대문구,답십리1동,2022,2851.030578898226
1781,동대문구,답십리2동,2022,2851.030578898226
1782,동대문구,장안1동,2022,2851.030578898226
1783,동대문구,장안2동,2022,2851.030578898226
1784,동대문구,청량리동,2022,2851.030578898226
1785,동대문구,회기동,2022,2851.030578898226
1786,동대문구,휘경1동,2022,2851.030578898226
1787,동대문구,휘경2동,2022,2851.030578898226
1788,동대문구,이문1동,2022,2851.030578898226
1789,동대문구,이문2동,2022,2851.030578898226
1790,중랑구,면목2동,2022,1693.4540653259369
1791,중랑구,면목4동,2022,1693.4540653259369
1792,중랑구,면목5동,2022,1693.4540653259369
1793,중랑구,면목본동,2022,1693.4540653259369
1794,중랑구,면목7동,2022,1693.4540653259369
1795,중랑구,면목3.8동,2022,1693.4540653259369
1796,중랑구,상봉1동,2022,1693.4540653259369
1797,중랑구,상봉2동,2022,1693.4540653259369
1798,중랑구,중화1동,2022,1693.4540653259369
1799,중랑구,중화2동,2022,1693.4540653259369
1800,중랑구,묵1동,2022,1693.4540653259369
1801,중랑구,묵2동,2022,1693.4540653259369
1802,중랑구,망우본동,2022,1693.4540653259369
1803,중랑구,망우3동,2022,1693.4540653259369
1804,중랑구,신내1동,2022,1693.4540653259369
1805,중랑구,신내2동,2022,1693.4540653259369
1806,성북구,성북동,2022,207.9378326076439
1807,성북구,삼선동,2022,1551.269098719863
1808,성북구,동선동,2022,1551.269098719863
1809,성북구,돈암1동,2022,1105.863652234637
1810,성북구,돈암2동,2022,1551.269098719863
1811,성북구,안암동,2022,1551.269098719863
1812,성북구,보문동,2022,1551.269098719863
1813,성북구,정릉1동,2022,1551.269098719863
1814,성북구,정릉2동,2022,1551.269098719863
1815,성북구,정릉3동,2022,2855.250746097337
1816,성북구,정릉4동,2022,1551.269098719863
1817,성북구,길음1동,2022,1551.269098719863
1818,성북구,길음2동,2022,1551.269098719863
1819,성북구,종암동,2022,1551.269098719863
1820,성북구,월곡1동,2022,1551.269098719863
1821,성북구,월곡2동,2022,1368.4847645429363
1822,성북구,장위1동,2022,1551.269098719863
1823,성북구,장위2동,2022,2218.808498116761
1824,성북구,장위3동,2022,1551.269098719863
1825,성북구,석관동,2022,1551.269098719863
1826,강북구,삼양동,2022,1569.5465834746262
1827,강북구,미아동,2022,1569.5465834746262
1828,강북구,송중동,2022,1569.5465834746262
1829,강북구,송천동,2022,1569.5465834746262
1830,강북구,삼각산동,2022,1569.5465834746262
1831,강북구,번1동,2022,1569.5465834746262
1832,강북구,번2동,2022,1569.5465834746262
1833,강북구,번3동,2022,1569.5465834746262
1834,강북구,수유1동,2022,1569.5465834746262
1835,강북구,수유2동,2022,1569.5465834746262
1836,강북구,수유3동,2022,1569.5465834746262
1837,강북구,우이동,2022,1569.5465834746262
1838,강북구,인수동,2022,1569.5465834746262
1839,도봉구,창1동,2022,910.5050639169526
1840,도봉구,창2동,2022,838.1921101774043
1841,도봉구,창3동,2022,910.5050639169526
1842,도봉구,창4동,2022,910.5050639169526
1843,도봉구,창5동,2022,910.5050639169526
1844,도봉구,도봉1동,2022,982.8180176565008
1845,도봉구,도봉2동,2022,910.5050639169526
1846,도봉구,쌍문1동,2022,910.5050639169526
1847,도봉구,쌍문2동,2022,910.5050639169526
1848,도봉구,쌍문3동,2022,910.5050639169526
1849,도봉구,쌍문4동,2022,910.5050639169526
1850,도봉구,방학1동,2022,910.5050639169526
1851,도봉구,방학2동,2022,910.5050639169526
1852,도봉구,방학3동,2022,910.5050639169526
1853,노원구,월계1동,2022,1520.9544044217596
1854,노원구,월계2동,2022,1520.9544044217596
1855,노원구,월계3동,2022,2616.8222023809526
1856,노원구,공릉1동,2022,1520.9544044217596
1857,노원구,공릉2동,2022,1165.3991093135735
1858,노원구,하계1동,2022,1520.9544044217596
1859,노원구,하계2동,2022,1520.9544044217596
1860,노원구,중계본동,2022,1520.9544044217596
1861,노원구,중계1동,2022,1520.9544044217596
1862,노원구,중계4동,2022,1520.9544044217596
1863,노원구,중계2.3동,2022,1520.9544044217596
1864,노원구,상계1동,2022,1561.0680146759858
1865,노원구,상계2동,2022,1520.9544044217596
1866,노원구,상계3.4동,2022,1520.9544044217596
1867,노원구,상계5동,2022,1520.9544044217596
1868,노원구,상계6.7동,2022,740.5282913165266
1869,노원구,상계8동,2022,1520.9544044217596
1870,노원구,상계9동,2022,1520.9544044217596
1871,노원구,상계10동,2022,1520.9544044217596
1872,은평구,녹번동,2022,1063.4988925041964
1873,은평구,불광1동,2022,1063.4988925041964
1874,은평구,불광2동,2022,1063.4988925041964
1875,은평구,갈현1동,2022,1063.4988925041964
1876,은평구,갈현2동,2022,1063.4988925041964
1877,은평구,구산동,2022,858.2796275395034
1878,은평구,대조동,2022,1063.4988925041964
1879,은평구,응암1동,2022,1063.4988925041964
1880,은평구,응암2동,2022,1063.4988925041964
1881,은평구,응암3동,2022,1063.4988925041964
1882,은평구,역촌동,2022,1063.4988925041964
1883,은평구,신사1동,2022,1063.4988925041964
1884,은평구,신사2동,2022,1063.4988925041964
1885,은평구,증산동,2022,1332.901635021097
1886,은평구,수색동,2022,999.315414951989
1887,은평구,진관동,2022,1063.4988925041964
1888,서대문구,천연동,2022,1234.4493659061097
1889,서대문구,북아현동,2022,1234.4493659061097
1890,서대문구,충현동,2022,1234.4493659061097
1891,서대문구,신촌동,2022,1232.2558831672204
1892,서대문구,연희동,2022,1123.0631059564516
1893,서대문구,홍제1동,2022,1234.4493659061097
1894,서대문구,홍제3동,2022,1234.4493659061097
1895,서대문구,홍제2동,2022,1234.4493659061097
1896,서대문구,홍은1동,2022,1234.4493659061097
1897,서대문구,홍은2동,2022,1348.0291085946574
1898,서대문구,남가좌1동,2022,1234.4493659061097
1899,서대문구,남가좌2동,2022,1234.4493659061097
1900,서대문구,북가좌1동,2022,1234.4493659061097
1901,서대문구,북가좌2동,2022,1234.4493659061097
1902,마포구,아현동,2022,2780.706248503217
1903,마포구,공덕동,2022,2780.706248503217
1904,마포구,도화동,2022,2780.706248503217
1905,마포구,용강동,2022,2780.706248503217
1906,마포구,대흥동,2022,2780.706248503217
1907,마포구,염리동,2022,2780.706248503217
1908,마포구,신수동,2022,2780.706248503217
1909,마포구,서강동,2022,2780.706248503217
1910,마포구,서교동,2022,2780.706248503217
1911,마포구,합정동,2022,2437.039665725047
1912,마포구,망원1동,2022,3085.9454
1913,마포구,망원2동,2022,2780.706248503217
1914,마포구,연남동,2022,2780.706248503217
1915,마포구,성산1동,2022,2780.706248503217
1916,마포구,성산2동,2022,2780.706248503217
1917,마포구,상암동,2022,2819.1336797846034
1918,양천구,목1동,2022,1779.9358170205644
1919,양천구,목2동,2022,1779.9358170205644
1920,양천구,목3동,2022,1779.9358170205644
1921,양천구,목4동,2022,1779.9358170205644
1922,양천구,목5동,2022,1779.9358170205644
1923,양천구,신월1동,2022,1779.9358170205644
1924,양천구,신월2동,2022,1779.9358170205644
1925,양천구,신월3동,2022,720.5272168059424
1926,양천구,신월4동,2022,2127.416038074713
1927,양천구,신월5동,2022,1443.6356589147288
1928,양천구,신월6동,2022,1779.9358170205644
1929,양천구,신월7동,2022,3594.3813640730064
1930,양천구,신정1동,2022,1779.9358170205644
1931,양천구,신정2동,2022,1779.9358170205644
1932,양천구,신정3동,2022,1779.9358170205644
1933,양천구,신정4동,2022,1013.7188072344322
1934,양천구,신정6동,2022,1779.9358170205644
1935,양천구,신정7동,2022,1779.9358170205644
1936,강서구,염창동,2022,1248.8277498047185
1937,강서구,등촌1동,2022,1248.8277498047185
1938,강서구,등촌2동,2022,1248.8277498047185
1939,강서구,등촌3동,2022,1248.8277498047185
1940,강서구,화곡1동,2022,1248.8277498047185
1941,강서구,화곡2동,2022,1248.8277498047185
1942,강서구,화곡3동,2022,1248.8277498047185
1943,강서구,화곡4동,2022,1248.8277498047185
1944,강서구,화곡본동,2022,1248.8277498047185
1945,강서구,화곡6동,2022,1248.8277498047185
1946,강서구,화곡8동,2022,758.8734932777005
1947,강서구,가양1동,2022,1248.8277498047185
1948,강서구,가양2동,2022,1248.8277498047185
1949,강서구,가양3동,2022,1248.8277498047185
1950,강서구,발산1동,2022,988.5609151682804
1951,강서구,우장산동,2022,1248.8277498047185
1952,강서구,공항동,2022,460.2833722135821
1953,강서구,방화1동,2022,1248.8277498047185
1954,강서구,방화2동,2022,2787.593218559311
1955,강서구,방화3동,2022,1248.8277498047185
1956,구로구,신도림동,2022,915.6929674099486
1957,구로구,구로1동,2022,704.7644832030222
1958,구로구,구로2동,2022,704.7644832030222
1959,구로구,구로3동,2022,704.7644832030222
1960,구로구,구로4동,2022,704.7644832030222
1961,구로구,구로5동,2022,704.7644832030222
1962,구로구,가리봉동,2022,704.7644832030222
1963,구로구,고척1동,2022,704.7644832030222
1964,구로구,고척2동,2022,704.7644832030222
1965,구로구,개봉1동,2022,944.8100720551378
1966,구로구,개봉2동,2022,704.7644832030222
1967,구로구,개봉3동,2022,464.79052234787287
1968,구로구,오류1동,2022,704.7644832030222
1969,구로구,오류2동,2022,346.7912920130972
1970,구로구,수궁동,2022,704.7644832030222
1971,금천구,가산동,2022,732.6372267614261
1972,금천구,독산1동,2022,1266.3140292659525
1973,금천구,독산2동,2022,1328.3969673890824
1974,금천구,독산3동,2022,1328.3969673890824
1975,금천구,독산4동,2022,1328.3969673890824
1976,금천구,시흥1동,2022,1328.3969673890824
1977,금천구,시흥2동,2022,1739.3462465564735
1978,금천구,시흥3동,2022,1575.2903669724772
1979,금천구,시흥4동,2022,1328.3969673890824
1980,금천구,시흥5동,2022,1328.3969673890824
1981,영등포구,영등포본동,2022,1417.4159868584736
1982,영등포구,영등포동,2022,1365.2477602018428
1983,영등포구,여의동,2022,1422.9037463395591
1984,영등포구,당산1동,2022,1417.4159868584736
1985,영등포구,당산2동,2022,1112.1028776978417
1986,영등포구,도림동,2022,1417.4159868584736
1987,영등포구,문래동,2022,2175.3555247341656
1988,영등포구,양평1동,2022,1109.7576576576575
1989,영등포구,양평2동,2022,1417.4159868584736
1990,영등포구,신길1동,2022,1417.4159868584736
1991,영등포구,신길3동,2022,1417.4159868584736
1992,영등포구,신길4동,2022,1417.4159868584736
1993,영등포구,신길5동,2022,1417.4159868584736
1994,영등포구,신길6동,2022,1417.4159868584736
1995,영등포구,신길7동,2022,1417.4159868584736
1996,영등포구,대림1동,2022,1417.4159868584736
1997,영등포구,대림2동,2022,1319.128354519774
1998,영등포구,대림3동,2022,1417.4159868584736
1999,동작구,노량진1동,2022,1408.3900519978106
2000,동작구,노량진2동,2022,3202.411651353013
2001,동작구,상도1동,2022,3202.411651353013
2002,동작구,상도2동,2022,3202.411651353013
2003,동작구,상도3동,2022,3202.411651353013
2004,동작구,상도4동,2022,3202.411651353013
2005,동작구,흑석동,2022,3202.411651353013
2006,동작구,사당1동,2022,3202.411651353013
2007,동작구,사당2동,2022,4996.433250708215
2008,동작구,사당3동,2022,3202.411651353013
2009,동작구,사당4동,2022,3202.411651353013
2010,동작구,사당5동,2022,3202.411651353013
2011,동작구,대방동,2022,3202.411651353013
2012,동작구,신대방1동,2022,3202.411651353013
2013,동작구,신대방2동,2022,3202.411651353013
2014,관악구,보라매동,2022,1044.8539173615623
2015,관악구,청림동,2022,1044.8539173615623
2016,관악구,성현동,2022,1044.8539173615623
2017,관악구,행운동,2022,1796.4608196159122
2018,관악구,낙성대동,2022,1044.8539173615623
2019,관악구,청룡동,2022,1044.8539173615623
2020,관악구,은천동,2022,1044.8539173615623
2021,관악구,중앙동,2022,1044.8539173615623
2022,관악구,인헌동,2022,1044.8539173615623
2023,관악구,남현동,2022,1044.8539173615623
2024,관악구,서원동,2022,1044.8539173615623
2025,관악구,신원동,2022,1044.8539173615623
2026,관악구,서림동,2022,1044.8539173615623
2027,강남구,신사동,2022,3808.1555804683608
2028,관악구,신림동,2022,293.24701510721246
2029,관악구,난향동,2022,1044.8539173615623
2030,관악구,조원동,2022,1044.8539173615623
2031,관악구,대학동,2022,1044.8539173615623
2032,관악구,삼성동,2022,1044.8539173615623
2033,관악구,미성동,2022,1044.8539173615623
2034,관악구,난곡동,2022,1044.8539173615623
2035,강남구,신사동,2022,3808.1555804683608
2036,강남구,논현1동,2022,1385.575153013183
2037,강남구,논현2동,2022,1871.1611813078187
2038,강남구,압구정동,2022,1871.1611813078187
2039,강남구,청담동,2022,2495.5610795454545
2040,강남구,삼성1동,2022,1301.4422718808194
2041,강남구,삼성2동,2022,1871.1611813078187
2042,강남구,대치1동,2022,1871.1611813078187
2043,강남구,대치2동,2022,1871.1611813078187
2044,강남구,대치4동,2022,1871.1611813078187
2045,강남구,역삼1동,2022,1036.845844811754
2046,강남구,역삼2동,2022,1871.1611813078187
2047,강남구,도곡1동,2022,1871.1611813078187
2048,강남구,도곡2동,2022,1171.2438825448614
2049,강남구,개포1동,2022,1871.1611813078187
2050,강남구,개포2동,2022,1871.1611813078187
2051,강남구,개포4동,2022,1871.1611813078187
2052,강남구,세곡동,2022,997.5247029315636
2053,강남구,일원본동,2022,1871.1611813078187
2054,강남구,일원1동,2022,1915.7282315978457
2055,강남구,일원2동,2022,1871.1611813078187
2056,강남구,수서동,2022,1871.1611813078187
2057,서초구,서초1동,2022,1978.8868799209563
2058,서초구,서초2동,2022,1978.8868799209563
2059,서초구,서초3동,2022,1408.3681805489196
2060,서초구,서초4동,2022,1978.8868799209563
2061,서초구,잠원동,2022,1978.8868799209563
2062,서초구,반포본동,2022,1978.8868799209563
2063,서초구,반포1동,2022,1978.8868799209563
2064,서초구,반포2동,2022,1869.475839328537
2065,서초구,반포3동,2022,446.4134419551935
2066,서초구,반포4동,2022,1647.8340345956055
2067,서초구,방배본동,2022,1696.302852746212
2068,서초구,방배1동,2022,1978.8868799209563
2069,서초구,방배2동,2022,1293.7704646017698
2070,서초구,방배3동,2022,1610.187037037037
2071,서초구,방배4동,2022,1978.8868799209563
2072,서초구,양재1동,2022,1978.8868799209563
2073,서초구,양재2동,2022,3858.1458027410663
2074,서초구,내곡동,2022,1978.8868799209563
2075,송파구,풍납1동,2022,1381.6530891878424
2076,송파구,풍납2동,2022,1364.0318152353652
2077,송파구,거여1동,2022,1364.0318152353652
2078,송파구,거여2동,2022,1364.0318152353652
2079,송파구,마천1동,2022,1364.0318152353652
2080,송파구,마천2동,2022,1364.0318152353652
2081,송파구,방이1동,2022,1364.0318152353652
2082,송파구,방이2동,2022,1364.0318152353652
2083,송파구,오륜동,2022,1364.0318152353652
2084,송파구,오금동,2022,1364.0318152353652
2085,송파구,송파1동,2022,1364.0318152353652
2086,송파구,송파2동,2022,1503.117876344086
2087,송파구,석촌동,2022,1364.0318152353652
2088,송파구,삼전동,2022,1364.0318152353652
2089,송파구,가락본동,2022,1364.0318152353652
2090,송파구,가락1동,2022,1364.0318152353652
2091,송파구,가락2동,2022,1364.0318152353652
2092,송파구,문정1동,2022,1364.0318152353652
2093,송파구,문정2동,2022,1593.4972863160822
2094,송파구,장지동,2022,1364.0318152353652
2095,송파구,위례동,2022,1364.0318152353652
2096,송파구,잠실본동,2022,1364.0318152353652
2097,송파구,잠실2동,2022,1364.0318152353652
2098,송파구,잠실3동,2022,1364.0318152353652
2099,송파구,잠실4동,2022,1364.0318152353652
2100,송파구,잠실6동,2022,1609.292261565102
2101,송파구,잠실7동,2022,732.5985627637131
2102,강동구,강일동,2022,2124.166204417747
2103,강동구,상일동,2022,2124.166204417747
2104,강동구,명일1동,2022,2124.166204417747
2105,강동구,명일2동,2022,2124.166204417747
2106,강동구,고덕1동,2022,2124.166204417747
2107,강동구,고덕2동,2022,4058.706303724928
2108,강동구,암사1동,2022,2124.166204417747
2109,강동구,암사2동,2022,2124.166204417747
2110,강동구,암사3동,2022,2124.166204417747
2111,강동구,천호1동,2022,2124.166204417747
2112,강동구,천호2동,2022,297.828081232493
2113,강동구,천호3동,2022,2124.166204417747
2114,강동구,성내1동,2022,2124.166204417747
2115,강동구,성내2동,2022,2124.166204417747
2116,강동구,성내3동,2022,2124.166204417747
2117,강동구,길동,2022,2124.166204417747
2118,강동구,둔촌1동,2022,2124.166204417747
2119,강동구,둔촌2동,2022,2124.166204417747
