행정동_명칭,행정동_ID,승객_수,승객_수_00시,승객_수_01시,승객_수_02시,승객_수_03시,승객_수_04시,승객_수_05시,승객_수_06시,승객_수_07시,승객_수_08시,승객_수_09시,승객_수_10시,승객_수_11시,승객_수_12시,승객_수_13시,승객_수_14시,승객_수_15시,승객_수_16시,승객_수_17시,승객_수_18시,승객_수_19시,승객_수_20시,승객_수_21시,승객_수_22시,승객_수_23시
가락1동,409160024,10573114.0,37993.0,11210.0,5461.0,1576.0,18216.0,130999.0,322100.0,819299.0,984459.0,671076.0,552391.0,542972.0,552617.0,556266.0,552307.0,609138.0,698572.0,792554.0,1011124.0,501210.0,406037.0,380707.0,286874.0,127956.0
가락2동,409160388,6498510.0,11633.0,191.0,59.0,43.0,9387.0,93186.0,245913.0,674642.0,741585.0,445559.0,354404.0,325820.0,335317.0,330179.0,315359.0,351662.0,394254.0,465703.0,538737.0,268311.0,205181.0,194539.0,140764.0,56082.0
가락본동,409159660,3113688.0,25603.0,5388.0,4497.0,3324.0,31386.0,42439.0,75296.0,155707.0,222338.0,154095.0,132418.0,138879.0,148876.0,154589.0,154815.0,193418.0,213840.0,237442.0,309023.0,195594.0,152175.0,154290.0,137419.0,70837.0
가리봉동,406613480,2259660.0,11526.0,1133.0,826.0,1184.0,43781.0,67542.0,65687.0,123668.0,187858.0,126514.0,102103.0,94215.0,100700.0,107182.0,105337.0,115276.0,137151.0,200371.0,214731.0,142010.0,105812.0,100293.0,67714.0,37046.0
가산동,406970564,26070260.0,36275.0,4142.0,2720.0,3437.0,56058.0,253475.0,424180.0,1104290.0,1585669.0,983143.0,644155.0,666904.0,797671.0,897483.0,987265.0,1195061.0,1608773.0,3451096.0,5178368.0,2420350.0,1473643.0,1285003.0,710946.0,300153.0
가양1동,406247296,14562012.0,41863.0,5166.0,3222.0,2531.0,17651.0,150354.0,390690.0,1157703.0,1255853.0,658361.0,538223.0,564323.0,635911.0,674461.0,699259.0,812427.0,964069.0,1341621.0,1835202.0,847089.0,646257.0,639024.0,474858.0,205894.0
가양2동,406247660,696671.0,3288.0,79.0,0.0,0.0,3958.0,11804.0,17016.0,39057.0,60271.0,44352.0,39464.0,38814.0,42979.0,41595.0,41268.0,46321.0,54011.0,50002.0,56435.0,35685.0,23435.0,20290.0,16265.0,10282.0
가양3동,406248024,733804.0,1089.0,22.0,0.0,0.0,3507.0,14161.0,23353.0,48561.0,60822.0,45858.0,39831.0,40967.0,43618.0,44470.0,43052.0,46580.0,60224.0,52995.0,69681.0,31296.0,24243.0,19691.0,13354.0,6429.0
가회동,400785840,708215.0,0.0,0.0,0.0,0.0,0.0,221.0,18430.0,44143.0,61292.0,54462.0,47608.0,47290.0,42156.0,43545.0,45420.0,48234.0,58929.0,63776.0,57926.0,28351.0,18658.0,15061.0,10001.0,2712.0
갈현1동,404788020,14619545.0,15166.0,1096.0,1243.0,850.0,31058.0,358690.0,693887.0,1680611.0,1956541.0,1176898.0,812116.0,750379.0,830126.0,760058.0,707107.0,723583.0,851767.0,753124.0,716255.0,533308.0,423085.0,397087.0,309679.0,135831.0
갈현2동,404788384,5644214.0,24153.0,3067.0,2355.0,884.0,20060.0,86143.0,216735.0,522680.0,652296.0,382154.0,284020.0,270174.0,295173.0,283889.0,267424.0,307668.0,377654.0,326045.0,343192.0,277656.0,212699.0,210605.0,183886.0,93602.0
강일동,409518564,3801622.0,8979.0,5242.0,1913.0,2352.0,40099.0,88539.0,211084.0,511281.0,446036.0,273941.0,212193.0,192020.0,192727.0,190737.0,180579.0,195776.0,229431.0,209460.0,203939.0,140615.0,94018.0,79341.0,62798.0,28522.0
개봉1동,406614208,10640200.0,14381.0,2933.0,3460.0,4794.0,52895.0,218015.0,520520.0,1207837.0,1215347.0,743796.0,548101.0,519806.0,541792.0,521241.0,490162.0,520271.0,602371.0,640783.0,692831.0,514910.0,367294.0,324092.0,255836.0,116732.0
개봉2동,406611296,3755303.0,14379.0,3504.0,2383.0,2835.0,34707.0,70750.0,136809.0,257591.0,286539.0,209643.0,173125.0,164653.0,179674.0,192422.0,179761.0,198094.0,231959.0,260483.0,304631.0,258918.0,185441.0,177324.0,148556.0,81122.0
개봉3동,406611660,1386916.0,985.0,28.0,0.0,0.0,13143.0,31722.0,80700.0,182456.0,156970.0,108055.0,82701.0,74973.0,76359.0,74653.0,68167.0,68955.0,73864.0,75164.0,71717.0,48286.0,36606.0,28892.0,21820.0,10700.0
개포1동,408796752,1383381.0,1162.0,30.0,0.0,0.0,2843.0,9840.0,35749.0,99515.0,141428.0,88859.0,71514.0,70255.0,76473.0,79613.0,84412.0,114071.0,153183.0,114302.0,80825.0,52722.0,36082.0,32570.0,27367.0,10566.0
개포2동,408801120,4297670.0,9265.0,1856.0,568.0,289.0,3456.0,32089.0,129402.0,370522.0,422052.0,277801.0,217233.0,202462.0,226910.0,230489.0,222227.0,268478.0,411299.0,362728.0,310738.0,183735.0,123431.0,134051.0,112103.0,44486.0
개포4동,408797844,2200443.0,1948.0,374.0,520.0,207.0,960.0,15687.0,70138.0,199223.0,224755.0,148660.0,119427.0,107086.0,113639.0,123961.0,118925.0,130402.0,151898.0,200260.0,196706.0,94536.0,63678.0,58524.0,42695.0,16234.0
거여1동,409155292,4147125.0,8245.0,1402.0,1015.0,884.0,7258.0,82347.0,211280.0,595379.0,554963.0,306928.0,215170.0,190100.0,205331.0,198413.0,178768.0,189456.0,233332.0,245194.0,256142.0,151438.0,106418.0,99509.0,76102.0,32051.0
거여2동,409155656,1028052.0,7204.0,318.0,111.0,171.0,12780.0,13416.0,28548.0,64082.0,78166.0,60808.0,47826.0,48324.0,52642.0,51797.0,52802.0,55913.0,63326.0,70220.0,83609.0,77758.0,47968.0,44274.0,41893.0,24096.0
고덕1동,409520020,1232919.0,4241.0,2041.0,811.0,1225.0,5442.0,10640.0,42854.0,128644.0,115580.0,70426.0,65504.0,57175.0,64808.0,63050.0,65265.0,75902.0,103251.0,77662.0,78426.0,57543.0,43935.0,40360.0,43709.0,14425.0
고덕2동,409520384,1690238.0,3954.0,5292.0,2165.0,2955.0,18671.0,30071.0,52243.0,134606.0,148504.0,111524.0,95265.0,85635.0,92712.0,97746.0,90906.0,114647.0,140067.0,108874.0,115096.0,80792.0,55035.0,46401.0,41101.0,15976.0
고척1동,406610204,3991126.0,15365.0,2945.0,1305.0,2733.0,29626.0,65645.0,138633.0,328238.0,367152.0,247294.0,202322.0,197908.0,220636.0,211617.0,212631.0,247127.0,293133.0,294996.0,262101.0,170612.0,146312.0,150533.0,131142.0,51120.0
고척2동,406610568,3277307.0,6028.0,693.0,3.0,0.0,36772.0,69928.0,175729.0,353396.0,347697.0,244440.0,201941.0,183268.0,197418.0,187694.0,172177.0,180800.0,195778.0,180359.0,174482.0,121956.0,90416.0,70038.0,58421.0,27873.0
공덕동,405524028,15352354.0,46072.0,5024.0,2688.0,3188.0,13193.0,136334.0,289196.0,878105.0,1286391.0,755708.0,589491.0,638997.0,697154.0,736212.0,712385.0,775966.0,915415.0,1394959.0,2122610.0,949664.0,742529.0,785840.0,592433.0,282800.0
공릉1동,404432756,12284277.0,45631.0,12415.0,8262.0,9606.0,38463.0,258509.0,438794.0,1125285.0,1335946.0,815319.0,619883.0,606061.0,644218.0,651800.0,633728.0,663924.0,744698.0,807558.0,857294.0,572390.0,437894.0,425111.0,353802.0,177686.0
공릉2동,404424384,8090458.0,12360.0,18.0,0.0,0.0,14849.0,124251.0,359497.0,1002248.0,954256.0,531695.0,402802.0,403013.0,421570.0,447342.0,414860.0,463850.0,542136.0,558402.0,479714.0,293538.0,219862.0,200846.0,162301.0,81048.0
공항동,406249116,5656682.0,12793.0,3888.0,1563.0,1214.0,31143.0,117600.0,207845.0,510787.0,609097.0,392033.0,312322.0,296535.0,311616.0,310417.0,298240.0,311768.0,331320.0,364849.0,388647.0,250793.0,204572.0,189911.0,144798.0,52931.0
광장동,402242932,6048120.0,10532.0,2647.0,1557.0,761.0,3600.0,73662.0,232921.0,568258.0,676130.0,417528.0,299705.0,290170.0,316350.0,322844.0,318843.0,348581.0,404331.0,419021.0,480748.0,252994.0,196813.0,204979.0,154300.0,50845.0
광희동,401149476,14336227.0,98640.0,55945.0,31517.0,37286.0,54537.0,214150.0,163178.0,279107.0,462411.0,401071.0,422950.0,538967.0,643779.0,711746.0,857151.0,1017305.0,1199227.0,1576522.0,1918739.0,1087232.0,818008.0,831594.0,606942.0,308223.0
교남동,400785112,3385038.0,21262.0,6410.0,2543.0,2772.0,5960.0,26698.0,58225.0,158762.0,201629.0,166226.0,155527.0,164952.0,171441.0,176515.0,202301.0,250289.0,277043.0,289225.0,302201.0,200169.0,170904.0,166562.0,142298.0,65124.0
구로1동,406606928,1269764.0,1629.0,84.0,109.0,50.0,2315.0,15420.0,73877.0,176749.0,169383.0,100930.0,75392.0,62657.0,64334.0,66085.0,60551.0,63759.0,72371.0,64368.0,68249.0,45287.0,30389.0,25405.0,20106.0,10265.0
구로2동,406613844,8963979.0,44433.0,2480.0,337.0,2221.0,79915.0,211130.0,296833.0,688428.0,891128.0,573446.0,449362.0,422075.0,436334.0,435473.0,434928.0,509924.0,583049.0,751259.0,707113.0,401671.0,324068.0,320545.0,261638.0,136189.0
구로3동,406607656,29482041.0,87643.0,5881.0,1485.0,3381.0,54926.0,695480.0,874010.0,2105740.0,2853885.0,1797214.0,1129699.0,1052281.0,1150666.0,1179744.0,1135700.0,1249030.0,1491490.0,2535597.0,4099692.0,2119433.0,1345543.0,1185906.0,891747.0,435868.0
구로4동,406608020,2532473.0,4467.0,486.0,206.0,1150.0,20849.0,45354.0,62705.0,124147.0,175440.0,138042.0,123770.0,127594.0,136317.0,136777.0,141484.0,161912.0,171530.0,200089.0,210707.0,157700.0,115093.0,120235.0,102296.0,54123.0
구로5동,406608384,8175324.0,19598.0,1122.0,566.0,1119.0,101376.0,216154.0,217709.0,516495.0,691248.0,450690.0,333336.0,328059.0,356522.0,390655.0,390403.0,441504.0,507215.0,619905.0,846396.0,515945.0,388399.0,384405.0,303246.0,153257.0
구산동,404788748,3263556.0,4559.0,477.0,330.0,858.0,54363.0,85730.0,168356.0,366243.0,380450.0,252825.0,188842.0,181441.0,183544.0,174820.0,159898.0,180055.0,222765.0,166635.0,154617.0,109731.0,78812.0,71801.0,60143.0,16261.0
구의1동,402241840,10190644.0,19379.0,1326.0,101.0,0.0,9874.0,173501.0,361142.0,904133.0,1491401.0,906832.0,521063.0,460325.0,479491.0,476981.0,459002.0,503421.0,604093.0,597663.0,724208.0,415623.0,327384.0,329683.0,288803.0,135215.0
구의2동,402242204,7566450.0,11818.0,2071.0,1459.0,997.0,26599.0,144162.0,284212.0,684934.0,928954.0,539208.0,373342.0,357641.0,403496.0,415182.0,416987.0,438081.0,487914.0,505623.0,510722.0,323095.0,236667.0,226362.0,180772.0,66152.0
구의3동,402242568,12914418.0,11600.0,292.0,38.0,0.0,1216.0,107859.0,333091.0,948188.0,1396551.0,1004773.0,794859.0,720580.0,709352.0,695171.0,656220.0,697542.0,755533.0,850630.0,983834.0,709524.0,562836.0,485317.0,349617.0,139795.0
군자동,402239656,2989565.0,26055.0,10523.0,4713.0,4840.0,15024.0,66225.0,99025.0,202080.0,275925.0,200168.0,146198.0,141373.0,158201.0,166321.0,160044.0,164962.0,177502.0,198479.0,223458.0,159084.0,119297.0,114111.0,96293.0,59664.0
금호1가동,401877476,3451578.0,2367.0,11.0,3.0,0.0,241.0,41308.0,137145.0,361798.0,475661.0,278847.0,204108.0,185727.0,189698.0,193293.0,174744.0,184287.0,209657.0,201659.0,198923.0,146436.0,100689.0,79471.0,60492.0,25013.0
"금호2,3가동",401882208,1705829.0,1569.0,1.0,0.0,1.0,6525.0,22727.0,57923.0,131400.0,170827.0,115376.0,90025.0,88157.0,93195.0,96040.0,95254.0,98806.0,113324.0,111541.0,114057.0,95373.0,67669.0,61488.0,54094.0,20457.0
금호4가동,401878568,4919775.0,8143.0,78.0,2.0,0.0,9809.0,83267.0,176722.0,454746.0,627765.0,394828.0,288125.0,260525.0,271898.0,270087.0,246785.0,252791.0,281191.0,300404.0,306126.0,217192.0,161916.0,138377.0,116740.0,52258.0
길동,409526936,5802029.0,18480.0,5280.0,5858.0,2957.0,33828.0,119898.0,220901.0,527858.0,589084.0,369862.0,309593.0,306639.0,336451.0,332212.0,301067.0,323386.0,358450.0,392801.0,415056.0,245805.0,188692.0,182398.0,148483.0,66990.0
길음1동,403336024,12245019.0,31336.0,5879.0,3764.0,2286.0,70228.0,218593.0,579301.0,1465390.0,1513544.0,884773.0,648503.0,582049.0,628691.0,620073.0,575768.0,608578.0,700447.0,737789.0,736425.0,487672.0,361262.0,323307.0,323115.0,136246.0
길음2동,403336752,3612474.0,16561.0,3708.0,1665.0,1718.0,35730.0,57032.0,80778.0,176509.0,221721.0,165567.0,152938.0,168756.0,187728.0,199258.0,215242.0,245800.0,278093.0,287106.0,337059.0,245538.0,228529.0,134804.0,119807.0,50827.0
낙성대동,408065112,5321774.0,22569.0,4720.0,3804.0,4975.0,42463.0,72173.0,119947.0,208479.0,395696.0,364046.0,291158.0,250676.0,296397.0,307661.0,280300.0,292472.0,353017.0,353270.0,384458.0,309696.0,266696.0,281451.0,261690.0,153960.0
난곡동,408073484,3710853.0,4363.0,183.0,1.0,12.0,67121.0,144381.0,192959.0,448095.0,479062.0,321765.0,234583.0,208809.0,218087.0,199880.0,183172.0,180986.0,190926.0,171296.0,156695.0,108016.0,80622.0,59207.0,43267.0,17365.0
난향동,408069844,1942662.0,3805.0,76.0,0.0,1216.0,27380.0,56636.0,99726.0,262979.0,222044.0,148064.0,122202.0,106341.0,111711.0,105487.0,94111.0,97474.0,107583.0,99138.0,91826.0,63430.0,47372.0,36084.0,26504.0,11473.0
남가좌1동,405157116,4221426.0,15925.0,4435.0,1450.0,706.0,45635.0,75913.0,170282.0,468340.0,471595.0,285426.0,231185.0,231283.0,249539.0,229059.0,216765.0,229514.0,248452.0,249859.0,257110.0,182053.0,123023.0,104287.0,86278.0,43312.0
남가좌2동,405157480,4093986.0,9120.0,1988.0,744.0,887.0,16196.0,69511.0,166557.0,371268.0,374595.0,265497.0,220531.0,217031.0,233492.0,244391.0,241825.0,257000.0,287179.0,280707.0,242667.0,169385.0,141206.0,126992.0,108621.0,46596.0
남영동,401511292,12656306.0,55402.0,10740.0,4884.0,3884.0,18143.0,113737.0,274145.0,653565.0,993115.0,677755.0,540388.0,552684.0,623097.0,628175.0,646550.0,727610.0,899904.0,1023001.0,1336489.0,752707.0,632349.0,658103.0,551961.0,277918.0
남현동,408066932,23832091.0,95989.0,15393.0,4739.0,4645.0,33161.0,315654.0,670321.0,1798242.0,2399486.0,1799225.0,1156331.0,1023348.0,1132486.0,1150279.0,1161954.0,1182123.0,1275044.0,1503593.0,1779086.0,1223474.0,1141091.0,1285873.0,1112533.0,568021.0
내곡동,408432752,3392651.0,5225.0,894.0,168.0,126.0,7399.0,31195.0,88920.0,235183.0,267881.0,188083.0,145907.0,143402.0,169231.0,176803.0,199591.0,235390.0,287787.0,419647.0,382908.0,156752.0,102787.0,79187.0,50188.0,17997.0
노량진1동,407706208,20354636.0,62406.0,3944.0,2488.0,2811.0,37044.0,377064.0,587532.0,1476044.0,2040943.0,1221117.0,863894.0,846389.0,953678.0,1030309.0,952692.0,974928.0,1127261.0,1413849.0,1715407.0,1131499.0,961420.0,1088435.0,1047568.0,435914.0
노량진2동,407698928,4527840.0,30980.0,4802.0,2914.0,2814.0,18662.0,52455.0,97276.0,195025.0,282678.0,213136.0,184557.0,190793.0,207720.0,223503.0,225623.0,248754.0,282484.0,338845.0,445766.0,326100.0,248767.0,275373.0,306831.0,121982.0
녹번동,404786564,10514890.0,21006.0,5214.0,2448.0,1453.0,33858.0,196487.0,481118.0,1261862.0,1397179.0,874628.0,613549.0,537745.0,550159.0,530524.0,494169.0,491784.0,523557.0,561960.0,647800.0,404740.0,296575.0,274288.0,217350.0,95437.0
논현1동,408790928,22841561.0,132615.0,23481.0,16670.0,14730.0,32065.0,151845.0,261964.0,562400.0,953907.0,889196.0,694224.0,729161.0,834993.0,942437.0,1084526.0,1275653.0,1504523.0,2182745.0,3312040.0,2132174.0,1491204.0,1642644.0,1333683.0,642681.0
논현2동,408791292,18207161.0,47253.0,884.0,0.0,0.0,9869.0,79806.0,186086.0,385429.0,695418.0,622084.0,462538.0,504079.0,594897.0,684542.0,816960.0,1000247.0,1208749.0,1920532.0,3651391.0,1949466.0,1135259.0,1126446.0,811984.0,313242.0
능동,402241476,15706017.0,52486.0,10324.0,5640.0,4299.0,21473.0,277591.0,457820.0,1141003.0,1759710.0,1079691.0,668317.0,651329.0,715660.0,752981.0,751650.0,828928.0,992638.0,1226097.0,1381689.0,815660.0,651077.0,661538.0,533954.0,264462.0
다산동,401153480,1230177.0,6697.0,5235.0,2817.0,2312.0,8295.0,28666.0,43010.0,97927.0,132196.0,100326.0,67420.0,60991.0,66430.0,70319.0,66983.0,65701.0,68601.0,68925.0,72447.0,54188.0,43634.0,41900.0,34529.0,20628.0
답십리1동,402617124,2499480.0,5184.0,92.0,0.0,0.0,14265.0,51824.0,99557.0,240035.0,292619.0,186660.0,133841.0,121891.0,128300.0,134321.0,123390.0,124474.0,135862.0,149007.0,180372.0,125084.0,83586.0,77291.0,61708.0,30117.0
답십리2동,402615304,3579384.0,11236.0,1172.0,784.0,1617.0,37267.0,84986.0,134207.0,299214.0,369063.0,233895.0,188757.0,169647.0,184764.0,191465.0,181172.0,184078.0,195503.0,229273.0,279521.0,198810.0,131955.0,120948.0,98667.0,51383.0
당산1동,407336020,10577106.0,28020.0,2657.0,1336.0,1042.0,13065.0,102314.0,211876.0,618193.0,808380.0,506714.0,406485.0,434015.0,472269.0,490257.0,522669.0,567661.0,660561.0,937588.0,1699094.0,639142.0,476207.0,469780.0,346547.0,161234.0
당산2동,407336384,18035045.0,69116.0,15369.0,6991.0,4306.0,9482.0,204341.0,497894.0,1411844.0,1857007.0,1086756.0,778798.0,780756.0,842301.0,851788.0,823052.0,874194.0,1000235.0,1344084.0,1836104.0,1033604.0,809396.0,837041.0,702298.0,358288.0
대림1동,407341480,1774035.0,4571.0,496.0,179.0,179.0,23287.0,38880.0,54419.0,129610.0,162238.0,125811.0,111843.0,109789.0,105613.0,93727.0,101377.0,115571.0,114027.0,135333.0,104903.0,72112.0,51473.0,49259.0,53706.0,15632.0
대림2동,407341844,1550447.0,8633.0,1674.0,564.0,319.0,17267.0,30718.0,34187.0,65466.0,102677.0,73306.0,67157.0,70774.0,72614.0,76372.0,81321.0,91166.0,105468.0,133968.0,151324.0,110951.0,77910.0,76946.0,67149.0,32516.0
대림3동,407342208,12904872.0,19978.0,1844.0,626.0,1002.0,14681.0,537994.0,544181.0,1112081.0,1567397.0,1051142.0,668667.0,611613.0,649530.0,647096.0,623667.0,649045.0,711640.0,881336.0,963562.0,542278.0,402364.0,337552.0,245421.0,120175.0
대방동,407704752,15689667.0,23685.0,340.0,161.0,232.0,14350.0,259590.0,547100.0,1467473.0,2040696.0,1250747.0,811534.0,764280.0,810656.0,781047.0,764194.0,815814.0,946446.0,972302.0,1189077.0,675773.0,510469.0,477463.0,391246.0,174992.0
대조동,404789112,10796448.0,25228.0,4447.0,1578.0,939.0,31401.0,185391.0,352914.0,900577.0,1068614.0,662771.0,521764.0,528526.0,580698.0,593071.0,605493.0,670640.0,752643.0,752860.0,792483.0,539736.0,422552.0,385440.0,289219.0,127463.0
대치1동,408793840,4610907.0,36973.0,6134.0,1731.0,898.0,5908.0,20374.0,50955.0,185557.0,235539.0,185320.0,152061.0,159842.0,226995.0,272687.0,250540.0,285768.0,355919.0,403374.0,367875.0,309883.0,235345.0,310915.0,447199.0,103115.0
대치2동,408800756,27150232.0,66069.0,8910.0,3018.0,2149.0,8550.0,116856.0,333252.0,737325.0,963360.0,719959.0,638783.0,792284.0,989236.0,1205736.0,1353594.0,1693607.0,2072228.0,3325482.0,4464543.0,2356710.0,1775319.0,1707545.0,1465814.0,349903.0
대치4동,408794932,23160438.0,68220.0,10209.0,6393.0,5208.0,14916.0,90268.0,212982.0,511062.0,786744.0,639218.0,591453.0,710505.0,876790.0,1003838.0,1100222.0,1377177.0,1760765.0,2712839.0,4083956.0,2043116.0,1363588.0,1462186.0,1318731.0,410052.0
대학동,408070572,9118250.0,21371.0,266.0,220.0,117.0,34572.0,120460.0,221372.0,427779.0,566793.0,480587.0,389512.0,400027.0,512436.0,548620.0,517821.0,629228.0,724013.0,851809.0,845723.0,517780.0,412240.0,374809.0,351877.0,168818.0
대흥동,405517840,13144785.0,46232.0,8991.0,4530.0,3342.0,12865.0,126046.0,274272.0,743662.0,1054083.0,674772.0,535431.0,578954.0,727744.0,777220.0,718576.0,830379.0,966846.0,1168785.0,1160475.0,727473.0,597849.0,624218.0,556918.0,225122.0
도곡1동,408796024,7837032.0,26186.0,4695.0,2047.0,2201.0,5176.0,58212.0,166087.0,415767.0,561599.0,406100.0,320423.0,324629.0,349630.0,385494.0,411270.0,462099.0,540975.0,756737.0,1118107.0,472344.0,342681.0,363247.0,248294.0,93032.0
도곡2동,408796388,9223380.0,17382.0,2972.0,1232.0,897.0,3268.0,45364.0,190318.0,492636.0,675605.0,441773.0,346260.0,366903.0,433137.0,456297.0,466958.0,581345.0,703680.0,925189.0,996347.0,582535.0,507938.0,442116.0,435054.0,108174.0
도림동,407343300,1666467.0,2828.0,64.0,0.0,0.0,5195.0,14947.0,75228.0,204396.0,249212.0,160909.0,100017.0,84540.0,88556.0,83188.0,76852.0,74115.0,81064.0,91176.0,89717.0,57641.0,43887.0,40730.0,29151.0,13054.0
도봉1동,404063296,3623884.0,7074.0,3696.0,3587.0,15954.0,79242.0,65745.0,124816.0,277573.0,345432.0,231880.0,179876.0,170247.0,185014.0,206891.0,209411.0,224481.0,249154.0,250339.0,272246.0,190341.0,126713.0,104549.0,75164.0,24459.0
도봉2동,404063660,7952384.0,28799.0,4639.0,289.0,45.0,10053.0,180156.0,404165.0,1057299.0,950091.0,552904.0,403193.0,379962.0,406725.0,417411.0,431526.0,470247.0,509177.0,472897.0,445255.0,285061.0,185486.0,157485.0,127292.0,72227.0
도화동,405523300,2462207.0,20034.0,2023.0,1096.0,1354.0,4279.0,17631.0,49415.0,136832.0,190358.0,126733.0,107726.0,116051.0,123060.0,130673.0,133160.0,141719.0,155842.0,180175.0,220992.0,161871.0,128947.0,129934.0,114093.0,68209.0
독산1동,406970928,8509691.0,12120.0,428.0,263.0,267.0,27220.0,134421.0,306251.0,829484.0,858098.0,510914.0,360994.0,344620.0,379466.0,381643.0,371338.0,416851.0,481277.0,750650.0,902940.0,547719.0,337153.0,272687.0,198589.0,84298.0
독산2동,406971292,3161442.0,9014.0,1300.0,1206.0,713.0,63407.0,115370.0,144146.0,333304.0,374830.0,243376.0,172354.0,153148.0,156692.0,155841.0,142264.0,147208.0,158171.0,179465.0,189215.0,139973.0,95539.0,87004.0,65265.0,32637.0
독산3동,406971656,5113917.0,16819.0,4529.0,3704.0,5621.0,91662.0,183018.0,208917.0,438726.0,533249.0,384739.0,270559.0,246006.0,253825.0,256383.0,241458.0,266207.0,289694.0,326411.0,341979.0,273681.0,173315.0,146777.0,107227.0,49411.0
독산4동,406972020,3595999.0,15747.0,2705.0,1804.0,1057.0,62771.0,116872.0,131458.0,271395.0,312749.0,221421.0,173457.0,167560.0,187664.0,180375.0,170686.0,173366.0,199463.0,260266.0,303731.0,222811.0,151983.0,130403.0,92260.0,43995.0
돈암1동,403333112,4754964.0,26696.0,5983.0,1260.0,892.0,66257.0,72456.0,116516.0,279279.0,395582.0,287872.0,232052.0,220913.0,227826.0,231469.0,225128.0,288302.0,322971.0,311854.0,368145.0,301414.0,217798.0,209157.0,220120.0,125022.0
돈암2동,403333476,1817854.0,1089.0,14.0,14.0,6.0,5019.0,30870.0,84111.0,220038.0,210804.0,152077.0,125615.0,114587.0,116121.0,110724.0,99391.0,98811.0,104859.0,99823.0,91544.0,56654.0,36220.0,28688.0,21173.0,9602.0
동선동,403342212,6018133.0,102043.0,26205.0,6837.0,5849.0,32742.0,56250.0,91034.0,197860.0,325484.0,233455.0,212234.0,234649.0,278924.0,299541.0,315543.0,354569.0,393689.0,426506.0,497311.0,444832.0,390647.0,435770.0,405348.0,250811.0
동화동,401154572,2841301.0,8563.0,813.0,156.0,183.0,260.0,37911.0,79160.0,187579.0,266231.0,174229.0,137089.0,134585.0,131614.0,141602.0,139605.0,141052.0,167016.0,197553.0,325112.0,201804.0,127827.0,109463.0,89204.0,42690.0
둔촌1동,409525480,3589617.0,4655.0,204.0,6.0,0.0,28.0,50914.0,128435.0,331026.0,384221.0,225350.0,170517.0,172700.0,179308.0,179769.0,178908.0,199898.0,272314.0,276238.0,309553.0,163644.0,122775.0,115836.0,89140.0,34178.0
둔촌2동,409525844,5471071.0,11011.0,438.0,1.0,0.0,3557.0,48673.0,208475.0,600751.0,627768.0,381514.0,296854.0,279008.0,272118.0,231284.0,282078.0,324215.0,343115.0,396719.0,397262.0,251173.0,163054.0,154256.0,137910.0,59837.0
등촌1동,406242928,4798401.0,13622.0,1694.0,784.0,544.0,2244.0,52913.0,154571.0,395835.0,484949.0,300025.0,218559.0,220147.0,237449.0,238108.0,231623.0,252288.0,300240.0,395149.0,566397.0,247063.0,168732.0,152978.0,111104.0,51383.0
등촌2동,406243292,2514525.0,9064.0,2478.0,1490.0,1055.0,23096.0,45025.0,79570.0,227123.0,257119.0,166331.0,121756.0,120452.0,126765.0,125766.0,127062.0,164580.0,192558.0,161295.0,189379.0,120008.0,79513.0,77238.0,62645.0,33157.0
등촌3동,406243656,10756283.0,17614.0,1422.0,726.0,802.0,14263.0,214508.0,375386.0,1036928.0,1170093.0,664809.0,512218.0,521425.0,563606.0,547921.0,539766.0,613107.0,697263.0,765882.0,895354.0,501912.0,376108.0,352504.0,272476.0,100190.0
마장동,401875656,3871594.0,6251.0,121.0,6.0,0.0,16106.0,70440.0,126816.0,305049.0,390636.0,250487.0,194374.0,194429.0,209773.0,210154.0,207909.0,222212.0,255421.0,286650.0,314982.0,203929.0,140271.0,126836.0,98281.0,40461.0
마천1동,409156020,3500957.0,2207.0,4.0,1.0,0.0,25748.0,107587.0,208436.0,575721.0,520683.0,269396.0,189501.0,168510.0,182156.0,173034.0,157143.0,150757.0,175040.0,167116.0,169478.0,90173.0,67842.0,50039.0,35220.0,15165.0
마천2동,409156384,2164334.0,5501.0,2.0,3.0,0.0,22600.0,59384.0,95373.0,209556.0,247137.0,156200.0,121222.0,112601.0,124320.0,122995.0,117271.0,119408.0,126144.0,135507.0,127301.0,84461.0,64334.0,52738.0,39217.0,21059.0
망우3동,402972752,1518234.0,2495.0,448.0,5.0,0.0,20943.0,49514.0,84668.0,173598.0,196472.0,108755.0,81641.0,69831.0,76052.0,76140.0,68699.0,74436.0,94189.0,81000.0,80017.0,73393.0,39450.0,33606.0,23570.0,9312.0
망우본동,402974572,6526857.0,21965.0,6291.0,2964.0,1404.0,44562.0,119814.0,237375.0,591484.0,611707.0,378144.0,328382.0,320246.0,351578.0,344002.0,341788.0,416044.0,504973.0,454153.0,479994.0,350233.0,222671.0,196836.0,135490.0,64757.0
망원1동,405521116,2070973.0,6412.0,694.0,696.0,251.0,5538.0,25044.0,61709.0,160797.0,217996.0,145070.0,105619.0,101752.0,115380.0,123132.0,121640.0,120540.0,132541.0,143709.0,136888.0,102993.0,82296.0,71843.0,58806.0,29627.0
망원2동,405521480,1644813.0,5327.0,413.0,333.0,244.0,8113.0,30819.0,61168.0,143745.0,193519.0,111288.0,77650.0,72873.0,80298.0,83698.0,80847.0,85143.0,95696.0,105976.0,117668.0,84345.0,66252.0,63072.0,49878.0,26448.0
면목2동,402966928,2123745.0,7654.0,4972.0,2497.0,3845.0,31181.0,59580.0,99848.0,229634.0,278597.0,155599.0,114421.0,106946.0,112082.0,112521.0,101077.0,96030.0,107153.0,113886.0,120361.0,99738.0,60668.0,52423.0,35558.0,17474.0
"면목3,8동",402974208,8758952.0,18576.0,854.0,232.0,109.0,33894.0,179680.0,366291.0,869820.0,1087121.0,651229.0,451210.0,415427.0,454783.0,438550.0,423468.0,468582.0,533353.0,525488.0,537996.0,437880.0,300156.0,268093.0,199676.0,96484.0
면목4동,402967656,3650235.0,11817.0,2305.0,1301.0,1575.0,25015.0,102180.0,189663.0,426621.0,517288.0,304839.0,196170.0,174528.0,181700.0,177732.0,160039.0,166433.0,181462.0,190732.0,202236.0,157337.0,96203.0,83132.0,64797.0,35130.0
면목5동,402968020,1500183.0,8350.0,3211.0,2303.0,2701.0,17897.0,35092.0,73041.0,177557.0,188004.0,110495.0,77667.0,70230.0,74187.0,71521.0,66971.0,67646.0,74236.0,81316.0,87343.0,73311.0,49761.0,40348.0,30254.0,16741.0
면목7동,402968748,1927158.0,6033.0,709.0,336.0,103.0,24039.0,39791.0,60313.0,144266.0,167713.0,122975.0,96597.0,91461.0,106082.0,107168.0,98756.0,105703.0,115319.0,129286.0,142267.0,124385.0,83105.0,79081.0,57547.0,24123.0
면목본동,402973844,9547726.0,24131.0,2410.0,627.0,234.0,54023.0,219148.0,393615.0,895430.0,1196851.0,715163.0,483640.0,429610.0,480293.0,480812.0,435562.0,476784.0,569124.0,576673.0,604087.0,552946.0,340635.0,286062.0,219037.0,110829.0
명동,401148020,27336721.0,104145.0,23326.0,8754.0,7281.0,10416.0,76523.0,178137.0,448358.0,712368.0,711107.0,745109.0,960363.0,1087187.0,1275316.0,1448473.0,1746404.0,1987094.0,3042254.0,4957570.0,2325355.0,2090219.0,1712117.0,1192095.0,486750.0
명일1동,409519292,5173806.0,16353.0,3598.0,1898.0,1357.0,7659.0,82542.0,226749.0,576742.0,540660.0,326284.0,282232.0,262811.0,292684.0,273856.0,266346.0,282076.0,323499.0,299364.0,314898.0,231224.0,175469.0,183777.0,139628.0,62100.0
명일2동,409519656,4647319.0,4853.0,572.0,167.0,59.0,5133.0,58864.0,170940.0,443848.0,399174.0,272207.0,241674.0,256044.0,265994.0,245141.0,262174.0,302144.0,383114.0,363623.0,283189.0,182258.0,151841.0,156151.0,158774.0,39381.0
목1동,405878564,19408431.0,59943.0,7306.0,3878.0,2612.0,27672.0,190220.0,482242.0,1436475.0,1772434.0,960265.0,738613.0,773578.0,894926.0,937442.0,959372.0,1062984.0,1237077.0,1465803.0,1860712.0,1183593.0,1083874.0,996977.0,935303.0,335130.0
목2동,405878928,9173258.0,9378.0,2711.0,1802.0,1375.0,16878.0,182989.0,446798.0,1265328.0,1394883.0,784011.0,505412.0,456547.0,469741.0,442041.0,392372.0,382675.0,424681.0,478379.0,519131.0,319693.0,229895.0,207657.0,165727.0,73154.0
목3동,405879292,6760337.0,10216.0,3150.0,2137.0,2096.0,22573.0,123113.0,285510.0,744152.0,877393.0,498945.0,378099.0,363485.0,378470.0,367862.0,340621.0,341644.0,385469.0,390989.0,447305.0,250981.0,186396.0,169205.0,131902.0,58624.0
목4동,405879656,3078587.0,11064.0,2079.0,1773.0,912.0,22936.0,61151.0,138911.0,341741.0,329699.0,239442.0,170981.0,164307.0,176666.0,173952.0,157531.0,162852.0,190291.0,180275.0,169265.0,115862.0,86570.0,74595.0,71825.0,33907.0
목5동,405885844,4768921.0,13227.0,145.0,2.0,0.0,3388.0,48949.0,138252.0,369766.0,368141.0,261481.0,223187.0,223256.0,247944.0,255848.0,250812.0,301981.0,346208.0,365827.0,334521.0,233530.0,185487.0,209452.0,305711.0,81806.0
무악동,400784748,712841.0,23959.0,2968.0,433.0,334.0,535.0,5294.0,8784.0,21763.0,30216.0,27969.0,29562.0,34214.0,36024.0,35771.0,42205.0,53426.0,62003.0,57208.0,60709.0,50508.0,39046.0,37057.0,34807.0,18046.0
묵1동,402971296,2471834.0,16441.0,1919.0,793.0,696.0,12799.0,19367.0,55166.0,146107.0,208914.0,141211.0,114745.0,113508.0,127826.0,140139.0,136131.0,159575.0,179794.0,165256.0,185226.0,162492.0,117951.0,114639.0,95015.0,56124.0
묵2동,402971660,4424013.0,6762.0,1984.0,2520.0,4641.0,34821.0,119188.0,201416.0,498895.0,632895.0,374512.0,252943.0,228393.0,242842.0,232677.0,210396.0,208904.0,220814.0,226897.0,235847.0,155676.0,119385.0,101085.0,74849.0,35671.0
문래동,407343664,10610135.0,35294.0,3219.0,2406.0,1624.0,21597.0,85452.0,231797.0,725492.0,877297.0,508082.0,360408.0,362038.0,416701.0,455079.0,466001.0,520894.0,638014.0,1003150.0,1679845.0,680824.0,481688.0,507367.0,373274.0,172592.0
문정1동,409160752,1475133.0,10628.0,2962.0,539.0,90.0,7480.0,15694.0,40417.0,106646.0,127317.0,83707.0,66299.0,66349.0,72367.0,73412.0,76033.0,88275.0,103223.0,108517.0,137274.0,81354.0,64749.0,63903.0,52009.0,25889.0
문정2동,409161116,12266488.0,46770.0,31371.0,7741.0,1973.0,13026.0,92707.0,250937.0,679710.0,927845.0,586066.0,418931.0,404552.0,465178.0,498987.0,534677.0,611582.0,742407.0,1389721.0,2057269.0,847318.0,577316.0,526586.0,395625.0,158193.0
미성동,408074212,5231734.0,13297.0,2148.0,2212.0,3420.0,64061.0,139452.0,196746.0,439555.0,555715.0,400165.0,294177.0,274197.0,282770.0,280454.0,266529.0,287734.0,335758.0,320628.0,318890.0,245034.0,183036.0,155350.0,116482.0,53924.0
미아동,403701480,8637666.0,17273.0,4319.0,1249.0,1969.0,52335.0,191633.0,325097.0,695146.0,822040.0,557027.0,450320.0,452139.0,492322.0,482030.0,474888.0,504262.0,569756.0,587378.0,622899.0,439993.0,312246.0,265030.0,220329.0,95986.0
반포1동,408428748,7258074.0,50242.0,17466.0,8619.0,5799.0,8961.0,59103.0,171218.0,487707.0,723701.0,543604.0,340786.0,309744.0,342420.0,368599.0,362927.0,399040.0,506681.0,528041.0,587484.0,395889.0,302777.0,324428.0,278777.0,134061.0
반포2동,408429112,3433024.0,15133.0,1844.0,140.0,40.0,1411.0,16518.0,57490.0,159347.0,233988.0,174855.0,137268.0,138051.0,161572.0,172168.0,175458.0,269028.0,411890.0,343978.0,278746.0,182738.0,151005.0,162968.0,134296.0,53092.0
반포3동,408429476,4764548.0,48272.0,6037.0,637.0,997.0,3202.0,25113.0,60796.0,201140.0,238821.0,170704.0,150651.0,185001.0,231159.0,253408.0,280526.0,330989.0,367370.0,398636.0,417193.0,373829.0,328666.0,300826.0,269514.0,121061.0
반포4동,408429840,31754654.0,62882.0,6182.0,1820.0,565.0,8759.0,155116.0,268640.0,808667.0,1264947.0,1318120.0,1268544.0,1519681.0,1715127.0,1864493.0,2038840.0,2346083.0,2619718.0,3052577.0,2970873.0,2368511.0,2482600.0,1818611.0,1316666.0,476632.0
반포본동,408428384,1163908.0,9364.0,1129.0,1.0,0.0,5346.0,15770.0,21921.0,48282.0,72935.0,59084.0,44975.0,47397.0,57358.0,66171.0,79538.0,92635.0,125646.0,100101.0,108201.0,61024.0,46685.0,40366.0,41429.0,18550.0
발산1동,406248388,8361847.0,13989.0,5605.0,4703.0,3366.0,10763.0,118366.0,345943.0,901386.0,943017.0,552664.0,464761.0,452089.0,478570.0,463184.0,445882.0,533165.0,572732.0,523225.0,483454.0,331352.0,241941.0,219491.0,191169.0,61030.0
방배1동,408430568,7308178.0,17902.0,1111.0,653.0,447.0,4858.0,37886.0,138356.0,369738.0,677088.0,455059.0,300703.0,287342.0,321274.0,354708.0,357130.0,386052.0,463990.0,636068.0,1025679.0,459601.0,330163.0,331879.0,254017.0,96474.0
방배2동,408430932,3327160.0,5213.0,1189.0,596.0,400.0,39494.0,53910.0,78934.0,204378.0,327485.0,224390.0,154611.0,144107.0,157984.0,171222.0,174878.0,186952.0,219728.0,246252.0,270353.0,188922.0,144784.0,149328.0,126687.0,55363.0
방배3동,408431296,8791916.0,20273.0,5298.0,2783.0,2815.0,2898.0,58780.0,189042.0,512725.0,784391.0,563702.0,390190.0,383497.0,426056.0,453427.0,480675.0,544824.0,650771.0,736082.0,1018591.0,480045.0,350679.0,352077.0,278710.0,103585.0
방배4동,408431660,3524302.0,12530.0,1720.0,405.0,370.0,16434.0,41618.0,97252.0,236494.0,356358.0,258499.0,191547.0,178938.0,196294.0,207218.0,199010.0,208584.0,248862.0,234705.0,251559.0,176688.0,132368.0,127023.0,105088.0,44738.0
방배본동,408430204,2462544.0,7034.0,904.0,1.0,0.0,3528.0,17698.0,57135.0,191798.0,226894.0,150112.0,120239.0,120786.0,129792.0,133721.0,129451.0,137096.0,155574.0,207291.0,236836.0,136409.0,101008.0,97061.0,73913.0,28263.0
방이1동,409156748,3503517.0,5370.0,237.0,110.0,100.0,2266.0,36896.0,117686.0,312344.0,320797.0,209071.0,165489.0,158170.0,177625.0,186155.0,166893.0,180850.0,211079.0,248613.0,327471.0,170761.0,140824.0,163879.0,167851.0,32980.0
방이2동,409157112,4075700.0,30798.0,4627.0,1798.0,1464.0,8466.0,54869.0,113851.0,303540.0,424938.0,278804.0,179850.0,171745.0,189037.0,199710.0,195115.0,204579.0,224095.0,260703.0,342054.0,198884.0,190005.0,224481.0,187757.0,84530.0
방학1동,404060020,5310075.0,21962.0,7292.0,2979.0,3021.0,45005.0,140755.0,230177.0,521817.0,523340.0,350378.0,291635.0,277578.0,310860.0,292981.0,278527.0,291338.0,315220.0,325929.0,349213.0,235508.0,168964.0,156656.0,117366.0,51574.0
방학2동,404060384,1490496.0,2638.0,63.0,48.0,58.0,5458.0,39361.0,66638.0,163406.0,163030.0,116243.0,95784.0,84936.0,91206.0,88543.0,81501.0,83366.0,86854.0,83557.0,80055.0,58154.0,39811.0,27612.0,22109.0,10065.0
방학3동,404060748,2966970.0,5017.0,1023.0,762.0,1899.0,24792.0,80334.0,171062.0,383879.0,348634.0,231828.0,189537.0,163108.0,172641.0,172074.0,159608.0,157340.0,155662.0,147267.0,133234.0,90879.0,64523.0,53655.0,41518.0,16694.0
방화1동,406249480,5860869.0,13743.0,3327.0,2623.0,1152.0,20984.0,96937.0,205182.0,562085.0,630025.0,356200.0,259205.0,258223.0,287390.0,275762.0,263861.0,297412.0,378585.0,541542.0,571332.0,284397.0,202248.0,171714.0,129543.0,47397.0
방화2동,406249844,12211371.0,13588.0,3446.0,2458.0,2111.0,29058.0,129110.0,297122.0,713213.0,810062.0,598648.0,528319.0,616392.0,674389.0,674909.0,713625.0,785514.0,816819.0,985149.0,1198647.0,747576.0,644421.0,645260.0,480628.0,100907.0
방화3동,406250208,2665736.0,1171.0,49.0,1.0,6.0,12081.0,66534.0,141456.0,359483.0,329610.0,191273.0,155044.0,150091.0,151018.0,149558.0,139332.0,143015.0,162407.0,153055.0,143419.0,75832.0,57135.0,42375.0,31882.0,9909.0
번1동,403697840,18429555.0,85214.0,18887.0,3674.0,2906.0,42144.0,311368.0,675652.0,1590552.0,1805627.0,1176330.0,909153.0,875555.0,942639.0,932903.0,914870.0,961632.0,1076118.0,1218995.0,1417686.0,1011426.0,767671.0,741476.0,594754.0,352323.0
번2동,403698204,3053665.0,4363.0,88.0,2.0,1.0,14878.0,78016.0,129373.0,308900.0,322164.0,224292.0,187457.0,173270.0,181905.0,175734.0,167801.0,177310.0,181517.0,177293.0,188604.0,117028.0,88596.0,76882.0,53715.0,24476.0
번3동,403698568,2491434.0,2359.0,181.0,385.0,163.0,28867.0,64218.0,118744.0,257184.0,280385.0,194023.0,159522.0,147168.0,150328.0,140756.0,139755.0,139196.0,147260.0,145552.0,136995.0,88421.0,59985.0,45176.0,30608.0,14203.0
보광동,401517480,1904575.0,5729.0,397.0,1.0,0.0,6699.0,28873.0,59454.0,139243.0,191379.0,157479.0,124810.0,113778.0,117987.0,117147.0,111034.0,121563.0,137395.0,124006.0,110052.0,74273.0,58516.0,50052.0,38827.0,15881.0
보라매동,408062928,3724635.0,8888.0,1155.0,469.0,813.0,15658.0,66451.0,126886.0,333673.0,411888.0,272279.0,193473.0,179447.0,192986.0,194526.0,192983.0,203865.0,217550.0,251346.0,309330.0,168660.0,154786.0,104375.0,82604.0,40544.0
보문동,403334204,4787261.0,17086.0,2642.0,1294.0,1258.0,16037.0,72215.0,148865.0,398921.0,627259.0,358306.0,250950.0,229044.0,248184.0,252981.0,237853.0,241597.0,284159.0,307173.0,375948.0,215272.0,158520.0,149657.0,120810.0,71230.0
부암동,400784020,3314522.0,5559.0,296.0,5.0,0.0,8314.0,37929.0,77594.0,181353.0,224298.0,169868.0,160045.0,161927.0,189917.0,201452.0,239832.0,262621.0,316594.0,325673.0,264123.0,162202.0,123486.0,102780.0,69744.0,28910.0
북가좌1동,405157844,1950857.0,5613.0,1135.0,17.0,0.0,33559.0,49352.0,128246.0,256133.0,236021.0,155716.0,115567.0,104333.0,105892.0,105240.0,90427.0,92617.0,97452.0,94794.0,95005.0,61312.0,40951.0,37209.0,29883.0,14383.0
북가좌2동,405158208,3692260.0,13576.0,1745.0,25.0,13.0,41274.0,62042.0,141817.0,301437.0,348495.0,249331.0,194459.0,179347.0,192311.0,201680.0,193249.0,204683.0,221829.0,232469.0,260225.0,200294.0,144060.0,135216.0,113987.0,58696.0
북아현동,405158936,2475360.0,10121.0,4015.0,1950.0,1167.0,5418.0,21923.0,52403.0,120502.0,157268.0,126627.0,118571.0,120860.0,137570.0,140817.0,137938.0,159528.0,187284.0,192658.0,211665.0,169980.0,130767.0,130254.0,110680.0,25394.0
불광1동,404786928,6682643.0,70341.0,15168.0,5097.0,1977.0,44054.0,93859.0,207982.0,495210.0,538322.0,364578.0,333774.0,317573.0,338619.0,332727.0,333914.0,366881.0,431125.0,421368.0,493775.0,439966.0,308214.0,293295.0,260354.0,174470.0
불광2동,404794208,3773514.0,14420.0,5961.0,6044.0,1738.0,59253.0,76215.0,153193.0,300070.0,330977.0,237837.0,201222.0,200893.0,216772.0,216168.0,216531.0,252075.0,266949.0,228444.0,225086.0,170452.0,132184.0,117648.0,93618.0,49764.0
사근동,401876020,6079167.0,19019.0,2293.0,1501.0,755.0,5433.0,59384.0,100455.0,216376.0,348802.0,237971.0,206493.0,258282.0,316940.0,333777.0,367309.0,450681.0,582501.0,714803.0,592747.0,328001.0,270473.0,283702.0,241790.0,139679.0
사당1동,407702932,2912763.0,41990.0,15419.0,6413.0,4056.0,4407.0,34070.0,65729.0,154004.0,226713.0,149788.0,112272.0,109218.0,126999.0,135694.0,141529.0,156318.0,172817.0,193735.0,245315.0,197146.0,164642.0,176442.0,167816.0,110231.0
사당2동,407706572,17032162.0,49065.0,6156.0,659.0,528.0,3503.0,167951.0,402161.0,1136500.0,1500467.0,1012661.0,781215.0,806171.0,876550.0,919093.0,902631.0,973345.0,1096105.0,1241019.0,1499193.0,962771.0,842065.0,833647.0,697959.0,320747.0
사당3동,407703660,2006349.0,2305.0,1235.0,512.0,578.0,73.0,24909.0,83392.0,186652.0,194143.0,141970.0,120328.0,112022.0,111917.0,118572.0,109034.0,108815.0,119597.0,124502.0,134532.0,97125.0,72027.0,65856.0,53232.0,23021.0
사당4동,407704024,3928167.0,2829.0,109.0,90.0,199.0,558.0,70672.0,165989.0,448284.0,656445.0,396152.0,239502.0,209116.0,210995.0,206609.0,184383.0,176551.0,190461.0,191306.0,189494.0,112120.0,96365.0,91355.0,63020.0,25563.0
사당5동,407704388,1457483.0,191.0,461.0,425.0,470.0,761.0,12677.0,65527.0,167814.0,181554.0,132581.0,95881.0,84394.0,82180.0,79602.0,74036.0,79101.0,95448.0,82374.0,78271.0,50351.0,33247.0,28629.0,22431.0,9077.0
사직동,400783292,26307086.0,94986.0,19962.0,10029.0,3956.0,30969.0,115763.0,227882.0,554677.0,852698.0,723169.0,692750.0,856360.0,1027717.0,1244800.0,1479777.0,1827477.0,2187294.0,2966670.0,4549419.0,1935307.0,1607034.0,1711907.0,1140782.0,445701.0
삼각산동,403702572,2437761.0,5882.0,1244.0,4.0,0.0,51785.0,67138.0,113799.0,226065.0,213242.0,151641.0,138997.0,132941.0,144848.0,143318.0,138870.0,144325.0,150196.0,151557.0,140164.0,106602.0,77988.0,62600.0,51037.0,23518.0
삼선동,403341848,19056839.0,97121.0,11584.0,2688.0,1737.0,24193.0,208737.0,485088.0,1220760.0,1518057.0,1052694.0,882667.0,914018.0,1032709.0,1075422.0,1086770.0,1192645.0,1397998.0,1446568.0,1523233.0,1009369.0,881047.0,910135.0,738397.0,343202.0
삼성1동,408793112,19090476.0,60613.0,16302.0,6308.0,5615.0,11697.0,119284.0,284743.0,574395.0,1073024.0,767251.0,507887.0,573734.0,701325.0,810035.0,911126.0,1131903.0,1389576.0,2117935.0,3157121.0,1637437.0,1128870.0,1079738.0,774213.0,250344.0
삼성2동,408793476,9433356.0,39288.0,11132.0,5644.0,6716.0,13136.0,47427.0,148555.0,369753.0,641421.0,532479.0,354147.0,350102.0,400076.0,438297.0,454856.0,494929.0,602782.0,947847.0,1473148.0,760478.0,450124.0,419756.0,328429.0,142834.0
삼성동,408073848,3374736.0,9659.0,19.0,15.0,8.0,24936.0,78893.0,126754.0,270258.0,300656.0,213247.0,194507.0,187671.0,194737.0,191711.0,188554.0,215674.0,286295.0,215589.0,205885.0,149354.0,109400.0,90067.0,79879.0,40968.0
삼양동,403701116,4118983.0,4498.0,635.0,3.0,0.0,39971.0,96887.0,212941.0,569361.0,575554.0,339216.0,231615.0,209678.0,220423.0,212688.0,195913.0,203200.0,214850.0,201210.0,185512.0,142460.0,97915.0,77791.0,59162.0,27500.0
삼전동,409159296,2522653.0,14690.0,939.0,0.0,0.0,8940.0,42082.0,80787.0,215375.0,329687.0,207726.0,131252.0,118034.0,129138.0,131174.0,124095.0,131974.0,151299.0,148791.0,167903.0,113425.0,86058.0,80778.0,71697.0,36809.0
삼청동,400783656,1540812.0,4298.0,431.0,212.0,86.0,822.0,4876.0,14252.0,35771.0,51504.0,47211.0,44090.0,57385.0,79103.0,94576.0,112372.0,133480.0,160625.0,164926.0,171365.0,113766.0,99476.0,82246.0,49513.0,18426.0
상계10동,404430936,2200090.0,18547.0,3521.0,301.0,1904.0,20808.0,28872.0,56619.0,145706.0,161948.0,116805.0,99416.0,96997.0,106251.0,114493.0,116461.0,145538.0,170903.0,148572.0,155953.0,133991.0,107483.0,99551.0,94697.0,54753.0
상계1동,404427660,6781940.0,16074.0,2075.0,122.0,0.0,19717.0,139223.0,319179.0,762863.0,750409.0,475378.0,352329.0,323064.0,354955.0,371713.0,362210.0,384650.0,408904.0,396353.0,415176.0,306920.0,214706.0,192865.0,140308.0,72747.0
상계2동,404428024,16514084.0,58192.0,4682.0,6231.0,3674.0,19364.0,247562.0,495175.0,1173608.0,1261443.0,825215.0,720055.0,768750.0,881443.0,885095.0,915924.0,995895.0,1097825.0,1164119.0,1255014.0,937465.0,908407.0,837728.0,725391.0,325827.0
"상계3,4동",404431664,3909336.0,1602.0,37.0,1.0,0.0,16312.0,108723.0,198135.0,537010.0,507280.0,320916.0,231952.0,214144.0,219572.0,219551.0,205501.0,195479.0,203226.0,209314.0,189041.0,120344.0,80774.0,67274.0,46234.0,16914.0
상계5동,404429116,7860440.0,6504.0,244.0,4.0,0.0,10654.0,181203.0,477534.0,1137190.0,996451.0,599477.0,439925.0,403272.0,429466.0,403429.0,367388.0,368285.0,406445.0,402505.0,376698.0,259257.0,189326.0,176417.0,173876.0,54890.0
"상계6,7동",404432028,3892569.0,23182.0,5417.0,4536.0,2890.0,26880.0,37593.0,60145.0,165501.0,177875.0,167400.0,185864.0,211754.0,226300.0,228866.0,246929.0,292478.0,315022.0,303739.0,315502.0,240472.0,201870.0,194487.0,182315.0,75552.0
상계8동,404430208,5010287.0,2499.0,5.0,0.0,0.0,9470.0,129509.0,330162.0,826892.0,799474.0,415774.0,295305.0,265247.0,280939.0,257309.0,227157.0,226819.0,222091.0,201598.0,184930.0,118649.0,82955.0,62253.0,51038.0,20212.0
상계9동,404430572,1287387.0,3180.0,838.0,21.0,0.0,2539.0,16266.0,54002.0,127000.0,128705.0,88523.0,68643.0,65545.0,73224.0,71925.0,76492.0,89300.0,83324.0,76989.0,76643.0,60804.0,42113.0,35018.0,31340.0,14953.0
상도1동,407699292,17639856.0,39071.0,3254.0,1641.0,1712.0,24247.0,237140.0,550678.0,1478953.0,1882533.0,1234451.0,911060.0,855089.0,914292.0,933954.0,920461.0,960409.0,1139204.0,1245122.0,1266083.0,856871.0,663129.0,651014.0,570330.0,299158.0
상도2동,407699656,6672300.0,15291.0,2173.0,1244.0,1227.0,20492.0,127150.0,236047.0,563970.0,791297.0,514388.0,379497.0,354529.0,368753.0,381137.0,354270.0,359583.0,384860.0,400397.0,447857.0,292331.0,223605.0,204526.0,171691.0,75985.0
상도3동,407700020,2801865.0,4559.0,1275.0,793.0,949.0,16064.0,54987.0,106415.0,252973.0,302111.0,202779.0,157935.0,148869.0,161893.0,159097.0,152389.0,154631.0,167660.0,164602.0,161716.0,131492.0,104642.0,92638.0,72488.0,28908.0
상도4동,407700384,2388036.0,1499.0,5.0,2.0,0.0,9675.0,51612.0,113998.0,264837.0,332903.0,211421.0,153408.0,134716.0,140010.0,140716.0,125411.0,121144.0,139575.0,125051.0,113772.0,74451.0,52409.0,40257.0,29282.0,11882.0
상봉1동,402969476,2098867.0,1873.0,110.0,1.0,0.0,13133.0,61399.0,107251.0,299389.0,283040.0,170247.0,117279.0,108414.0,115301.0,111253.0,99647.0,100910.0,115143.0,106987.0,107047.0,65645.0,43361.0,35814.0,25519.0,10104.0
상봉2동,402969840,12360724.0,60979.0,12823.0,5096.0,3434.0,52847.0,228231.0,409083.0,1051825.0,1458985.0,771821.0,548226.0,523199.0,601769.0,612341.0,598938.0,632713.0,727491.0,803275.0,925434.0,726387.0,527663.0,502002.0,384420.0,191742.0
상암동,405522936,16901574.0,44250.0,4589.0,1222.0,1653.0,21835.0,178457.0,453018.0,1345841.0,1691091.0,1024217.0,642761.0,606340.0,647805.0,674962.0,680920.0,796068.0,963045.0,1556468.0,2358146.0,1164233.0,712462.0,624048.0,491463.0,216680.0
상일동,409518928,8359814.0,28299.0,4055.0,139.0,37.0,16632.0,141940.0,448192.0,1158850.0,883701.0,541009.0,418592.0,382242.0,397128.0,373558.0,358790.0,415213.0,503465.0,519770.0,566104.0,404499.0,274245.0,236557.0,197704.0,89093.0
서강동,405523664,8060157.0,29190.0,385.0,9.0,0.0,4379.0,89549.0,187373.0,485188.0,710624.0,453972.0,317161.0,328789.0,385216.0,395133.0,389013.0,430519.0,488743.0,629657.0,826546.0,476914.0,397812.0,439566.0,377143.0,217276.0
서교동,405520024,60134648.0,412722.0,92521.0,58864.0,50345.0,72403.0,610314.0,959842.0,2210303.0,3224972.0,2264926.0,1747269.0,1940791.0,2366471.0,2701134.0,2895923.0,3314792.0,3950676.0,4839387.0,6166780.0,4601031.0,4212777.0,4894775.0,4328860.0,2216770.0
서림동,408068024,4096358.0,8208.0,358.0,1054.0,1470.0,1574.0,103045.0,184405.0,449991.0,534415.0,362307.0,245395.0,218695.0,230863.0,227237.0,206693.0,209918.0,225065.0,223838.0,212883.0,139889.0,107451.0,90657.0,73737.0,37210.0
서빙고동,401517116,2733584.0,7145.0,797.0,371.0,557.0,4805.0,28020.0,78180.0,169192.0,228659.0,171127.0,151725.0,141048.0,162401.0,168745.0,163854.0,187622.0,220399.0,243944.0,212890.0,119812.0,92356.0,89437.0,64057.0,26441.0
서원동,408067296,28336124.0,77460.0,6463.0,8044.0,8661.0,37251.0,558710.0,1052466.0,2642846.0,3919403.0,2436889.0,1424070.0,1230536.0,1325639.0,1287514.0,1218578.0,1275164.0,1417834.0,1569727.0,1776969.0,1382892.0,1102771.0,1091840.0,952005.0,532392.0
서초1동,408426564,17533529.0,46549.0,6095.0,3777.0,3180.0,5901.0,58979.0,235915.0,549049.0,820020.0,646037.0,579190.0,667148.0,744154.0,891301.0,1011760.0,1098516.0,1204143.0,1855647.0,2617730.0,1231288.0,1011314.0,1086297.0,853973.0,305566.0
서초2동,408426928,33836124.0,177894.0,15179.0,3938.0,3295.0,8802.0,176039.0,366190.0,868818.0,1385526.0,1045456.0,887704.0,1070722.0,1315702.0,1548783.0,1655432.0,2004667.0,2323405.0,3401117.0,4489015.0,2822952.0,2260970.0,2649078.0,2318763.0,1036677.0
서초3동,408427292,23478922.0,40145.0,9494.0,5468.0,3813.0,8252.0,94523.0,344385.0,866917.0,1374960.0,1148067.0,907109.0,1032262.0,1064085.0,1233273.0,1250634.0,1439644.0,1766663.0,2490463.0,3368855.0,1590789.0,1120754.0,1166850.0,886023.0,265494.0
서초4동,408427656,4608565.0,80745.0,42869.0,24013.0,14679.0,9825.0,31029.0,98861.0,266391.0,368255.0,304434.0,200738.0,175485.0,213174.0,241078.0,237646.0,252938.0,265695.0,296474.0,328228.0,266072.0,233149.0,272713.0,239826.0,144248.0
석관동,403342940,10262135.0,33256.0,4388.0,1722.0,4120.0,68624.0,220932.0,429583.0,1013281.0,1213647.0,727223.0,557891.0,521399.0,535661.0,538526.0,496986.0,504296.0,557789.0,584951.0,620694.0,517054.0,353543.0,327653.0,275264.0,153652.0
석촌동,409158932,8639060.0,43997.0,8331.0,1536.0,520.0,12466.0,121194.0,246530.0,624631.0,1006314.0,606735.0,402819.0,375889.0,422396.0,426116.0,417031.0,449997.0,534394.0,599685.0,685650.0,436485.0,366653.0,388129.0,314431.0,147131.0
성내1동,409523660,5041439.0,13524.0,628.0,105.0,53.0,710.0,72296.0,169168.0,459807.0,608923.0,363555.0,248810.0,229844.0,239311.0,241407.0,241344.0,256988.0,296714.0,363861.0,504815.0,225333.0,167290.0,161879.0,125264.0,49810.0
성내2동,409524024,18924272.0,45526.0,3272.0,792.0,1213.0,3174.0,345011.0,605215.0,1503910.0,1965883.0,1134640.0,825998.0,855971.0,939541.0,942611.0,947543.0,1064546.0,1228187.0,1526667.0,1618851.0,1016982.0,877193.0,715758.0,517828.0,237960.0
성내3동,409524388,1565661.0,6622.0,1021.0,372.0,235.0,6875.0,20698.0,46611.0,110572.0,131950.0,87791.0,69436.0,72399.0,80718.0,85922.0,80465.0,91506.0,100287.0,117585.0,132737.0,89294.0,70198.0,68711.0,64445.0,29211.0
성북동,403341484,4825402.0,12587.0,1216.0,588.0,599.0,52570.0,87107.0,134838.0,294909.0,411726.0,301805.0,247905.0,245670.0,271091.0,278589.0,274931.0,297825.0,339643.0,325945.0,331471.0,251733.0,210341.0,199031.0,162310.0,90972.0
성산1동,405522208,2600917.0,6312.0,472.0,219.0,264.0,13785.0,35762.0,67184.0,185164.0,247797.0,185038.0,133526.0,127615.0,145081.0,147904.0,141852.0,157030.0,192728.0,184641.0,231732.0,131845.0,87361.0,81887.0,64387.0,31331.0
성산2동,405522572,10469893.0,17417.0,831.0,372.0,240.0,12801.0,137378.0,288701.0,828827.0,1105899.0,706782.0,526160.0,518736.0,556724.0,569527.0,569901.0,635095.0,709754.0,757280.0,882720.0,476172.0,352616.0,371628.0,335508.0,108824.0
성수1가1동,401879660,4027258.0,3611.0,35.0,3.0,0.0,10085.0,47873.0,70799.0,183736.0,289200.0,189576.0,119034.0,123067.0,151432.0,177482.0,202587.0,255589.0,316116.0,423143.0,524489.0,311619.0,224169.0,208298.0,145434.0,49881.0
성수1가2동,401880024,8214983.0,24587.0,4057.0,2512.0,1816.0,7443.0,49905.0,110406.0,237897.0,338020.0,234741.0,196487.0,220300.0,263869.0,313412.0,374666.0,455777.0,582563.0,878749.0,1591600.0,795548.0,542825.0,515753.0,339670.0,132380.0
성수2가1동,401880388,1970081.0,5469.0,1607.0,1272.0,1230.0,18645.0,75866.0,87733.0,148268.0,208163.0,159103.0,101694.0,85467.0,92510.0,97232.0,95190.0,100569.0,111947.0,125048.0,133258.0,93623.0,81657.0,69793.0,50630.0,24107.0
성수2가3동,401880752,13603249.0,49563.0,7889.0,4661.0,3311.0,3586.0,89175.0,138969.0,336207.0,512521.0,388336.0,310091.0,334266.0,402348.0,481096.0,560346.0,676963.0,860344.0,1534978.0,2893790.0,1350058.0,921171.0,892107.0,607953.0,243520.0
성현동,408072756,3103820.0,1292.0,8.0,0.0,0.0,9056.0,59303.0,131899.0,348736.0,399821.0,250548.0,194331.0,171066.0,178252.0,169438.0,173353.0,176804.0,181164.0,160155.0,155496.0,114269.0,80508.0,66070.0,55445.0,26806.0
세곡동,408799664,5309496.0,15704.0,5064.0,442.0,0.0,21720.0,84287.0,238891.0,599007.0,646437.0,383204.0,286589.0,256297.0,284737.0,278467.0,268877.0,305031.0,366613.0,342235.0,337560.0,194926.0,133651.0,120148.0,98908.0,40701.0
소공동,401146928,24539362.0,89638.0,26459.0,10005.0,6531.0,21433.0,110448.0,149115.0,320539.0,504612.0,493677.0,559324.0,826599.0,908742.0,1100521.0,1346180.0,1678477.0,1890212.0,2954737.0,4927168.0,1996145.0,1670223.0,1541663.0,1003647.0,403267.0
송정동,401881116,1037903.0,1182.0,28.0,0.0,0.0,6317.0,28595.0,47003.0,88854.0,117909.0,81535.0,56486.0,49997.0,51365.0,55064.0,50893.0,49286.0,52948.0,75451.0,97073.0,47884.0,28422.0,24257.0,18613.0,8741.0
송중동,403701844,11218734.0,87693.0,18050.0,4888.0,3623.0,16851.0,103342.0,191615.0,425834.0,641548.0,442154.0,425278.0,462023.0,527723.0,571223.0,609827.0,721057.0,841521.0,892979.0,1037081.0,948782.0,719196.0,634525.0,553379.0,338542.0
송천동,403702208,13885997.0,24076.0,6696.0,2700.0,3844.0,93656.0,330745.0,625049.0,1443048.0,1584576.0,1023676.0,765176.0,722793.0,750254.0,751066.0,720226.0,756286.0,833944.0,784217.0,784820.0,580472.0,526126.0,364482.0,282711.0,125358.0
송파1동,409158204,5910500.0,28114.0,3661.0,2334.0,1363.0,18533.0,75682.0,183598.0,462295.0,626589.0,440979.0,287088.0,267000.0,290561.0,301767.0,286589.0,304957.0,349698.0,395611.0,429891.0,287401.0,253031.0,274252.0,235676.0,103830.0
송파2동,409158568,698002.0,4049.0,76.0,30.0,31.0,510.0,8787.0,21822.0,65301.0,70247.0,41999.0,31180.0,30538.0,35202.0,34971.0,32177.0,43989.0,63202.0,46453.0,50236.0,30210.0,25196.0,25487.0,26154.0,10155.0
수궁동,406613116,8801328.0,12994.0,2710.0,1444.0,4887.0,24828.0,175714.0,386776.0,1107768.0,1174534.0,589274.0,397183.0,372736.0,417127.0,388736.0,358878.0,423843.0,619945.0,539135.0,583919.0,401049.0,268684.0,260709.0,194677.0,93778.0
수색동,404792752,2689953.0,12552.0,4130.0,688.0,1211.0,22435.0,46352.0,119369.0,295777.0,321670.0,182702.0,136495.0,124376.0,128132.0,127039.0,121912.0,141821.0,183524.0,201174.0,203980.0,112409.0,70295.0,60793.0,46713.0,24404.0
수서동,408799300,12619894.0,37439.0,6853.0,1442.0,1036.0,15626.0,101003.0,268591.0,722690.0,1057452.0,684458.0,628071.0,545164.0,675657.0,646539.0,544672.0,790213.0,898059.0,1037001.0,1285014.0,761450.0,651020.0,520671.0,512323.0,227450.0
수유1동,403698932,4755775.0,6193.0,2006.0,976.0,6137.0,100706.0,142022.0,205013.0,447171.0,503498.0,347767.0,268287.0,261173.0,287041.0,283212.0,270873.0,286319.0,304894.0,272108.0,250190.0,187696.0,124029.0,95293.0,72448.0,30723.0
수유2동,403699296,3262112.0,9789.0,989.0,10.0,0.0,31386.0,71952.0,144607.0,372802.0,395169.0,252322.0,190336.0,174019.0,181933.0,174708.0,164903.0,160649.0,167892.0,179672.0,173325.0,137621.0,99059.0,83807.0,63263.0,31899.0
수유3동,403699660,7054747.0,37481.0,11600.0,7476.0,6499.0,111933.0,142628.0,188614.0,367005.0,486967.0,345786.0,304268.0,316222.0,338075.0,355401.0,362659.0,390454.0,430050.0,481168.0,588245.0,505074.0,389421.0,372553.0,321668.0,193500.0
숭인1동,400789480,2199667.0,30677.0,11479.0,5786.0,4432.0,6227.0,16693.0,29514.0,64829.0,105905.0,87090.0,86524.0,99175.0,124609.0,139185.0,149143.0,159381.0,175422.0,191135.0,188874.0,147684.0,110113.0,105027.0,99586.0,61177.0
숭인2동,400789844,7672238.0,17463.0,9299.0,6170.0,7775.0,32554.0,135594.0,150186.0,279593.0,434845.0,334048.0,319000.0,405493.0,527017.0,607184.0,667172.0,722087.0,762446.0,726778.0,608282.0,313072.0,211655.0,187614.0,141180.0,65731.0
시흥1동,406972748,8448200.0,20502.0,2544.0,2511.0,1775.0,29206.0,148563.0,299263.0,767588.0,771442.0,503838.0,405317.0,404496.0,433420.0,435534.0,429360.0,475455.0,525333.0,570139.0,678213.0,477216.0,350479.0,328131.0,262725.0,125150.0
시흥2동,406973112,2266068.0,1839.0,0.0,0.0,10.0,7604.0,48109.0,106565.0,251749.0,239156.0,158369.0,133850.0,130328.0,134166.0,131828.0,127997.0,136780.0,163195.0,125677.0,119025.0,83222.0,59080.0,50174.0,38706.0,18639.0
시흥3동,406973476,1271754.0,1713.0,159.0,1.0,2019.0,15610.0,29495.0,48434.0,109269.0,132097.0,81085.0,64756.0,59000.0,61190.0,63862.0,64732.0,75342.0,83540.0,102026.0,110896.0,61538.0,38319.0,34752.0,22689.0,9230.0
시흥4동,406973840,2506285.0,1049.0,0.0,0.0,0.0,63802.0,119349.0,142571.0,330815.0,311469.0,198920.0,149063.0,130999.0,137876.0,132853.0,115670.0,112674.0,120069.0,120433.0,107670.0,78445.0,53434.0,40403.0,26973.0,11748.0
시흥5동,406974204,4042494.0,3966.0,794.0,1043.0,816.0,74971.0,115617.0,176498.0,433023.0,426214.0,277187.0,215976.0,206672.0,224676.0,215245.0,200993.0,220937.0,265540.0,226811.0,226044.0,169960.0,124796.0,109796.0,86092.0,38827.0
신길1동,407338932,6201836.0,17036.0,1322.0,745.0,861.0,26386.0,192333.0,251343.0,641620.0,936799.0,494006.0,306361.0,273703.0,307369.0,286309.0,260444.0,272887.0,323214.0,378735.0,471982.0,234718.0,171349.0,161942.0,130278.0,60094.0
신길3동,407339660,2137136.0,6103.0,509.0,1.0,0.0,18021.0,56030.0,93465.0,206692.0,264721.0,168524.0,130061.0,114836.0,120294.0,116391.0,111038.0,116788.0,120441.0,124447.0,120876.0,79051.0,59443.0,50394.0,39090.0,19920.0
신길4동,407340024,1275887.0,1003.0,8.0,0.0,0.0,20527.0,61868.0,72355.0,145405.0,175031.0,114567.0,78153.0,64682.0,67551.0,65329.0,60518.0,57740.0,60585.0,61640.0,59007.0,37347.0,26667.0,21418.0,16908.0,7578.0
신길5동,407340388,1411196.0,5939.0,221.0,0.0,0.0,15569.0,27667.0,44013.0,112723.0,156964.0,96903.0,69383.0,62583.0,63660.0,69723.0,66341.0,71332.0,82219.0,94214.0,119769.0,81171.0,54748.0,53228.0,41368.0,21458.0
신길6동,407340752,6202053.0,12450.0,201.0,0.0,0.0,19975.0,180501.0,261146.0,653431.0,839458.0,487785.0,317122.0,286793.0,304699.0,299057.0,278656.0,297859.0,343128.0,375270.0,416934.0,264008.0,188173.0,170322.0,139416.0,65669.0
신길7동,407341116,5144530.0,7961.0,559.0,274.0,137.0,6705.0,70059.0,164916.0,517562.0,720565.0,370867.0,242582.0,230522.0,248757.0,241408.0,238431.0,267876.0,291857.0,355918.0,425192.0,219443.0,165904.0,167041.0,137775.0,52219.0
신내1동,402973116,7772786.0,10061.0,2079.0,1226.0,3245.0,54815.0,160095.0,386245.0,1146398.0,1062446.0,560814.0,426198.0,381074.0,389926.0,382128.0,361722.0,369738.0,398415.0,461831.0,434755.0,270836.0,178335.0,156952.0,128811.0,44641.0
신내2동,402973480,3415106.0,17855.0,848.0,2.0,0.0,17795.0,39969.0,89332.0,218598.0,266787.0,178378.0,155411.0,152890.0,164113.0,175889.0,176247.0,192131.0,225575.0,239028.0,324660.0,244242.0,174088.0,163064.0,138836.0,59368.0
신당5동,401151660,1999118.0,12933.0,2955.0,1846.0,1488.0,3195.0,21501.0,38950.0,67786.0,108338.0,80961.0,77162.0,83454.0,102435.0,105602.0,112356.0,127700.0,149432.0,155896.0,184919.0,151274.0,119034.0,118654.0,106714.0,64533.0
신당동,401153116,8642004.0,30127.0,7381.0,3390.0,3844.0,15879.0,200026.0,222855.0,438666.0,712647.0,491452.0,376570.0,412550.0,479894.0,449139.0,452965.0,497382.0,599387.0,667419.0,739125.0,477798.0,402347.0,410554.0,400470.0,150137.0
신대방1동,407705116,2086652.0,4005.0,114.0,73.0,66.0,13609.0,47410.0,77669.0,197725.0,223178.0,153058.0,117997.0,110085.0,116580.0,113020.0,107680.0,112860.0,127704.0,144442.0,128096.0,89666.0,63760.0,57447.0,55984.0,24424.0
신대방2동,407705480,4920223.0,13125.0,1508.0,869.0,1401.0,16815.0,62719.0,131931.0,353143.0,431750.0,307904.0,254804.0,253731.0,256260.0,247544.0,268885.0,300977.0,331943.0,395314.0,510075.0,246660.0,184086.0,157098.0,130684.0,60997.0
신도림동,406606564,22537540.0,107959.0,10002.0,5082.0,3846.0,73510.0,449032.0,714031.0,1904011.0,2146914.0,1340542.0,917921.0,901128.0,1048296.0,1085110.0,1085655.0,1177490.0,1341749.0,1582528.0,1950624.0,1247583.0,1045229.0,1105512.0,858247.0,435539.0
신림동,408069116,7432318.0,75598.0,8766.0,9094.0,6484.0,23363.0,86691.0,141973.0,290401.0,458665.0,314014.0,246577.0,253269.0,289307.0,310298.0,345238.0,415042.0,478438.0,545482.0,715026.0,638655.0,500918.0,520970.0,467421.0,290628.0
신사1동,404791660,8758704.0,18844.0,2102.0,920.0,614.0,38086.0,195280.0,414200.0,1051007.0,1268527.0,694286.0,480398.0,440070.0,461042.0,451415.0,403174.0,404364.0,440727.0,445868.0,478115.0,339892.0,248184.0,223582.0,178424.0,79583.0
신사2동,404792024,6152165.0,8311.0,412.0,22.0,9.0,22020.0,168554.0,321804.0,809254.0,915947.0,510673.0,343449.0,307006.0,321994.0,308259.0,276464.0,294523.0,362039.0,307050.0,289575.0,201948.0,135099.0,120209.0,88331.0,39213.0
신사동,816859316,14665449.0,54994.0,4021.0,1189.0,1145.0,20065.0,342999.0,524596.0,1294051.0,1948317.0,1257897.0,752002.0,649914.0,688704.0,697940.0,663678.0,713666.0,798741.0,860593.0,966026.0,705058.0,549837.0,526741.0,437950.0,205325.0
신수동,405518932,766779.0,1605.0,60.0,0.0,0.0,0.0,2879.0,21958.0,67379.0,91927.0,57970.0,47380.0,46488.0,49247.0,49135.0,45819.0,46010.0,47364.0,48646.0,51627.0,30740.0,21775.0,18040.0,14180.0,6550.0
신원동,408067660,907188.0,397.0,0.0,0.0,0.0,0.0,9543.0,33757.0,77301.0,99836.0,73998.0,49179.0,48386.0,50599.0,51158.0,50408.0,56110.0,61101.0,60257.0,59161.0,44753.0,32568.0,23571.0,16614.0,8491.0
신월1동,405880748,1504809.0,3420.0,27.0,0.0,0.0,19954.0,45782.0,84997.0,175655.0,177120.0,118136.0,87061.0,80497.0,84049.0,82770.0,71339.0,69962.0,76142.0,81729.0,85459.0,56222.0,38502.0,31386.0,23439.0,11161.0
신월2동,405881112,2256141.0,12457.0,2070.0,683.0,349.0,21327.0,42888.0,85362.0,204376.0,207630.0,149863.0,110745.0,101989.0,112548.0,118243.0,107397.0,119994.0,137155.0,145738.0,175643.0,139422.0,84101.0,75450.0,65411.0,35300.0
신월3동,405881476,1157587.0,2252.0,53.0,1.0,0.0,25304.0,35242.0,47035.0,90448.0,96893.0,67409.0,57800.0,57544.0,61205.0,63566.0,56540.0,69473.0,111757.0,73840.0,81475.0,54218.0,38327.0,32584.0,23875.0,10746.0
신월4동,405881840,1959288.0,9013.0,1447.0,900.0,688.0,18977.0,45397.0,91922.0,230968.0,218787.0,131698.0,104800.0,99622.0,108972.0,105157.0,97816.0,99797.0,109170.0,109289.0,114651.0,83429.0,61582.0,51163.0,43235.0,20808.0
신월5동,405882204,1404231.0,5857.0,190.0,2.0,0.0,12694.0,36724.0,69080.0,148795.0,155540.0,96032.0,71769.0,68238.0,68779.0,72827.0,73314.0,91671.0,99751.0,77581.0,77608.0,58272.0,40500.0,36538.0,28797.0,13672.0
신월6동,405882568,1713914.0,2013.0,215.0,188.0,56.0,25404.0,48431.0,96021.0,202378.0,191359.0,125605.0,97528.0,90002.0,97673.0,97786.0,86617.0,83960.0,90670.0,96711.0,96618.0,60428.0,43950.0,38598.0,31165.0,10538.0
신월7동,405882932,2006710.0,4941.0,1058.0,835.0,478.0,33366.0,74130.0,113436.0,230003.0,210156.0,152377.0,120825.0,111259.0,110770.0,106316.0,95830.0,99944.0,107052.0,104419.0,101499.0,74327.0,57160.0,46059.0,35991.0,14479.0
신정1동,405883296,2011525.0,3400.0,50.0,0.0,0.0,9060.0,32998.0,62681.0,157429.0,160646.0,114612.0,102421.0,102336.0,114754.0,118773.0,118037.0,123710.0,137524.0,143366.0,153570.0,102901.0,78090.0,71178.0,76565.0,27424.0
신정2동,405883660,1073760.0,2344.0,0.0,0.0,0.0,2710.0,11670.0,47791.0,112678.0,93186.0,70638.0,54644.0,54344.0,58360.0,62581.0,56072.0,59982.0,65802.0,69104.0,71128.0,42670.0,40483.0,43372.0,40480.0,13721.0
신정3동,405884024,9014638.0,17811.0,4258.0,3535.0,2045.0,52527.0,194662.0,444110.0,1159868.0,1083077.0,662004.0,490703.0,461471.0,488566.0,471732.0,418717.0,462762.0,620694.0,504700.0,501215.0,318706.0,227257.0,196297.0,158902.0,69019.0
신정4동,405886208,9478419.0,41895.0,10180.0,6848.0,4417.0,36725.0,193493.0,361376.0,930941.0,1154710.0,610591.0,407294.0,392456.0,413966.0,420856.0,396617.0,458585.0,526800.0,573444.0,729333.0,537066.0,377815.0,376686.0,348448.0,167877.0
신정6동,405885116,1813648.0,6071.0,121.0,0.0,0.0,2822.0,16802.0,50498.0,143751.0,116426.0,94985.0,81154.0,83654.0,88390.0,99728.0,101590.0,113109.0,128606.0,127827.0,162910.0,101190.0,82371.0,85062.0,96836.0,29745.0
신정7동,405885480,3879820.0,5195.0,140.0,0.0,0.0,4931.0,82071.0,196889.0,543932.0,498773.0,308136.0,222135.0,204138.0,221032.0,207321.0,185305.0,184412.0,214978.0,213447.0,215370.0,117067.0,81710.0,75169.0,70578.0,27091.0
신촌동,405159300,26093916.0,175735.0,29116.0,13658.0,7091.0,19884.0,197974.0,395665.0,882468.0,1380373.0,1033618.0,943685.0,1064490.0,1306414.0,1390670.0,1454438.0,1735878.0,2069238.0,2366749.0,2331378.0,1634323.0,1555405.0,1696680.0,1610642.0,798344.0
쌍문1동,404058564,2715520.0,3810.0,278.0,8.0,0.0,4212.0,31461.0,114960.0,259564.0,278397.0,194179.0,159801.0,153054.0,160060.0,166220.0,165142.0,164851.0,193177.0,184052.0,167867.0,112532.0,76893.0,61034.0,42529.0,21439.0
쌍문2동,404058928,3143532.0,9045.0,3172.0,2578.0,4232.0,63277.0,86863.0,150912.0,313254.0,320632.0,229323.0,178986.0,176210.0,176767.0,172781.0,163363.0,172071.0,177011.0,172934.0,176199.0,122045.0,98805.0,84046.0,63174.0,25852.0
쌍문3동,404059292,2668939.0,7831.0,3450.0,2456.0,5719.0,70150.0,60693.0,87786.0,168445.0,236732.0,172632.0,142360.0,132854.0,133494.0,140969.0,141016.0,156855.0,172249.0,173006.0,175995.0,155679.0,109853.0,95307.0,83002.0,40406.0
쌍문4동,404059656,1990209.0,1931.0,81.0,0.0,0.0,13714.0,47678.0,108532.0,229033.0,220947.0,148317.0,116483.0,108327.0,109427.0,103123.0,91565.0,106885.0,153739.0,124826.0,95053.0,64437.0,47686.0,40148.0,47138.0,11139.0
아현동,405524392,9328062.0,30008.0,2907.0,1982.0,2400.0,22132.0,126592.0,288958.0,813904.0,1125298.0,645929.0,468794.0,468118.0,500642.0,499876.0,466148.0,516769.0,613467.0,650542.0,772472.0,409741.0,306483.0,282701.0,213929.0,98270.0
안암동,403333840,6713695.0,28878.0,1536.0,429.0,725.0,14181.0,52337.0,85870.0,220174.0,294498.0,269014.0,286546.0,336674.0,351028.0,369055.0,385386.0,519986.0,616940.0,743747.0,630168.0,365466.0,304930.0,326428.0,313436.0,196263.0
암사1동,409526208,1047323.0,5498.0,1233.0,223.0,215.0,272.0,618.0,31653.0,108185.0,108199.0,76167.0,58779.0,54611.0,58610.0,62185.0,58999.0,64822.0,75138.0,66488.0,64623.0,50672.0,36547.0,29109.0,22563.0,11914.0
암사2동,409521112,6463595.0,3632.0,503.0,355.0,974.0,8399.0,177431.0,335541.0,926684.0,1204529.0,601921.0,346661.0,302405.0,318871.0,303819.0,266359.0,255496.0,276516.0,291566.0,304846.0,180237.0,138334.0,111799.0,77834.0,28883.0
암사3동,409521476,1163485.0,1012.0,376.0,319.0,291.0,5705.0,23558.0,67092.0,142039.0,139235.0,96949.0,70380.0,67836.0,66548.0,67032.0,59671.0,58751.0,70847.0,64620.0,59052.0,35054.0,24552.0,20075.0,15663.0,6828.0
압구정동,408800028,22222508.0,92167.0,3247.0,62.0,0.0,25600.0,158515.0,234726.0,436603.0,740107.0,643630.0,615455.0,748950.0,900857.0,1016176.0,1208589.0,1453530.0,1717051.0,2164810.0,3059880.0,2148944.0,1773444.0,1519868.0,1129324.0,430973.0
약수동,401153844,7264910.0,14449.0,1567.0,710.0,756.0,4394.0,109973.0,193739.0,481234.0,732631.0,506819.0,372838.0,356082.0,390370.0,392057.0,375470.0,402827.0,444986.0,522385.0,666530.0,378422.0,295498.0,302394.0,222041.0,96738.0
양재1동,408432024,24074775.0,61123.0,6465.0,366.0,365.0,11425.0,160933.0,513138.0,1306224.0,1876916.0,1284221.0,942716.0,923704.0,990247.0,1085963.0,1120533.0,1301180.0,1583526.0,2374782.0,3361700.0,1670633.0,1215235.0,1154105.0,814377.0,314898.0
양재2동,408432388,7973415.0,20266.0,2363.0,50.0,657.0,17636.0,67242.0,185330.0,487040.0,690438.0,458006.0,333870.0,331934.0,362777.0,390838.0,402222.0,457259.0,561997.0,809814.0,1006483.0,451135.0,330294.0,309926.0,212923.0,82915.0
양평1동,407338204,4121006.0,7823.0,1605.0,1089.0,885.0,6911.0,42822.0,123224.0,413885.0,507193.0,241403.0,172756.0,174361.0,183788.0,189744.0,185234.0,197878.0,224981.0,321456.0,545548.0,200221.0,137698.0,119387.0,83805.0,37309.0
양평2동,407338568,5762034.0,15867.0,652.0,244.0,300.0,6744.0,63304.0,146519.0,431245.0,561091.0,310678.0,225675.0,231229.0,258431.0,260852.0,257142.0,294760.0,349866.0,548501.0,794517.0,342654.0,219290.0,207099.0,165764.0,69610.0
여의동,407335656,44772559.0,109142.0,6918.0,3624.0,1792.0,23328.0,281536.0,391057.0,920693.0,1425638.0,993254.0,930254.0,1253568.0,1377551.0,1615314.0,2029351.0,2514305.0,3234556.0,6625472.0,8356049.0,3765164.0,3311359.0,2946250.0,1914339.0,742045.0
역삼1동,408795296,42861690.0,255331.0,73431.0,45858.0,38554.0,53660.0,214509.0,528126.0,1200097.0,1884636.0,1535543.0,1263392.0,1439392.0,1694993.0,1903338.0,2071888.0,2427273.0,2915340.0,4797528.0,6398496.0,3751717.0,2549124.0,2671745.0,2161592.0,986127.0
역삼2동,408795660,5661607.0,31858.0,10997.0,8754.0,6905.0,13709.0,42075.0,130078.0,312823.0,474598.0,337396.0,236546.0,239121.0,268919.0,291888.0,294754.0,342442.0,394021.0,484817.0,569920.0,335411.0,244485.0,248022.0,246829.0,95239.0
역촌동,404794936,4700619.0,20085.0,1254.0,986.0,919.0,64593.0,112714.0,192816.0,388042.0,434527.0,306376.0,241262.0,230603.0,247966.0,242226.0,223747.0,248221.0,284924.0,287754.0,312860.0,253477.0,189156.0,179273.0,159699.0,77139.0
연남동,405521844,2287588.0,23028.0,2904.0,995.0,517.0,10202.0,26293.0,51415.0,114247.0,164734.0,126243.0,98118.0,97632.0,112145.0,126489.0,130759.0,139207.0,156331.0,160482.0,170983.0,144156.0,121926.0,133842.0,112465.0,62475.0
연희동,405159664,9549108.0,41806.0,3960.0,442.0,409.0,47375.0,150687.0,274824.0,559242.0,699507.0,570048.0,480514.0,484477.0,533486.0,564287.0,551748.0,597717.0,690131.0,710099.0,792187.0,530917.0,403687.0,397772.0,306619.0,157167.0
염리동,405518204,1242643.0,7703.0,1916.0,740.0,796.0,2552.0,12508.0,28121.0,63347.0,79627.0,59697.0,50749.0,57422.0,73415.0,69609.0,74644.0,91349.0,114837.0,93846.0,89765.0,67055.0,57640.0,62607.0,57979.0,24719.0
염창동,406242564,4548188.0,30504.0,6140.0,2937.0,2160.0,2831.0,33786.0,117208.0,325309.0,334276.0,242332.0,190007.0,195497.0,210984.0,228372.0,228111.0,260004.0,285416.0,332413.0,433292.0,325822.0,224969.0,230927.0,197328.0,107563.0
영등포동,407342936,16127480.0,116194.0,33204.0,20110.0,15323.0,49256.0,161593.0,266702.0,804242.0,1324907.0,727133.0,528376.0,582654.0,696451.0,762124.0,844619.0,1005453.0,1196781.0,1401380.0,1721203.0,1040379.0,906975.0,882037.0,680260.0,360124.0
영등포본동,407342572,9090952.0,15054.0,536.0,234.0,93.0,32746.0,129516.0,174590.0,428533.0,620421.0,407848.0,354245.0,370203.0,420580.0,443972.0,467512.0,555167.0,668826.0,777876.0,987594.0,599132.0,584056.0,512588.0,381591.0,158039.0
오금동,409157840,6698509.0,10591.0,1071.0,643.0,672.0,21384.0,114084.0,238925.0,673185.0,809852.0,484948.0,343522.0,321026.0,347393.0,346976.0,317183.0,349083.0,415904.0,480576.0,569571.0,266230.0,198157.0,185872.0,146183.0,55478.0
오류1동,406612388,4765380.0,9431.0,3116.0,4103.0,4002.0,24194.0,114317.0,233864.0,604936.0,612479.0,352495.0,264699.0,244603.0,266354.0,247604.0,220297.0,229283.0,247027.0,250257.0,245131.0,185507.0,134640.0,122646.0,95575.0,48820.0
오류2동,406612752,7668421.0,5626.0,679.0,1900.0,1424.0,29882.0,143710.0,392417.0,1060474.0,1087628.0,621478.0,398988.0,343895.0,375542.0,361701.0,336260.0,355826.0,415501.0,406824.0,445162.0,300020.0,199404.0,178886.0,141177.0,64017.0
오륜동,409157476,6746730.0,15387.0,1039.0,99.0,38.0,2909.0,65661.0,214185.0,457498.0,561707.0,381453.0,284668.0,282647.0,327417.0,328026.0,329265.0,390503.0,489415.0,530316.0,599879.0,327378.0,349505.0,368386.0,335090.0,104259.0
옥수동,401882572,5533032.0,5595.0,11.0,1.0,1.0,4302.0,51062.0,159939.0,393028.0,539862.0,389354.0,297062.0,284663.0,294251.0,314438.0,328282.0,338107.0,360365.0,395340.0,421170.0,296672.0,223872.0,207421.0,156351.0,71883.0
왕십리2동,401874928,5939436.0,11169.0,3943.0,2511.0,1772.0,7549.0,81337.0,198182.0,558349.0,859504.0,490176.0,321740.0,291828.0,317258.0,302857.0,284556.0,294809.0,317389.0,373115.0,393332.0,272806.0,196868.0,175496.0,126953.0,55937.0
왕십리도선동,401881844,2567734.0,15293.0,1577.0,883.0,865.0,15510.0,49241.0,71140.0,147980.0,247304.0,154796.0,120883.0,115842.0,129312.0,135035.0,128746.0,134171.0,152429.0,166955.0,209674.0,172087.0,123282.0,120044.0,101521.0,53164.0
용강동,405517476,6145193.0,15752.0,2238.0,1574.0,627.0,2944.0,43869.0,128747.0,416659.0,561038.0,313635.0,241833.0,248650.0,275361.0,299590.0,287551.0,304075.0,352212.0,518150.0,820910.0,345451.0,295862.0,331914.0,233646.0,102905.0
용답동,401881480,13948519.0,27643.0,5044.0,2739.0,1566.0,5731.0,257673.0,510323.0,1446994.0,1987124.0,1014295.0,647609.0,586752.0,634808.0,622982.0,594847.0,642793.0,770324.0,977286.0,1350419.0,662377.0,422895.0,368534.0,279708.0,128053.0
용문동,401513476,1012708.0,1604.0,300.0,133.0,108.0,2929.0,14062.0,31120.0,73250.0,87875.0,65109.0,56158.0,55423.0,60661.0,59651.0,61453.0,65684.0,70433.0,67987.0,72865.0,52270.0,38040.0,34706.0,28477.0,12410.0
용산2가동,401510928,5492055.0,20398.0,7205.0,4419.0,4776.0,19438.0,58511.0,108250.0,271154.0,395512.0,289786.0,220162.0,217251.0,255313.0,280439.0,289738.0,338905.0,400478.0,416596.0,477429.0,355261.0,326120.0,350390.0,267307.0,117217.0
용신동,402613484,23294536.0,99675.0,26766.0,13366.0,10963.0,45901.0,353344.0,457724.0,1042855.0,1631177.0,1111180.0,1069157.0,1242431.0,1396064.0,1501628.0,1562878.0,1733098.0,1909372.0,2107978.0,2389109.0,1183118.0,815810.0,752740.0,553033.0,285169.0
우이동,403702936,5351505.0,4515.0,970.0,827.0,809.0,79125.0,112658.0,197378.0,506109.0,560221.0,353268.0,280382.0,275987.0,315490.0,333226.0,343411.0,355683.0,366408.0,356087.0,310291.0,204196.0,153412.0,126159.0,85825.0,29068.0
우장산동,406250936,10499278.0,30164.0,5505.0,5130.0,3717.0,23115.0,87987.0,207732.0,590799.0,700563.0,432390.0,395904.0,443722.0,501722.0,529746.0,565231.0,668472.0,759675.0,988865.0,1250796.0,642010.0,527196.0,542446.0,438931.0,157460.0
원효로1동,401518208,2757893.0,6524.0,946.0,423.0,377.0,5118.0,25024.0,62961.0,190201.0,294722.0,179734.0,138876.0,134370.0,147490.0,152588.0,154821.0,163664.0,176889.0,192514.0,262379.0,146068.0,102043.0,100653.0,78224.0,41284.0
원효로2동,401512748,1841731.0,3146.0,25.0,1.0,0.0,2997.0,26367.0,62114.0,172914.0,212647.0,128414.0,96250.0,92216.0,94752.0,96725.0,90243.0,99309.0,124194.0,143080.0,173287.0,79209.0,49902.0,45333.0,32819.0,15787.0
월계1동,404422564,4541403.0,23235.0,1529.0,151.0,1478.0,18074.0,46465.0,103542.0,264475.0,320882.0,223924.0,188355.0,198470.0,217649.0,238110.0,245626.0,275528.0,339302.0,361971.0,402542.0,324669.0,227343.0,221279.0,183016.0,113788.0
월계2동,404422928,4134733.0,4864.0,379.0,197.0,284.0,26390.0,102321.0,193056.0,452984.0,446765.0,294949.0,237448.0,228729.0,246640.0,235977.0,224858.0,268665.0,309466.0,241300.0,206396.0,135314.0,96671.0,86782.0,66941.0,27357.0
월계3동,404423292,4093754.0,7032.0,889.0,559.0,1299.0,35219.0,79233.0,177394.0,478006.0,458514.0,261045.0,200176.0,200695.0,218585.0,223451.0,220465.0,230278.0,256023.0,253468.0,246974.0,170300.0,124485.0,118233.0,92331.0,39100.0
월곡1동,403337844,3689200.0,16949.0,1445.0,100.0,79.0,14819.0,50384.0,112650.0,259076.0,314416.0,216880.0,190031.0,192050.0,208368.0,202787.0,199387.0,233515.0,282640.0,248602.0,262071.0,203774.0,158436.0,145458.0,118631.0,56652.0
월곡2동,403338208,7951954.0,17109.0,1097.0,546.0,375.0,17671.0,152372.0,286330.0,799165.0,979971.0,552359.0,400916.0,388831.0,408019.0,416607.0,406129.0,413348.0,472942.0,499566.0,608174.0,380695.0,256693.0,241548.0,166439.0,85052.0
위례동,409165848,4349136.0,15269.0,13610.0,11089.0,9180.0,33535.0,69264.0,200038.0,525506.0,479785.0,299668.0,212400.0,189419.0,206919.0,204581.0,189372.0,210006.0,257766.0,275822.0,297717.0,211558.0,142641.0,137933.0,121027.0,35031.0
은천동,408072392,4703071.0,12433.0,1571.0,1517.0,1472.0,38601.0,82095.0,136336.0,360828.0,401758.0,271634.0,216987.0,209144.0,232769.0,242300.0,242033.0,267784.0,326550.0,314213.0,367974.0,295346.0,220574.0,206938.0,171786.0,80428.0
을지로동,401149840,17584576.0,69096.0,6029.0,2280.0,1882.0,3988.0,44323.0,78475.0,167187.0,324246.0,367792.0,450060.0,607697.0,692264.0,791515.0,915049.0,1038545.0,1267464.0,2385574.0,3572108.0,1466671.0,1022652.0,1062255.0,820061.0,427363.0
응봉동,401877112,1604900.0,1969.0,13.0,0.0,0.0,2993.0,26132.0,65035.0,187294.0,226842.0,144566.0,101067.0,90546.0,89620.0,89053.0,83209.0,91776.0,95140.0,85831.0,76414.0,51715.0,36404.0,27762.0,21504.0,10015.0
응암1동,404789476,5777412.0,22523.0,710.0,0.0,0.0,49476.0,96826.0,189762.0,426564.0,491220.0,345247.0,274840.0,276201.0,298285.0,306923.0,300669.0,326244.0,363312.0,386263.0,445161.0,358512.0,263788.0,247158.0,202804.0,104924.0
응암2동,404789840,2112509.0,3982.0,786.0,2.0,0.0,9883.0,42753.0,128350.0,271554.0,258385.0,171880.0,126618.0,115374.0,115480.0,114037.0,105948.0,109678.0,118792.0,110520.0,103695.0,69362.0,48243.0,41002.0,30594.0,15591.0
응암3동,404794572,3806196.0,15121.0,3170.0,1398.0,1136.0,34735.0,50910.0,113860.0,241758.0,305199.0,228880.0,195222.0,197563.0,218112.0,222652.0,211068.0,236246.0,266458.0,260460.0,290041.0,228995.0,158962.0,147933.0,122477.0,53840.0
이문1동,402616396,4139788.0,11727.0,3385.0,1194.0,1210.0,25671.0,62442.0,122677.0,286077.0,386860.0,238699.0,197618.0,208352.0,238705.0,248869.0,244384.0,275532.0,322555.0,333300.0,272091.0,183433.0,146956.0,148149.0,127311.0,52591.0
이문2동,402616760,3128950.0,4612.0,730.0,576.0,337.0,20839.0,87326.0,150913.0,419851.0,489937.0,248967.0,176803.0,155199.0,160162.0,159782.0,138137.0,133230.0,142421.0,151346.0,158520.0,116714.0,73702.0,62641.0,49062.0,27143.0
이촌1동,401514932,1965219.0,7025.0,188.0,120.0,57.0,428.0,13590.0,41699.0,103652.0,132236.0,112719.0,107466.0,107254.0,120775.0,124518.0,128006.0,138806.0,156516.0,155154.0,141190.0,109350.0,87439.0,85292.0,61987.0,29752.0
이촌2동,401515296,991004.0,3007.0,279.0,180.0,52.0,626.0,11227.0,33860.0,86129.0,86232.0,63084.0,49771.0,46166.0,47671.0,48107.0,50320.0,56468.0,64077.0,68386.0,68163.0,54812.0,51857.0,49092.0,35490.0,15948.0
이태원1동,401515660,6234938.0,48399.0,11750.0,10075.0,10133.0,23480.0,159508.0,141398.0,185746.0,285058.0,229738.0,187544.0,205969.0,241880.0,273295.0,304903.0,360363.0,431702.0,491524.0,552339.0,434935.0,414127.0,483552.0,450393.0,297127.0
이태원2동,401516024,1472906.0,7962.0,885.0,61.0,8.0,1351.0,11552.0,32425.0,73008.0,107066.0,90478.0,74652.0,75137.0,80324.0,83385.0,88858.0,95669.0,108250.0,109983.0,114042.0,86212.0,68980.0,71298.0,65851.0,25469.0
이화동,400787296,16140595.0,53761.0,9580.0,3082.0,1671.0,21519.0,91496.0,174558.0,409175.0,561337.0,498027.0,551335.0,643053.0,671207.0,727552.0,890814.0,1200105.0,1377184.0,1608759.0,1746086.0,1020979.0,1023265.0,1314159.0,1136472.0,405419.0
인수동,403703300,3077129.0,5050.0,633.0,3.0,0.0,55459.0,74323.0,124819.0,275755.0,309658.0,215329.0,176982.0,178742.0,181419.0,188421.0,178015.0,183620.0,191677.0,192446.0,173555.0,127681.0,87785.0,73184.0,56922.0,25651.0
인헌동,408066568,11293378.0,11790.0,1117.0,796.0,1887.0,13128.0,152747.0,385257.0,1085225.0,1664372.0,1065380.0,607019.0,526511.0,571561.0,569342.0,520441.0,530827.0,603929.0,673219.0,730310.0,464438.0,358677.0,346259.0,272141.0,137005.0
일원1동,408798572,1201882.0,1077.0,0.0,0.0,0.0,6461.0,13167.0,39235.0,105766.0,128957.0,89208.0,67016.0,60011.0,65350.0,67641.0,64044.0,73692.0,93311.0,103346.0,74124.0,43709.0,33823.0,31380.0,25958.0,14606.0
일원2동,408798936,4317942.0,3986.0,658.0,447.0,553.0,8807.0,53413.0,147186.0,376072.0,474684.0,297165.0,228657.0,210882.0,212635.0,223794.0,218771.0,261355.0,318837.0,349013.0,380840.0,186287.0,129190.0,113683.0,87639.0,33388.0
일원본동,408798208,5823645.0,9999.0,2310.0,950.0,540.0,3747.0,40246.0,179404.0,472471.0,470605.0,336452.0,322970.0,328545.0,340083.0,313568.0,329540.0,424922.0,567027.0,648545.0,382003.0,229152.0,153701.0,115061.0,101673.0,50131.0
자양1동,402243296,2089438.0,9567.0,2908.0,1348.0,710.0,5054.0,23200.0,71631.0,176485.0,236779.0,164516.0,116084.0,106897.0,111493.0,115997.0,111244.0,112929.0,126314.0,128925.0,148765.0,96424.0,72162.0,67574.0,52900.0,29532.0
자양2동,402243660,2276670.0,3295.0,660.0,259.0,133.0,37849.0,59342.0,99903.0,218422.0,299737.0,184399.0,116915.0,104752.0,114425.0,117470.0,109716.0,111288.0,128212.0,126483.0,137735.0,91423.0,69042.0,63765.0,55442.0,26003.0
자양3동,402244024,2162027.0,5118.0,763.0,326.0,222.0,7050.0,17947.0,51733.0,128598.0,175124.0,112928.0,86291.0,86221.0,102790.0,108430.0,113047.0,129287.0,147830.0,157354.0,188585.0,155514.0,124396.0,117452.0,98992.0,46029.0
자양4동,402244388,5129717.0,25444.0,8683.0,4994.0,4771.0,19040.0,85228.0,152608.0,324418.0,461135.0,323743.0,204349.0,183569.0,197713.0,208547.0,215582.0,255468.0,304309.0,351243.0,411150.0,335159.0,304541.0,325438.0,280460.0,142125.0
잠실2동,409164756,8541968.0,31793.0,6170.0,3716.0,2898.0,16535.0,86700.0,222831.0,699014.0,968012.0,627455.0,422965.0,403401.0,431294.0,439249.0,407021.0,453147.0,495677.0,540435.0,554442.0,398059.0,367976.0,400651.0,377104.0,185423.0
잠실3동,409165120,6101889.0,66227.0,11610.0,4940.0,2337.0,36760.0,60274.0,110986.0,247092.0,368230.0,261090.0,197994.0,206770.0,246209.0,276495.0,296842.0,355924.0,415883.0,487192.0,618532.0,494261.0,413110.0,415539.0,334085.0,173507.0
잠실4동,409163300,7189758.0,8738.0,1287.0,778.0,841.0,2659.0,66274.0,183655.0,591655.0,774207.0,485481.0,379513.0,377593.0,384620.0,370798.0,387086.0,428187.0,528204.0,631893.0,628507.0,299698.0,229234.0,205404.0,154141.0,69305.0
잠실6동,409164028,35291288.0,102249.0,7612.0,3288.0,2215.0,9511.0,193062.0,647302.0,1512510.0,2139659.0,1594270.0,1164170.0,1225239.0,1404803.0,1581567.0,1760437.0,2126331.0,2486598.0,3121485.0,3910459.0,2669278.0,2712936.0,2581264.0,1749367.0,585676.0
잠실7동,409164392,6847335.0,23554.0,1204.0,83.0,32.0,494.0,37005.0,122105.0,321699.0,451068.0,330172.0,240963.0,234175.0,264078.0,271528.0,286570.0,349892.0,477842.0,540368.0,545992.0,362523.0,430470.0,659777.0,723106.0,172635.0
잠실본동,409161844,5791010.0,47936.0,7977.0,1896.0,992.0,5906.0,86260.0,153223.0,410835.0,634201.0,421750.0,271155.0,261514.0,287976.0,299860.0,282635.0,309246.0,339760.0,374187.0,443676.0,297556.0,247685.0,252111.0,223216.0,129457.0
잠원동,408428020,4894040.0,37386.0,9279.0,3858.0,3802.0,9705.0,65479.0,138030.0,370134.0,460855.0,325989.0,242642.0,237600.0,250844.0,254157.0,251321.0,276307.0,330016.0,389393.0,386839.0,249566.0,175717.0,186707.0,152773.0,85641.0
장안1동,402615668,6006908.0,31547.0,1765.0,1069.0,1586.0,13656.0,74752.0,181429.0,410462.0,543326.0,342257.0,255933.0,244589.0,264164.0,279915.0,277436.0,297276.0,350403.0,441544.0,616881.0,462806.0,291637.0,269849.0,227497.0,125129.0
장안2동,402616032,4893058.0,13260.0,570.0,38.0,15.0,26354.0,97129.0,185423.0,477580.0,512787.0,308846.0,244931.0,234944.0,255441.0,250870.0,242316.0,255739.0,304266.0,312895.0,345357.0,257994.0,182064.0,172959.0,154226.0,57054.0
장위1동,403339664,3009859.0,3364.0,477.0,299.0,245.0,35298.0,76940.0,157124.0,338885.0,370715.0,242869.0,185305.0,170095.0,173286.0,173929.0,157042.0,153704.0,156995.0,156001.0,140620.0,123668.0,77075.0,57572.0,40496.0,17855.0
장위2동,403340028,5003592.0,13338.0,1673.0,954.0,861.0,21108.0,96671.0,212544.0,554899.0,641865.0,350758.0,250662.0,229361.0,246398.0,256087.0,249468.0,239397.0,257704.0,290874.0,326731.0,271986.0,161903.0,149203.0,119215.0,59932.0
장위3동,403340392,2125264.0,8463.0,1212.0,257.0,173.0,26605.0,31742.0,90578.0,237570.0,234415.0,133347.0,106110.0,104722.0,112349.0,109894.0,110609.0,124270.0,132853.0,136525.0,129859.0,100513.0,64837.0,59774.0,45079.0,23508.0
장지동,409165484,9109368.0,15090.0,12180.0,8309.0,2933.0,46484.0,121967.0,317756.0,803382.0,992739.0,559781.0,382696.0,355424.0,391750.0,406435.0,405802.0,471829.0,622665.0,770407.0,841448.0,494283.0,417889.0,352202.0,233060.0,82857.0
장충동,401149112,4340602.0,8003.0,1593.0,455.0,592.0,1050.0,26208.0,53399.0,105259.0,151342.0,123943.0,130512.0,173668.0,184487.0,214269.0,276208.0,288855.0,360743.0,496730.0,622712.0,298641.0,249504.0,297513.0,209858.0,65058.0
전농1동,402614212,17161391.0,58660.0,5906.0,2075.0,1362.0,35959.0,267964.0,379828.0,984779.0,1390128.0,875229.0,850877.0,853675.0,1005240.0,1094684.0,1055130.0,1212098.0,1385957.0,1367463.0,1374907.0,910400.0,753803.0,614966.0,450286.0,230015.0
전농2동,402614576,3040667.0,4922.0,107.0,73.0,79.0,14183.0,61259.0,123614.0,279902.0,316230.0,206617.0,171038.0,163572.0,178751.0,173836.0,160700.0,179918.0,227710.0,192279.0,190789.0,121197.0,90504.0,83793.0,72665.0,26929.0
정릉1동,403334568,4051205.0,11278.0,1226.0,9.0,10.0,26221.0,61764.0,136005.0,363908.0,448505.0,299404.0,232063.0,228154.0,237062.0,235867.0,221676.0,230163.0,248187.0,254710.0,250993.0,177989.0,127267.0,117155.0,94560.0,47029.0
정릉2동,403334932,3531810.0,9348.0,1237.0,82.0,44.0,25596.0,87702.0,160522.0,373686.0,402799.0,278941.0,229441.0,203300.0,200879.0,205293.0,188960.0,179889.0,190243.0,195326.0,182663.0,130621.0,93886.0,86023.0,72183.0,33146.0
정릉3동,403335296,2712528.0,12095.0,1185.0,52.0,58.0,7002.0,21914.0,51908.0,106740.0,136722.0,116316.0,111177.0,127998.0,140448.0,167179.0,188604.0,224167.0,315588.0,298160.0,204189.0,123987.0,105328.0,108406.0,100860.0,42445.0
정릉4동,403335660,6229068.0,11429.0,545.0,0.0,229.0,46605.0,100712.0,213123.0,555574.0,644262.0,439994.0,356667.0,346550.0,362770.0,364169.0,349869.0,351445.0,400053.0,426606.0,400972.0,285610.0,200335.0,171049.0,135946.0,64554.0
제기동,402613848,9736465.0,40740.0,5244.0,2815.0,2257.0,55209.0,157255.0,257266.0,579927.0,797978.0,543168.0,478612.0,528391.0,586448.0,624281.0,612746.0,684803.0,760032.0,781705.0,754871.0,443198.0,319521.0,312533.0,261758.0,145707.0
조원동,408070208,8792256.0,47880.0,2475.0,1825.0,1948.0,47273.0,115332.0,195498.0,409026.0,625198.0,368804.0,274366.0,257576.0,292541.0,329369.0,347522.0,426914.0,523650.0,659873.0,952861.0,834743.0,600000.0,603209.0,543129.0,331244.0
"종로1,2,3,4가동",400786204,55700851.0,344666.0,131126.0,52707.0,51129.0,77635.0,264118.0,369428.0,749032.0,1322999.0,1206376.0,1365401.0,1903970.0,2396959.0,2870447.0,3398868.0,4099929.0,4670671.0,6372901.0,8001920.0,4290580.0,3645943.0,3966091.0,2829607.0,1318348.0
"종로5,6가동",400786932,21487964.0,45259.0,15672.0,7690.0,7369.0,25651.0,238809.0,211329.0,365093.0,557566.0,613093.0,762820.0,1019202.0,1266091.0,1455283.0,1695009.0,1889911.0,2082620.0,2600881.0,2464094.0,1351337.0,986565.0,955054.0,623507.0,248059.0
종암동,403342576,6206689.0,25178.0,2671.0,919.0,963.0,61303.0,136321.0,234531.0,504698.0,585725.0,413538.0,344998.0,323668.0,347600.0,354807.0,333656.0,373492.0,379746.0,390165.0,401018.0,305517.0,221364.0,204615.0,169077.0,91119.0
중계1동,404426204,2030357.0,4398.0,125.0,2.0,0.0,3121.0,28449.0,80716.0,191351.0,161602.0,105776.0,90698.0,92233.0,107238.0,104457.0,96838.0,113524.0,139315.0,132460.0,129315.0,93786.0,90001.0,102645.0,135784.0,26523.0
"중계2,3동",404432392,7777761.0,17708.0,3495.0,2092.0,2742.0,36463.0,148274.0,348065.0,885816.0,919688.0,549171.0,401058.0,379912.0,437732.0,410918.0,361266.0,417791.0,507105.0,475126.0,449597.0,312635.0,227924.0,218883.0,189462.0,74838.0
중계4동,404427296,2280260.0,11982.0,85.0,0.0,0.0,3955.0,20439.0,44079.0,121047.0,132629.0,99267.0,80036.0,87793.0,106610.0,116068.0,108153.0,128393.0,158780.0,169643.0,213760.0,202874.0,137827.0,136138.0,125642.0,75060.0
중계본동,404425840,2688277.0,5952.0,138.0,1.0,0.0,3360.0,48333.0,118374.0,269351.0,214945.0,147026.0,120059.0,123204.0,142796.0,142332.0,125198.0,139381.0,186981.0,171917.0,174104.0,116694.0,104327.0,124062.0,179653.0,30089.0
중곡1동,402240020,1485387.0,15794.0,6903.0,2758.0,3233.0,22568.0,47476.0,55658.0,108669.0,139402.0,99520.0,75921.0,70563.0,76121.0,80270.0,73093.0,70817.0,75696.0,91259.0,104902.0,83284.0,57787.0,54405.0,43943.0,25345.0
중곡2동,402240384,2016330.0,9290.0,2163.0,1422.0,1387.0,24693.0,44677.0,73121.0,147164.0,202274.0,149634.0,110361.0,102800.0,108178.0,112665.0,103095.0,106849.0,118240.0,123609.0,136142.0,106473.0,77866.0,74519.0,55086.0,24622.0
중곡3동,402240748,5209733.0,9208.0,2093.0,1189.0,948.0,21124.0,117782.0,217296.0,486718.0,668408.0,431070.0,283646.0,260354.0,271436.0,261288.0,243169.0,252411.0,328372.0,339069.0,363150.0,230264.0,154991.0,130685.0,98367.0,36695.0
중곡4동,402241112,1228397.0,3849.0,10.0,0.0,0.0,4359.0,11536.0,57857.0,113471.0,118892.0,82683.0,66101.0,61330.0,66750.0,67648.0,66119.0,69483.0,78218.0,78916.0,82565.0,67695.0,44681.0,41559.0,31764.0,12911.0
중림동,401152752,1571659.0,9676.0,3573.0,1385.0,983.0,4263.0,23809.0,46813.0,92053.0,138543.0,90378.0,72555.0,73226.0,78994.0,80903.0,78988.0,90351.0,107177.0,119683.0,150192.0,90393.0,65912.0,66320.0,54467.0,31022.0
중앙동,408066204,3156749.0,36807.0,5864.0,4009.0,2301.0,33731.0,52112.0,80753.0,194389.0,248946.0,197669.0,157849.0,141517.0,160153.0,168839.0,156068.0,171599.0,187820.0,199914.0,227444.0,194949.0,155297.0,153610.0,142693.0,82416.0
중화1동,402970204,1230639.0,11023.0,3293.0,1042.0,1081.0,9267.0,15306.0,38970.0,85169.0,116168.0,79634.0,62093.0,60459.0,67998.0,68516.0,66524.0,68581.0,77928.0,81976.0,88108.0,76847.0,50586.0,44494.0,36312.0,19264.0
중화2동,402970568,7993112.0,23281.0,3651.0,3352.0,6190.0,64456.0,209712.0,345595.0,811506.0,1023036.0,603075.0,410202.0,382890.0,405653.0,400243.0,363541.0,367440.0,409734.0,455510.0,521198.0,386117.0,261464.0,242069.0,193354.0,99843.0
증산동,404792388,6089684.0,22615.0,3887.0,834.0,50.0,18562.0,126979.0,281090.0,622048.0,779515.0,457501.0,317658.0,280832.0,297972.0,296137.0,271447.0,281713.0,320548.0,347714.0,415167.0,310992.0,205309.0,187747.0,161700.0,81667.0
진관동,404793844,14393040.0,48868.0,9170.0,5289.0,2723.0,46669.0,200541.0,597826.0,1601967.0,1487711.0,931696.0,746621.0,717143.0,753209.0,740417.0,772961.0,892597.0,1016901.0,958644.0,865899.0,623651.0,474155.0,424943.0,330706.0,142733.0
창1동,404061476,14614966.0,44279.0,4130.0,589.0,340.0,15773.0,308293.0,702037.0,1707352.0,1751815.0,1081961.0,781542.0,704537.0,726551.0,680874.0,631270.0,652403.0,742091.0,803631.0,899243.0,761465.0,522063.0,471444.0,395296.0,225987.0
창2동,404061840,2459348.0,8380.0,1106.0,328.0,419.0,23178.0,55974.0,108895.0,277562.0,293305.0,187027.0,141997.0,130530.0,134640.0,131544.0,121963.0,122155.0,127353.0,137163.0,143231.0,108925.0,76088.0,59623.0,44840.0,23122.0
창3동,404062204,1686603.0,4375.0,1.0,0.0,0.0,2019.0,39557.0,69524.0,180862.0,198013.0,124791.0,98351.0,92088.0,97797.0,98760.0,92751.0,89748.0,95254.0,103339.0,95126.0,70953.0,50853.0,39454.0,28132.0,14855.0
창4동,404062568,3999752.0,20558.0,25.0,1.0,0.0,4069.0,35564.0,95758.0,257282.0,293206.0,204202.0,172613.0,178618.0,205765.0,214572.0,211586.0,251632.0,313054.0,298843.0,344621.0,270165.0,193424.0,180006.0,161058.0,93130.0
창5동,404062932,10718427.0,28687.0,2832.0,664.0,599.0,23663.0,189076.0,470781.0,1096481.0,1042532.0,674389.0,562015.0,550219.0,586539.0,576907.0,549687.0,609285.0,685796.0,723510.0,753469.0,479981.0,369776.0,347397.0,265319.0,128823.0
창신1동,400788388,3450511.0,61796.0,34909.0,22555.0,25855.0,66626.0,102412.0,94524.0,125871.0,192667.0,171833.0,157081.0,168326.0,197470.0,193689.0,206277.0,225395.0,234662.0,234281.0,229288.0,179026.0,143578.0,149268.0,139051.0,94071.0
창신2동,400788752,46393.0,57.0,0.0,0.0,0.0,0.0,235.0,1897.0,2306.0,3752.0,2611.0,2556.0,2372.0,2578.0,2689.0,2689.0,2990.0,3244.0,3079.0,3130.0,2935.0,3186.0,2218.0,1308.0,561.0
창신3동,400789116,1559807.0,609.0,6.0,0.0,0.0,1238.0,31444.0,76831.0,197580.0,230893.0,130828.0,92197.0,80691.0,81053.0,78764.0,71119.0,78990.0,97108.0,84622.0,74484.0,50635.0,42097.0,28665.0,20923.0,9030.0
천연동,405150928,5922194.0,7100.0,1226.0,617.0,517.0,47192.0,134148.0,197068.0,454659.0,575772.0,457493.0,357657.0,353760.0,379958.0,367168.0,354739.0,372790.0,405311.0,400439.0,392535.0,226309.0,158647.0,136916.0,98031.0,42142.0
천호1동,409522204,4393552.0,5959.0,938.0,1401.0,706.0,10150.0,103647.0,202220.0,520991.0,549637.0,331238.0,252882.0,233593.0,250235.0,244742.0,217567.0,220348.0,232853.0,243694.0,252973.0,160432.0,116589.0,117139.0,90021.0,33597.0
천호2동,409526572,3758143.0,37233.0,6148.0,1759.0,1099.0,5633.0,34780.0,92353.0,220020.0,257890.0,167655.0,135631.0,143975.0,167147.0,184462.0,184540.0,212577.0,244904.0,280077.0,339357.0,304086.0,222408.0,212008.0,182381.0,120020.0
천호3동,409522932,1613402.0,9693.0,3262.0,4958.0,1332.0,23204.0,41704.0,46297.0,85228.0,118525.0,89242.0,80503.0,78029.0,83529.0,86109.0,84181.0,92827.0,99929.0,110257.0,119473.0,92901.0,81356.0,79902.0,66058.0,34903.0
청구동,401154208,838782.0,8887.0,1174.0,314.0,218.0,151.0,5460.0,13011.0,27976.0,53596.0,39186.0,34837.0,34749.0,40214.0,42519.0,45514.0,49816.0,58550.0,61738.0,79905.0,63320.0,50106.0,50713.0,47724.0,29104.0
청담동,408800392,6610867.0,42146.0,7475.0,5296.0,5147.0,15987.0,72315.0,124203.0,265448.0,559387.0,491442.0,285128.0,269281.0,280479.0,306746.0,329094.0,382428.0,435773.0,541416.0,714958.0,446964.0,310938.0,334163.0,266807.0,117846.0
청량리동,402613120,4167901.0,19182.0,6425.0,2257.0,2268.0,50917.0,78728.0,127870.0,247006.0,350037.0,245871.0,215128.0,206482.0,235640.0,240388.0,236051.0,259478.0,293058.0,289667.0,307217.0,225440.0,182579.0,152772.0,124002.0,69438.0
청룡동,408073120,28515201.0,65795.0,2609.0,2129.0,4567.0,64810.0,550484.0,910646.0,2548553.0,3758084.0,2491301.0,1520294.0,1322976.0,1453341.0,1500500.0,1330608.0,1378172.0,1515203.0,1649917.0,1824990.0,1221703.0,1023818.0,1040824.0,892960.0,440917.0
청림동,408063656,1327762.0,714.0,1.0,0.0,0.0,2702.0,27002.0,76184.0,195958.0,191584.0,119085.0,85848.0,73636.0,71645.0,70796.0,60283.0,58226.0,61100.0,63091.0,61388.0,40621.0,26742.0,20097.0,14049.0,7010.0
청운효자동,400790208,2583194.0,1409.0,57.0,2.0,0.0,2727.0,16385.0,52115.0,120228.0,161373.0,126780.0,112295.0,133098.0,155543.0,170602.0,186930.0,238969.0,284371.0,249992.0,230416.0,123192.0,87412.0,73641.0,42740.0,12917.0
청파동,401517844,2483973.0,3610.0,933.0,170.0,879.0,4822.0,22076.0,59832.0,160818.0,229943.0,179228.0,147636.0,133040.0,137805.0,145822.0,144486.0,148431.0,185702.0,163968.0,169853.0,124341.0,100952.0,101874.0,82175.0,35577.0
충현동,405158572,14766900.0,36926.0,6639.0,2587.0,1716.0,14275.0,111748.0,279334.0,695329.0,1021546.0,678413.0,555616.0,634913.0,643788.0,657046.0,719404.0,826018.0,991743.0,1602750.0,2612684.0,834734.0,620882.0,601645.0,431041.0,186123.0
평창동,400784384,2960278.0,7381.0,484.0,1.0,0.0,9567.0,37399.0,91893.0,220635.0,211771.0,179953.0,163119.0,163985.0,176394.0,185368.0,197509.0,216991.0,234847.0,250007.0,204897.0,125901.0,94399.0,92081.0,71464.0,24232.0
풍납1동,409154564,1195931.0,3192.0,1957.0,569.0,872.0,17220.0,54610.0,69437.0,109570.0,136517.0,87339.0,53637.0,47000.0,53709.0,65281.0,51262.0,51001.0,55339.0,60522.0,69786.0,55284.0,44464.0,53092.0,34932.0,19339.0
풍납2동,409154928,2246987.0,2387.0,961.0,657.0,578.0,7619.0,46048.0,76786.0,179898.0,191142.0,139348.0,110059.0,111485.0,111413.0,110442.0,118565.0,155401.0,194131.0,209333.0,175014.0,94317.0,70397.0,55855.0,46817.0,38334.0
필동,401148748,9577856.0,29279.0,6766.0,3605.0,2727.0,5825.0,47484.0,72302.0,148278.0,250040.0,231196.0,242500.0,317553.0,360099.0,434807.0,516696.0,596666.0,722019.0,1106174.0,1717218.0,831397.0,614244.0,619715.0,470982.0,230284.0
하계1동,404425112,3651132.0,24606.0,2754.0,677.0,3530.0,17917.0,41358.0,89351.0,211309.0,223879.0,182041.0,172236.0,176254.0,200819.0,194622.0,206452.0,252876.0,307067.0,270236.0,288549.0,228948.0,177031.0,163166.0,144524.0,70930.0
하계2동,404425476,7750512.0,14516.0,2928.0,2477.0,2564.0,22591.0,131360.0,337362.0,919736.0,972308.0,574683.0,422323.0,402033.0,429631.0,405703.0,383906.0,419332.0,472806.0,474201.0,433987.0,284200.0,221817.0,194724.0,159929.0,65395.0
한강로동,401518572,29132779.0,119127.0,18168.0,8675.0,5790.0,18463.0,144354.0,360518.0,1027067.0,1631374.0,1195531.0,953873.0,1193852.0,1295327.0,1463764.0,1484195.0,1876097.0,2241436.0,2925658.0,3689978.0,1999653.0,1770035.0,1778454.0,1300166.0,631224.0
한남동,401518936,12372158.0,83370.0,19980.0,10834.0,11415.0,23215.0,118395.0,209156.0,490972.0,768000.0,658164.0,474400.0,474094.0,515476.0,549348.0,604200.0,730498.0,886898.0,1160527.0,1274562.0,856702.0,706839.0,758127.0,700628.0,286358.0
합정동,405520752,2283201.0,38013.0,9391.0,8858.0,7217.0,9710.0,19639.0,30091.0,63837.0,121775.0,104309.0,84433.0,93323.0,111958.0,127255.0,128829.0,141474.0,152035.0,162024.0,206344.0,170397.0,133783.0,145497.0,127932.0,85077.0
행당1동,401876384,14465722.0,82292.0,6530.0,4580.0,2468.0,23124.0,170477.0,277264.0,732848.0,1217233.0,768895.0,551128.0,576602.0,669853.0,720375.0,731381.0,831528.0,972460.0,1089579.0,1211947.0,888484.0,798055.0,905662.0,811194.0,421763.0
행당2동,401876748,4399100.0,7082.0,159.0,7.0,0.0,26382.0,93458.0,184762.0,469881.0,619998.0,335965.0,242655.0,221434.0,234977.0,227234.0,207504.0,227019.0,229415.0,238030.0,247020.0,174793.0,132918.0,123106.0,107507.0,47794.0
행운동,408064748,5390685.0,37163.0,4099.0,3267.0,2666.0,10311.0,59807.0,100178.0,228264.0,299590.0,232323.0,220035.0,231299.0,260842.0,270249.0,281215.0,329415.0,374842.0,393689.0,484859.0,415065.0,334193.0,340285.0,303465.0,173564.0
혜화동,400790572,5521557.0,57869.0,13058.0,3534.0,1517.0,25668.0,64194.0,125381.0,253839.0,348277.0,267215.0,222220.0,236230.0,271822.0,291855.0,303000.0,348386.0,377972.0,409178.0,386627.0,301638.0,306538.0,373648.0,349474.0,182417.0
홍은1동,405156024,2418420.0,12873.0,1476.0,183.0,334.0,2951.0,29936.0,91329.0,208261.0,206442.0,143684.0,136015.0,128057.0,136299.0,138441.0,139534.0,148430.0,164877.0,163070.0,165775.0,120102.0,90220.0,85590.0,67727.0,36814.0
홍은2동,405156752,6876787.0,13243.0,1532.0,716.0,709.0,36560.0,124982.0,244610.0,575682.0,661858.0,473777.0,381083.0,370263.0,392365.0,389215.0,411759.0,490573.0,551797.0,476143.0,398535.0,263431.0,202709.0,191037.0,157968.0,66240.0
홍제1동,405154568,12856212.0,12553.0,3060.0,2828.0,2312.0,50634.0,214903.0,514380.0,1294270.0,1472579.0,974964.0,748737.0,704387.0,751725.0,707155.0,670300.0,688595.0,761705.0,796080.0,823071.0,534222.0,397580.0,347991.0,260113.0,122068.0
홍제2동,405155660,1948799.0,25480.0,3537.0,677.0,614.0,443.0,15871.0,31512.0,81458.0,103606.0,88618.0,86258.0,89556.0,99823.0,106730.0,113531.0,127863.0,144420.0,150259.0,169088.0,137964.0,109610.0,106147.0,89112.0,66622.0
홍제3동,405155296,3258893.0,5752.0,111.0,0.0,0.0,15382.0,43615.0,117880.0,257201.0,268901.0,204016.0,180903.0,179882.0,187451.0,185574.0,185342.0,193891.0,216606.0,216802.0,235785.0,182999.0,132517.0,118178.0,101475.0,28630.0
화곡1동,406250572,24771328.0,44091.0,6295.0,2855.0,5953.0,85416.0,669690.0,1175541.0,3269257.0,4083588.0,2117618.0,1337725.0,1204400.0,1258928.0,1205921.0,1050177.0,1033018.0,1136663.0,1182443.0,1240353.0,848286.0,619589.0,553409.0,440161.0,199951.0
화곡2동,406244748,1622771.0,1457.0,32.0,0.0,0.0,21943.0,47052.0,87095.0,208234.0,219247.0,142165.0,99804.0,84573.0,88889.0,90146.0,78670.0,72969.0,75772.0,79719.0,78185.0,51081.0,35507.0,29311.0,21761.0,9159.0
화곡3동,406245112,1425640.0,14063.0,1800.0,644.0,922.0,3715.0,10175.0,24190.0,49346.0,67852.0,52309.0,51979.0,57436.0,68039.0,72317.0,76784.0,92657.0,107825.0,106605.0,136779.0,125033.0,86439.0,90802.0,85639.0,42290.0
화곡4동,406245476,1760106.0,4785.0,823.0,354.0,221.0,13135.0,36023.0,70683.0,178210.0,205483.0,122225.0,89089.0,88733.0,97343.0,98941.0,90582.0,103261.0,112311.0,103338.0,101340.0,75683.0,59344.0,50009.0,40264.0,17926.0
화곡6동,406246204,4825927.0,19655.0,3417.0,2781.0,2183.0,47538.0,73935.0,163816.0,396829.0,463065.0,333054.0,262916.0,260804.0,271649.0,272971.0,259247.0,265768.0,307308.0,310850.0,348687.0,203704.0,169705.0,176850.0,143744.0,65451.0
화곡8동,406246932,2845792.0,11881.0,1461.0,1078.0,1075.0,26151.0,39574.0,75216.0,157467.0,172171.0,138965.0,113701.0,115948.0,130428.0,136877.0,135044.0,158675.0,175803.0,202261.0,256015.0,234037.0,169647.0,161891.0,144426.0,86000.0
화곡본동,406244020,2982363.0,7104.0,470.0,404.0,548.0,35782.0,57343.0,101733.0,250434.0,300668.0,198016.0,151908.0,145431.0,151536.0,155450.0,147063.0,154206.0,165294.0,180608.0,215022.0,181529.0,125351.0,113033.0,96201.0,47229.0
화양동,402239292,20082492.0,147686.0,29592.0,20213.0,13979.0,20304.0,256239.0,364609.0,854847.0,1482644.0,1051109.0,706027.0,716742.0,833082.0,921292.0,981300.0,1121474.0,1299129.0,1539249.0,1678532.0,1287593.0,1325049.0,1434797.0,1275234.0,721770.0
황학동,401152388,1249435.0,6274.0,1523.0,1343.0,942.0,8348.0,23928.0,39028.0,72424.0,107204.0,91798.0,72000.0,67137.0,74167.0,77825.0,77581.0,77561.0,79789.0,77066.0,77042.0,62501.0,50319.0,47355.0,36980.0,19300.0
회기동,402609844,2247383.0,10633.0,3134.0,838.0,889.0,7802.0,15492.0,28877.0,83340.0,132118.0,117257.0,130884.0,143243.0,132590.0,127686.0,163542.0,199289.0,213984.0,230483.0,137961.0,91190.0,84390.0,91105.0,75121.0,25535.0
회현동,401147656,41263512.0,166786.0,42334.0,12129.0,11125.0,38487.0,313958.0,418840.0,1151125.0,1887424.0,1472404.0,1489270.0,1900856.0,2192547.0,2361129.0,2305894.0,2861414.0,3338833.0,4514083.0,5661603.0,2866535.0,2185937.0,2029527.0,1378815.0,662457.0
효창동,401513112,4184013.0,6424.0,594.0,279.0,291.0,3518.0,47827.0,110720.0,314942.0,498060.0,318753.0,225960.0,204496.0,215066.0,224545.0,201199.0,213840.0,255450.0,303371.0,434821.0,199797.0,138444.0,124617.0,94655.0,46344.0
후암동,401510564,1912898.0,1518.0,333.0,0.0,0.0,2.0,28409.0,58035.0,153032.0,212751.0,143314.0,105507.0,101445.0,113498.0,107305.0,110260.0,119416.0,132674.0,135728.0,121436.0,82971.0,67620.0,62137.0,40339.0,15168.0
휘경1동,402610208,9645480.0,15880.0,3062.0,1318.0,880.0,16888.0,123217.0,249866.0,722696.0,1086631.0,664811.0,516747.0,494959.0,539066.0,555853.0,533376.0,577108.0,633093.0,723423.0,662142.0,432246.0,329256.0,338500.0,286312.0,138150.0
휘경2동,402610572,3850133.0,26231.0,6555.0,2099.0,1540.0,31847.0,69225.0,120205.0,262485.0,335780.0,240976.0,211539.0,211216.0,220979.0,207735.0,212710.0,248810.0,273337.0,272456.0,264150.0,179318.0,140454.0,134849.0,111260.0,64377.0
흑석동,407705844,8641691.0,30693.0,1124.0,1.0,0.0,4201.0,107646.0,226418.0,568544.0,671680.0,471309.0,429443.0,439130.0,469698.0,468372.0,505317.0,570404.0,665338.0,720456.0,648445.0,427255.0,358323.0,358383.0,326192.0,173319.0
