날짜,건국대학교병원,건국대학교사범대학부속중학교,뚝섬1주차장,뚝섬2주차장,뚝섬3주차장,뚝섬4주차장,래미안프리미어팰리스주차장,보건복지행정타운,성진강변스파랜드,스테이더디자이너스군자오피스텔주차장,실로암사우나중곡점주차장,연한빌딩,와이엠프라젠스파,편안한요양병원
04-15-06,37.63277693474962,90.0,17.91044776119403,0.0,31.25,18.38235294117647,0.0,100.0,94.9640287769784,76.0,55.38461538461539,6.382978723404255,12.935323383084576,35.38461538461539
04-15-07,45.068285280728375,90.0,61.19402985074627,62.07865168539326,100.0,72.79411764705883,0.0,100.0,94.9640287769784,76.0,67.6923076923077,4.25531914893617,22.388059701492537,35.38461538461539
04-15-08,52.65553869499241,90.0,100.0,100.0,100.0,100.0,0.0,100.0,94.9640287769784,76.0,61.53846153846154,21.27659574468085,18.90547263681592,40.0
04-15-09,59.63581183611532,90.0,100.0,100.0,100.0,100.0,0.0,100.0,94.9640287769784,76.0,56.92307692307692,44.680851063829785,11.940298507462686,44.61538461538462
04-15-10,58.2701062215478,90.0,79.1044776119403,58.70786516853933,99.10714285714286,87.5,0.0,100.0,94.9640287769784,76.0,56.92307692307692,48.93617021276596,15.92039800995025,47.69230769230769
04-15-11,47.344461305007584,90.0,61.19402985074627,24.719101123595504,61.60714285714286,66.17647058823529,0.0,100.0,94.9640287769784,76.0,49.23076923076923,46.80851063829788,11.442786069651742,46.15384615384615
04-15-12,39.90895295902883,90.0,73.13432835820896,36.79775280898877,64.28571428571429,63.23529411764706,0.0,100.0,94.9640287769784,76.0,87.6923076923077,17.02127659574468,13.432835820895525,38.46153846153847
04-15-13,40.9711684370258,90.0,65.67164179104478,39.04494382022472,51.78571428571429,68.38235294117648,0.0,100.0,94.9640287769784,76.0,53.84615384615385,51.06382978723404,6.965174129353234,44.61538461538462
04-15-14,41.88163884673748,90.0,65.67164179104478,30.61797752808989,43.75,81.61764705882352,0.0,100.0,94.9640287769784,76.0,67.6923076923077,53.191489361702125,6.467661691542288,46.15384615384615
04-15-15,44.764795144157816,90.0,68.65671641791045,21.34831460674157,41.07142857142857,96.32352941176472,0.0,100.0,94.9640287769784,76.0,58.46153846153847,55.319148936170215,13.930348258706468,43.07692307692308
04-15-16,44.916540212443095,90.0,83.5820895522388,25.842696629213485,66.96428571428571,100.0,0.0,100.0,94.9640287769784,76.0,49.23076923076923,34.04255319148936,18.90547263681592,44.61538461538462
04-15-17,40.81942336874052,90.0,88.05970149253731,33.98876404494382,89.28571428571429,98.52941176470588,0.0,100.0,94.9640287769784,76.0,58.46153846153847,36.17021276595745,23.383084577114428,46.15384615384615
04-15-18,39.30197268588771,90.0,70.1492537313433,33.42696629213483,89.28571428571429,87.5,0.0,100.0,94.9640287769784,76.0,76.92307692307693,34.04255319148936,21.393034825870647,41.53846153846154
04-15-19,39.60546282245827,90.0,46.26865671641791,29.775280898876407,56.25,72.79411764705883,0.0,100.0,94.9640287769784,76.0,69.23076923076923,42.5531914893617,18.90547263681592,40.0
04-15-20,39.45371775417299,90.0,40.298507462686565,11.235955056179774,57.14285714285714,82.35294117647058,0.0,100.0,94.9640287769784,76.0,66.15384615384615,46.80851063829788,12.437810945273633,40.0
04-15-21,38.39150227617603,90.0,25.37313432835821,11.797752808988765,62.5,75.0,0.0,100.0,94.9640287769784,76.0,53.84615384615385,21.27659574468085,1.4925373134328357,41.53846153846154
04-15-22,34.749620637329286,90.0,13.432835820895525,3.651685393258427,69.64285714285714,83.08823529411765,0.0,100.0,94.9640287769784,76.0,47.69230769230769,23.404255319148938,0.0,36.92307692307693
04-15-23,32.77693474962064,90.0,8.955223880597014,0.0,56.25,55.14705882352941,0.0,100.0,94.9640287769784,76.0,46.15384615384615,17.02127659574468,0.9950248756218906,36.92307692307693
04-16-00,32.32169954476479,90.0,0.0,0.0,42.85714285714285,47.05882352941176,0.0,100.0,94.9640287769784,76.0,40.0,0.0,1.9900497512437807,36.92307692307693
04-16-01,31.86646433990895,90.0,0.0,0.0,40.17857142857143,30.14705882352941,0.0,100.0,94.9640287769784,76.0,44.61538461538462,0.0,1.4925373134328357,36.92307692307693
04-16-02,31.10773899848255,90.0,0.0,0.0,32.142857142857146,27.20588235294117,0.0,100.0,94.9640287769784,76.0,43.07692307692308,0.0,1.9900497512437807,36.92307692307693
04-16-03,30.349013657056144,90.0,0.0,0.0,25.892857142857142,16.176470588235293,0.0,100.0,94.9640287769784,76.0,40.0,0.0,1.4925373134328357,36.92307692307693
04-16-04,30.652503793626707,90.0,0.0,0.0,26.785714285714285,10.294117647058822,0.0,100.0,94.9640287769784,76.0,41.53846153846154,0.0,0.9950248756218906,36.92307692307693
04-16-05,31.25948406676783,90.0,0.0,0.0,24.107142857142858,12.5,0.0,100.0,94.9640287769784,76.0,53.84615384615385,0.0,0.4975124378109453,38.46153846153847
04-16-06,32.16995447647951,90.0,0.0,0.0,22.321428571428573,8.823529411764707,0.0,100.0,94.9640287769784,76.0,63.07692307692307,0.0,8.45771144278607,35.38461538461539
04-16-07,33.23216995447648,90.0,0.0,0.0,25.892857142857142,13.970588235294118,0.0,100.0,94.9640287769784,76.0,78.46153846153847,0.0,16.417910447761194,35.38461538461539
04-16-08,34.59787556904401,90.0,0.0,0.0,24.107142857142858,24.264705882352946,0.0,100.0,94.9640287769784,76.0,80.0,2.127659574468085,16.91542288557214,35.38461538461539
04-16-09,36.11532625189681,90.0,67.16417910447761,26.12359550561798,28.57142857142857,36.02941176470589,0.0,100.0,94.9640287769784,76.0,93.84615384615384,2.127659574468085,19.900497512437813,35.38461538461539
04-16-10,40.21244309559939,90.0,77.61194029850746,26.685393258426966,39.285714285714285,51.47058823529412,0.0,100.0,94.9640287769784,76.0,100.0,6.382978723404255,22.388059701492537,35.38461538461539
04-16-11,38.39150227617603,90.0,74.6268656716418,33.42696629213483,51.78571428571429,52.20588235294118,0.0,100.0,94.9640287769784,76.0,89.23076923076924,8.51063829787234,21.393034825870647,36.92307692307693
04-16-12,39.90895295902883,90.0,73.13432835820896,36.79775280898877,64.28571428571429,63.23529411764706,0.0,100.0,94.9640287769784,76.0,87.6923076923077,17.02127659574468,13.432835820895525,38.46153846153847
04-16-13,40.06069802731411,90.0,79.1044776119403,38.48314606741573,74.10714285714286,75.0,0.0,100.0,94.9640287769784,76.0,96.92307692307692,21.27659574468085,13.432835820895525,38.46153846153847
04-16-14,42.4886191198786,90.0,94.02985074626866,40.16853932584269,90.17857142857144,100.0,0.0,100.0,94.9640287769784,76.0,98.46153846153848,21.27659574468085,10.945273631840797,38.46153846153847
04-16-15,42.792109256449166,90.0,91.04477611940298,46.62921348314607,92.85714285714286,100.0,0.0,100.0,94.9640287769784,76.0,100.0,40.42553191489361,11.442786069651742,38.46153846153847
04-16-16,42.4886191198786,90.0,97.01492537313432,44.662921348314605,100.0,100.0,0.0,100.0,94.9640287769784,76.0,93.84615384615384,31.91489361702128,16.91542288557214,38.46153846153847
04-16-17,41.27465857359636,90.0,94.02985074626866,33.70786516853933,91.96428571428572,100.0,0.0,100.0,94.9640287769784,76.0,89.23076923076924,36.17021276595745,20.39800995024876,35.38461538461539
04-16-18,39.60546282245827,90.0,86.56716417910447,16.573033707865168,76.78571428571429,80.14705882352942,0.0,100.0,94.9640287769784,76.0,86.15384615384616,36.17021276595745,19.402985074626866,33.84615384615385
04-16-19,36.722306525037936,90.0,38.80597014925373,12.921348314606742,62.5,66.91176470588235,0.0,100.0,94.9640287769784,76.0,83.07692307692308,40.42553191489361,11.442786069651742,36.92307692307693
04-16-20,34.901365705614566,90.0,29.850746268656717,27.52808988764045,47.32142857142857,64.70588235294117,0.0,100.0,94.9640287769784,76.0,83.07692307692308,34.04255319148936,1.4925373134328357,36.92307692307693
04-16-21,33.53566009104704,90.0,29.850746268656717,22.191011235955056,51.78571428571429,55.88235294117647,0.0,100.0,94.9640287769784,76.0,58.46153846153847,27.659574468085108,0.0,38.46153846153847
04-16-22,32.47344461305007,90.0,35.82089552238806,16.01123595505618,40.17857142857143,48.52941176470589,0.0,100.0,94.9640287769784,76.0,55.38461538461539,21.27659574468085,0.4975124378109453,41.53846153846154
04-16-23,30.349013657056144,90.0,20.8955223880597,6.460674157303371,39.285714285714285,30.14705882352941,0.0,100.0,94.9640287769784,76.0,55.38461538461539,12.76595744680851,1.4925373134328357,35.38461538461539
04-17-00,30.045523520485585,90.0,10.44776119402985,0.0,29.464285714285715,23.52941176470588,0.0,100.0,94.9640287769784,76.0,38.46153846153847,2.127659574468085,2.985074626865672,35.38461538461539
04-17-01,29.1350531107739,90.0,8.955223880597014,0.0,21.428571428571427,24.264705882352946,0.0,100.0,94.9640287769784,76.0,36.92307692307693,2.127659574468085,3.482587064676617,35.38461538461539
04-17-02,29.438543247344462,90.0,7.462686567164178,0.0,18.75,22.058823529411764,0.0,100.0,94.9640287769784,76.0,38.46153846153847,2.127659574468085,3.482587064676617,35.38461538461539
04-17-03,29.438543247344462,90.0,8.955223880597014,0.0,17.857142857142858,19.852941176470587,0.0,100.0,94.9640287769784,76.0,38.46153846153847,2.127659574468085,1.4925373134328357,35.38461538461539
04-17-04,29.74203338391502,90.0,5.970149253731343,0.0,18.75,17.647058823529413,0.0,100.0,94.9640287769784,76.0,38.46153846153847,2.127659574468085,1.4925373134328357,35.38461538461539
04-17-05,29.590288315629746,90.0,0.0,0.0,17.857142857142858,18.38235294117647,0.0,100.0,94.9640287769784,76.0,43.07692307692308,2.127659574468085,1.9900497512437807,38.46153846153847
04-17-06,31.41122913505311,90.0,0.0,0.0,18.75,16.176470588235293,0.0,100.0,94.9640287769784,76.0,49.23076923076923,2.127659574468085,10.945273631840797,35.38461538461539
04-17-07,38.08801213960547,90.0,0.0,0.0,18.75,19.11764705882353,0.0,100.0,94.9640287769784,76.0,64.61538461538461,6.382978723404255,10.44776119402985,36.92307692307693
04-17-08,54.3247344461305,90.0,0.0,0.0,19.642857142857142,37.5,0.0,100.0,94.9640287769784,76.0,73.84615384615385,8.51063829787234,2.985074626865672,44.61538461538462
04-17-09,67.37481031866464,90.0,25.37313432835821,22.47191011235955,21.428571428571427,44.85294117647059,0.0,100.0,94.9640287769784,76.0,73.84615384615385,19.148936170212767,0.9950248756218906,55.38461538461539
04-17-10,82.39757207890743,90.0,25.37313432835821,22.191011235955056,25.892857142857142,43.38235294117647,0.0,100.0,94.9640287769784,76.0,73.84615384615385,23.404255319148938,1.4925373134328357,53.84615384615385
04-17-11,81.79059180576631,90.0,29.850746268656717,27.247191011235955,30.35714285714285,46.32352941176471,0.0,100.0,94.9640287769784,76.0,75.38461538461539,34.04255319148936,2.4875621890547266,58.46153846153847
04-17-12,73.44461305007587,90.0,28.35820895522388,26.40449438202247,32.142857142857146,56.61764705882353,0.0,100.0,94.9640287769784,76.0,73.84615384615385,27.659574468085108,2.4875621890547266,58.46153846153847
04-17-13,79.96965098634294,90.0,31.343283582089555,30.0561797752809,42.85714285714285,66.17647058823529,0.0,100.0,94.9640287769784,76.0,67.6923076923077,25.53191489361702,1.4925373134328357,58.46153846153847
04-17-14,90.5918057663126,90.0,35.82089552238806,23.03370786516854,47.32142857142857,69.11764705882352,0.0,100.0,94.9640287769784,76.0,69.23076923076923,34.04255319148936,1.9900497512437807,60.0
04-17-15,76.02427921092566,90.0,38.80597014925373,22.47191011235955,50.89285714285714,66.17647058823529,0.0,100.0,94.9640287769784,76.0,86.15384615384616,31.91489361702128,5.970149253731343,58.46153846153847
04-17-16,62.9742033383915,90.0,34.32835820895522,17.696629213483146,56.25,59.55882352941176,0.0,100.0,94.9640287769784,76.0,87.6923076923077,34.04255319148936,0.4975124378109453,58.46153846153847
04-17-17,45.37177541729893,90.0,23.88059701492537,15.730337078651685,48.21428571428572,55.88235294117647,0.0,100.0,94.9640287769784,76.0,75.38461538461539,42.5531914893617,1.9900497512437807,49.23076923076923
04-17-18,39.60546282245827,90.0,26.86567164179105,8.146067415730338,54.46428571428571,56.61764705882353,0.0,100.0,94.9640287769784,76.0,72.3076923076923,46.80851063829788,6.965174129353234,40.0
04-17-19,40.81942336874052,90.0,34.32835820895522,5.8988764044943816,45.535714285714285,50.73529411764706,0.0,100.0,94.9640287769784,76.0,75.38461538461539,38.297872340425535,10.945273631840797,38.46153846153847
04-17-20,38.39150227617603,90.0,40.298507462686565,2.808988764044944,52.67857142857143,60.29411764705882,0.0,100.0,94.9640287769784,76.0,58.46153846153847,23.404255319148938,6.965174129353234,38.46153846153847
04-17-21,36.874051593323216,90.0,40.298507462686565,2.528089887640449,43.75,56.61764705882353,0.0,100.0,94.9640287769784,76.0,58.46153846153847,19.148936170212767,2.4875621890547266,40.0
04-17-22,34.749620637329286,90.0,34.32835820895522,0.0,50.89285714285714,42.64705882352941,0.0,100.0,94.9640287769784,76.0,56.92307692307692,12.76595744680851,2.4875621890547266,35.38461538461539
04-17-23,32.62518968133536,90.0,38.80597014925373,0.0,32.142857142857146,44.85294117647059,0.0,100.0,94.9640287769784,76.0,56.92307692307692,4.25531914893617,1.4925373134328357,35.38461538461539
04-18-00,31.86646433990895,90.0,25.37313432835821,0.0,19.642857142857142,31.61764705882353,0.0,100.0,94.9640287769784,76.0,35.38461538461539,4.25531914893617,3.482587064676617,35.38461538461539
04-18-01,32.01820940819423,90.0,25.37313432835821,0.0,16.964285714285715,27.20588235294117,0.0,100.0,94.9640287769784,76.0,30.76923076923077,2.127659574468085,3.482587064676617,35.38461538461539
04-18-02,32.16995447647951,90.0,22.388059701492537,0.0,19.642857142857142,20.588235294117645,0.0,100.0,94.9640287769784,76.0,32.30769230769231,2.127659574468085,4.975124378109453,35.38461538461539
04-18-03,31.71471927162367,90.0,23.88059701492537,0.0,17.857142857142858,17.647058823529413,0.0,100.0,94.9640287769784,76.0,33.84615384615385,2.127659574468085,1.9900497512437807,35.38461538461539
04-18-04,32.32169954476479,90.0,23.88059701492537,0.0,19.642857142857142,19.852941176470587,0.0,100.0,94.9640287769784,76.0,36.92307692307693,2.127659574468085,1.9900497512437807,35.38461538461539
04-18-05,32.47344461305007,90.0,20.8955223880597,0.0,19.642857142857142,18.38235294117647,0.0,100.0,94.9640287769784,76.0,43.07692307692308,2.127659574468085,6.965174129353234,35.38461538461539
04-18-06,35.81183611532625,90.0,23.88059701492537,0.0,19.642857142857142,18.38235294117647,0.0,100.0,94.9640287769784,76.0,46.15384615384615,2.127659574468085,10.945273631840797,36.92307692307693
04-18-07,45.068285280728375,90.0,17.91044776119403,0.0,18.75,22.794117647058822,0.0,100.0,94.9640287769784,76.0,61.53846153846154,4.25531914893617,9.45273631840796,41.53846153846154
04-18-08,66.61608497723824,90.0,47.76119402985074,24.719101123595504,28.57142857142857,37.5,0.0,100.0,94.9640287769784,76.0,67.6923076923077,12.76595744680851,4.975124378109453,41.53846153846154
04-18-09,81.48710166919575,90.0,41.7910447761194,25.0,27.67857142857143,52.94117647058824,0.0,100.0,94.9640287769784,76.0,72.3076923076923,23.404255319148938,0.4975124378109453,53.84615384615385
04-18-10,88.31562974203338,90.0,47.76119402985074,26.40449438202247,29.464285714285715,58.08823529411765,0.0,100.0,94.9640287769784,76.0,70.76923076923077,36.17021276595745,2.4875621890547266,63.07692307692307
04-18-11,88.01213960546282,90.0,52.23880597014925,28.08988764044944,26.785714285714285,59.55882352941176,0.0,100.0,94.9640287769784,76.0,73.84615384615385,40.42553191489361,1.9900497512437807,60.0
04-18-12,76.02427921092566,90.0,44.776119402985074,28.08988764044944,28.57142857142857,64.70588235294117,0.0,100.0,94.9640287769784,76.0,67.6923076923077,46.80851063829788,0.4975124378109453,56.92307692307692
04-18-13,80.42488619119878,90.0,41.7910447761194,30.61797752808989,33.035714285714285,66.17647058823529,0.0,100.0,94.9640287769784,76.0,70.76923076923077,36.17021276595745,0.4975124378109453,60.0
04-18-14,84.9772382397572,90.0,67.16417910447761,35.674157303370784,44.642857142857146,67.64705882352942,0.0,100.0,94.9640287769784,76.0,69.23076923076923,36.17021276595745,7.462686567164178,53.84615384615385
04-18-15,85.43247344461305,90.0,70.1492537313433,42.13483146067416,43.75,69.11764705882352,0.0,100.0,94.9640287769784,76.0,61.53846153846154,57.44680851063831,7.462686567164178,53.84615384615385
04-18-16,71.77541729893778,90.0,67.16417910447761,36.51685393258427,57.14285714285714,67.64705882352942,0.0,100.0,94.9640287769784,76.0,66.15384615384615,40.42553191489361,10.945273631840797,52.30769230769232
04-18-17,53.86949924127465,90.0,44.776119402985074,37.35955056179776,43.75,61.02941176470589,0.0,100.0,94.9640287769784,76.0,72.3076923076923,36.17021276595745,8.45771144278607,47.69230769230769
04-18-18,45.220030349013655,90.0,56.71641791044776,27.808988764044944,40.17857142857143,55.88235294117647,0.0,100.0,94.9640287769784,76.0,58.46153846153847,34.04255319148936,5.970149253731343,41.53846153846154
04-18-19,42.4886191198786,90.0,52.23880597014925,27.247191011235955,39.285714285714285,47.794117647058826,0.0,100.0,94.9640287769784,76.0,58.46153846153847,51.06382978723404,4.975124378109453,38.46153846153847
04-18-20,41.27465857359636,90.0,64.17910447761194,28.370786516853936,36.60714285714285,57.35294117647059,0.0,100.0,94.9640287769784,76.0,66.15384615384615,34.04255319148936,4.975124378109453,36.92307692307693
04-18-21,39.30197268588771,90.0,71.64179104477611,35.674157303370784,38.392857142857146,63.97058823529412,0.0,100.0,94.9640287769784,76.0,61.53846153846154,34.04255319148936,3.482587064676617,36.92307692307693
04-18-22,37.329286798179055,90.0,53.73134328358209,33.98876404494382,38.392857142857146,68.38235294117648,0.0,100.0,94.9640287769784,76.0,44.61538461538462,23.404255319148938,1.9900497512437807,32.30769230769231
04-18-23,35.053110773899846,90.0,35.82089552238806,28.651685393258425,28.57142857142857,48.52941176470589,0.0,100.0,94.9640287769784,76.0,44.61538461538462,19.148936170212767,3.482587064676617,33.84615384615385
04-19-00,33.0804248861912,90.0,35.82089552238806,20.50561797752809,24.107142857142858,44.11764705882353,0.0,100.0,94.9640287769784,76.0,36.92307692307693,2.127659574468085,2.4875621890547266,33.84615384615385
04-19-01,32.77693474962064,90.0,34.32835820895522,12.640449438202248,22.321428571428573,37.5,0.0,100.0,94.9640287769784,76.0,36.92307692307693,2.127659574468085,3.482587064676617,35.38461538461539
04-19-02,32.32169954476479,90.0,34.32835820895522,12.640449438202248,20.535714285714285,32.35294117647059,0.0,100.0,94.9640287769784,76.0,35.38461538461539,2.127659574468085,4.477611940298507,35.38461538461539
04-19-03,32.01820940819423,90.0,35.82089552238806,12.359550561797752,17.857142857142858,28.676470588235293,0.0,100.0,94.9640287769784,76.0,32.30769230769231,2.127659574468085,1.4925373134328357,35.38461538461539
04-19-04,32.32169954476479,90.0,38.80597014925373,12.07865168539326,18.75,29.411764705882355,0.0,100.0,94.9640287769784,76.0,32.30769230769231,2.127659574468085,2.4875621890547266,35.38461538461539
04-19-05,32.32169954476479,90.0,37.3134328358209,12.640449438202248,17.857142857142858,30.14705882352941,0.0,100.0,94.9640287769784,76.0,36.92307692307693,2.127659574468085,2.985074626865672,35.38461538461539
04-19-06,33.0804248861912,90.0,32.83582089552239,14.04494382022472,19.642857142857142,30.88235294117647,0.0,100.0,94.9640287769784,76.0,43.07692307692308,4.25531914893617,10.44776119402985,35.38461538461539
04-19-07,46.4339908952959,90.0,41.7910447761194,25.280898876404496,23.214285714285715,37.5,0.0,100.0,94.9640287769784,76.0,61.53846153846154,10.638297872340424,8.955223880597014,38.46153846153847
04-19-08,54.3247344461305,90.0,0.0,0.0,19.642857142857142,37.5,0.0,100.0,94.9640287769784,76.0,73.84615384615385,8.51063829787234,2.985074626865672,44.61538461538462
04-19-09,74.65857359635811,90.0,61.19402985074627,27.247191011235955,28.57142857142857,49.26470588235294,0.0,100.0,94.9640287769784,76.0,52.30769230769232,21.27659574468085,0.0,56.92307692307692
04-19-10,87.25341426403642,90.0,56.71641791044776,27.247191011235955,30.35714285714285,56.61764705882353,0.0,100.0,94.9640287769784,76.0,46.15384615384615,40.42553191489361,0.0,56.92307692307692
04-19-11,87.70864946889226,90.0,64.17910447761194,28.651685393258425,35.714285714285715,61.76470588235294,0.0,100.0,94.9640287769784,76.0,49.23076923076923,31.91489361702128,7.462686567164178,60.0
04-19-12,82.85280728376327,90.0,68.65671641791045,31.741573033707866,42.85714285714285,75.73529411764706,0.0,100.0,94.9640287769784,76.0,44.61538461538462,42.5531914893617,7.462686567164178,58.46153846153847
04-19-13,85.12898330804249,90.0,61.19402985074627,35.674157303370784,57.14285714285714,89.70588235294117,0.0,100.0,94.9640287769784,76.0,58.46153846153847,29.78723404255319,5.472636815920398,53.84615384615385
04-19-14,86.49468892261002,90.0,67.16417910447761,35.39325842696629,65.17857142857143,86.76470588235294,0.0,100.0,94.9640287769784,76.0,67.6923076923077,48.93617021276596,8.45771144278607,55.38461538461539
04-19-15,84.2185128983308,90.0,62.68656716417911,37.35955056179776,70.53571428571429,95.58823529411764,0.0,100.0,94.9640287769784,76.0,75.38461538461539,40.42553191489361,10.44776119402985,53.84615384615385
04-19-16,67.22306525037936,90.0,55.223880597014926,42.13483146067416,63.39285714285714,88.23529411764706,0.0,100.0,94.9640287769784,76.0,61.53846153846154,31.91489361702128,7.462686567164178,55.38461538461539
04-19-17,43.85432473444613,90.0,55.223880597014926,42.69662921348314,67.85714285714286,75.0,0.0,100.0,94.9640287769784,76.0,66.15384615384615,29.78723404255319,10.44776119402985,47.69230769230769
04-19-18,42.18512898330804,90.0,61.19402985074627,44.662921348314605,73.21428571428571,81.61764705882352,0.0,100.0,94.9640287769784,76.0,67.6923076923077,38.297872340425535,13.432835820895525,38.46153846153847
04-19-19,40.9711684370258,90.0,58.2089552238806,46.06741573033708,61.60714285714286,83.82352941176471,0.0,100.0,94.9640287769784,76.0,60.0,27.659574468085108,10.945273631840797,33.84615384615385
04-19-20,38.998482549317146,90.0,64.17910447761194,44.9438202247191,66.96428571428571,91.91176470588236,0.0,100.0,94.9640287769784,76.0,61.53846153846154,21.27659574468085,7.462686567164178,33.84615384615385
04-19-21,37.025796661608496,90.0,76.11940298507463,47.19101123595505,72.32142857142857,93.38235294117648,0.0,100.0,94.9640287769784,76.0,55.38461538461539,17.02127659574468,4.477611940298507,33.84615384615385
04-19-22,35.66009104704097,90.0,55.223880597014926,41.29213483146067,65.17857142857143,89.70588235294117,0.0,100.0,94.9640287769784,76.0,56.92307692307692,17.02127659574468,1.9900497512437807,32.30769230769231
04-19-23,34.44613050075873,90.0,28.35820895522388,32.30337078651686,52.67857142857143,56.61764705882353,0.0,100.0,94.9640287769784,76.0,56.92307692307692,4.25531914893617,1.4925373134328357,33.84615384615385
04-20-00,33.23216995447648,90.0,26.86567164179105,21.910112359550563,34.82142857142857,47.794117647058826,0.0,100.0,94.9640287769784,76.0,36.92307692307693,4.25531914893617,2.985074626865672,33.84615384615385
04-20-01,32.62518968133536,90.0,22.388059701492537,17.696629213483146,31.25,39.70588235294117,0.0,100.0,94.9640287769784,76.0,38.46153846153847,4.25531914893617,2.985074626865672,33.84615384615385
04-20-02,32.62518968133536,90.0,22.388059701492537,18.25842696629213,25.892857142857142,38.23529411764706,0.0,100.0,94.9640287769784,76.0,38.46153846153847,4.25531914893617,3.9800995024875614,33.84615384615385
04-20-03,32.62518968133536,90.0,23.88059701492537,16.573033707865168,25.892857142857142,35.294117647058826,0.0,100.0,94.9640287769784,76.0,36.92307692307693,4.25531914893617,1.4925373134328357,33.84615384615385
04-20-04,32.92867981790592,90.0,20.8955223880597,18.820224719101123,24.107142857142858,31.61764705882353,0.0,100.0,94.9640287769784,76.0,38.46153846153847,4.25531914893617,1.4925373134328357,33.84615384615385
04-20-05,32.77693474962064,90.0,17.91044776119403,21.06741573033708,23.214285714285715,35.294117647058826,0.0,100.0,94.9640287769784,76.0,46.15384615384615,4.25531914893617,8.45771144278607,33.84615384615385
04-20-06,35.204855842185125,90.0,32.83582089552239,20.50561797752809,25.0,37.5,0.0,100.0,94.9640287769784,76.0,50.76923076923077,4.25531914893617,10.44776119402985,33.84615384615385
04-20-07,41.27465857359636,90.0,32.83582089552239,20.786516853932586,25.892857142857142,39.70588235294117,0.0,100.0,94.9640287769784,76.0,44.61538461538462,10.638297872340424,8.45771144278607,35.38461538461539
04-20-08,57.96661608497724,90.0,20.8955223880597,22.191011235955056,27.67857142857143,45.588235294117645,0.0,100.0,94.9640287769784,76.0,63.07692307692307,12.76595744680851,2.985074626865672,40.0
04-20-09,70.40971168437025,90.0,26.86567164179105,25.280898876404496,32.142857142857146,44.11764705882353,0.0,100.0,94.9640287769784,76.0,60.0,8.51063829787234,0.9950248756218906,46.15384615384615
04-20-10,84.67374810318664,90.0,26.86567164179105,25.0,36.60714285714285,50.73529411764706,0.0,100.0,94.9640287769784,76.0,64.61538461538461,23.404255319148938,2.4875621890547266,49.23076923076923
04-20-11,90.74355083459788,90.0,32.83582089552239,25.842696629213485,38.392857142857146,55.14705882352941,0.0,100.0,94.9640287769784,76.0,63.07692307692307,27.659574468085108,4.477611940298507,53.84615384615385
04-20-12,81.03186646433991,90.0,35.82089552238806,26.685393258426966,41.96428571428572,53.67647058823529,0.0,100.0,94.9640287769784,76.0,50.76923076923077,27.659574468085108,5.970149253731343,58.46153846153847
04-20-13,78.45220030349014,90.0,37.3134328358209,30.89887640449438,40.17857142857143,61.76470588235294,0.0,100.0,94.9640287769784,76.0,53.84615384615385,40.42553191489361,0.4975124378109453,52.30769230769232
04-20-14,83.91502276176024,90.0,25.37313432835821,35.674157303370784,48.21428571428572,65.44117647058823,0.0,100.0,94.9640287769784,76.0,55.38461538461539,34.04255319148936,2.4875621890547266,60.0
04-20-15,77.54172989377845,90.0,25.37313432835821,34.55056179775281,50.89285714285714,76.47058823529412,0.0,100.0,94.9640287769784,76.0,66.15384615384615,31.91489361702128,4.975124378109453,58.46153846153847
04-20-16,70.25796661608497,90.0,25.37313432835821,36.235955056179776,53.57142857142857,71.32352941176471,0.0,100.0,94.9640287769784,76.0,64.61538461538461,29.78723404255319,7.960199004975125,56.92307692307692
04-20-17,53.86949924127465,90.0,10.44776119402985,26.685393258426966,41.07142857142857,58.08823529411765,0.0,100.0,94.9640287769784,76.0,63.07692307692307,23.404255319148938,3.482587064676617,52.30769230769232
04-20-18,45.068285280728375,90.0,20.8955223880597,20.50561797752809,41.07142857142857,50.0,0.0,100.0,94.9640287769784,76.0,58.46153846153847,23.404255319148938,7.462686567164178,49.23076923076923
04-20-19,41.12291350531108,90.0,13.432835820895525,20.224719101123597,52.67857142857143,50.0,0.0,100.0,94.9640287769784,76.0,47.69230769230769,23.404255319148938,13.432835820895525,43.07692307692308
04-20-20,41.27465857359636,90.0,26.86567164179105,21.629213483146067,62.5,55.88235294117647,0.0,100.0,94.9640287769784,76.0,50.76923076923077,19.148936170212767,11.940298507462686,38.46153846153847
04-20-21,40.51593323216996,90.0,31.343283582089555,28.370786516853936,76.78571428571429,74.26470588235294,0.0,100.0,94.9640287769784,76.0,43.07692307692308,19.148936170212767,5.970149253731343,41.53846153846154
04-20-22,37.7845220030349,90.0,35.82089552238806,29.21348314606741,64.28571428571429,70.58823529411765,0.0,100.0,94.9640287769784,76.0,38.46153846153847,10.638297872340424,4.477611940298507,40.0
04-20-23,35.66009104704097,90.0,28.35820895522388,23.876404494382022,48.21428571428572,63.97058823529412,0.0,100.0,94.9640287769784,76.0,38.46153846153847,10.638297872340424,4.477611940298507,35.38461538461539
04-21-00,33.8391502276176,90.0,20.8955223880597,12.921348314606742,44.642857142857146,39.70588235294117,0.0,100.0,94.9640287769784,76.0,33.84615384615385,2.127659574468085,3.9800995024875614,33.84615384615385
04-21-02,29.438543247344462,90.0,7.462686567164178,0.0,18.75,22.058823529411764,0.0,100.0,94.9640287769784,76.0,38.46153846153847,2.127659574468085,3.482587064676617,35.38461538461539
04-21-03,29.438543247344462,90.0,8.955223880597014,0.0,17.857142857142858,19.852941176470587,0.0,100.0,94.9640287769784,76.0,38.46153846153847,2.127659574468085,1.4925373134328357,35.38461538461539
04-21-04,29.74203338391502,90.0,5.970149253731343,0.0,18.75,17.647058823529413,0.0,100.0,94.9640287769784,76.0,38.46153846153847,2.127659574468085,1.4925373134328357,35.38461538461539
04-21-05,29.590288315629746,90.0,0.0,0.0,17.857142857142858,18.38235294117647,0.0,100.0,94.9640287769784,76.0,43.07692307692308,2.127659574468085,1.9900497512437807,38.46153846153847
04-21-06,31.41122913505311,90.0,0.0,0.0,18.75,16.176470588235293,0.0,100.0,94.9640287769784,76.0,49.23076923076923,2.127659574468085,10.945273631840797,35.38461538461539
04-21-08,67.83004552352048,90.0,47.76119402985074,26.96629213483146,27.67857142857143,48.52941176470589,0.0,100.0,94.9640287769784,76.0,47.69230769230769,14.893617021276595,2.985074626865672,47.69230769230769
04-21-09,81.33535660091047,90.0,46.26865671641791,23.876404494382022,31.25,57.35294117647059,0.0,100.0,94.9640287769784,76.0,53.84615384615385,34.04255319148936,1.4925373134328357,52.30769230769232
04-21-10,84.9772382397572,90.0,43.28358208955223,25.842696629213485,28.57142857142857,63.23529411764706,0.0,100.0,94.9640287769784,76.0,55.38461538461539,40.42553191489361,2.4875621890547266,58.46153846153847
04-21-11,77.38998482549317,90.0,49.25373134328358,28.651685393258425,32.142857142857146,69.11764705882352,0.0,100.0,94.9640287769784,76.0,40.0,42.5531914893617,1.4925373134328357,55.38461538461539
04-21-12,69.65098634294385,90.0,56.71641791044776,34.55056179775281,42.85714285714285,80.88235294117648,0.0,100.0,94.9640287769784,76.0,47.69230769230769,34.04255319148936,1.9900497512437807,53.84615384615385
04-21-13,75.87253414264038,90.0,58.2089552238806,40.73033707865169,61.60714285714286,88.97058823529412,0.0,100.0,94.9640287769784,76.0,49.23076923076923,44.680851063829785,4.975124378109453,53.84615384615385
04-21-14,68.89226100151745,90.0,70.1492537313433,44.38202247191011,66.07142857142857,100.0,0.0,100.0,94.9640287769784,76.0,55.38461538461539,44.680851063829785,6.467661691542288,63.07692307692307
04-21-15,59.48406676783004,90.0,64.17910447761194,46.62921348314607,71.42857142857143,100.0,0.0,100.0,94.9640287769784,76.0,58.46153846153847,31.91489361702128,9.45273631840796,58.46153846153847
04-21-16,49.01365705614568,90.0,59.70149253731343,46.348314606741575,64.28571428571429,95.58823529411764,0.0,100.0,94.9640287769784,76.0,64.61538461538461,36.17021276595745,8.955223880597014,47.69230769230769
04-21-17,41.88163884673748,90.0,64.17910447761194,38.764044943820224,68.75,88.23529411764706,0.0,100.0,94.9640287769784,76.0,58.46153846153847,46.80851063829788,6.965174129353234,49.23076923076923
